职位id,关系,城市
0,,中山
1,,衡水
2,,郑州
3,,梅州
4,,武汉
5,,西安
6,,南昌
7,,遵义
8,,广州
9,,娄底
10,,南阳
11,,铜仁
12,,深圳
13,,长春
14,,郑州
15,,上海
16,,杭州
17,,潮州
18,,贵阳
19,,泉州
20,,深圳
21,,玉林
22,,南昌
23,,南京
24,,遵义
25,,无锡
26,,西安
27,,福州
28,,西安
29,,保定
30,,北海
31,,长春
32,,佛山
33,,龙岩
34,,长春
35,,广州
36,,无锡
37,,广元
38,,福州
39,,石家庄
40,,抚顺
41,,广州
42,,广州
43,,南京
44,,西安
45,,重庆
46,,
47,,深圳
48,,南昌
49,,洛阳
50,,鞍山
51,,大连
52,,晋城
53,,衢州
54,,武汉
55,,杭州
56,,南宁
57,,安庆
58,,南昌
59,,武汉
60,,北京
61,,开封
62,,济宁
63,,太原
64,,重庆
65,,包头
66,,成都
67,,重庆
68,,北京
69,,镇江
70,,自贡
71,,宿州
72,,武汉
73,,东营
74,,石家庄
75,,厦门
76,,焦作
77,,佛山
78,,成都
79,,南宁
80,,澄迈
81,,南阳
82,,长春
83,,柳州
84,,揭阳
85,,肇庆
86,,成都
87,,青岛
88,,杭州
89,,宜昌
90,,南平
91,,重庆
92,,福州
93,,南昌
94,,朝阳
95,,宁波
96,,大理
97,,金华
98,,深圳
99,,舟山
100,,滨州
101,,中山
102,,杭州
103,,泸州
104,,南昌
105,,西安
106,,太原
107,,南昌
108,,南宁
109,,嘉兴
110,,商洛
111,,广元
112,,沈阳
113,,深圳
114,,青岛
115,,珠海
116,,深圳
117,,新余
118,,秦皇
119,,南京
120,,惠州
121,,石家庄
122,,通化
123,,杭州
124,,深圳
125,,金华
126,,商洛
127,,秦皇
128,,沈阳
129,,惠州
130,,长春
131,,邢台
132,,潮州
133,,马鞍
134,,汉中
135,,大连
136,,西安
137,,自贡
138,,南阳
139,,河池
140,,绍兴
141,,辽源
142,,太原
143,,漳州
144,,成都
145,,成都
146,,咸阳
147,,嘉兴
148,,汕头
149,,盐城
150,,重庆
151,,南昌
152,,太原
153,,福州
154,,长春
155,,深圳
156,,上海
157,,大连
158,,衡阳
159,,石家庄
160,,北京
161,,广州
162,,江门
163,,保定
164,,福州
165,,西安
166,,济宁
167,,重庆
168,,深圳
169,,杭州
170,,邯郸
171,,成都
172,,太原
173,,贵阳
174,,深圳
175,,深圳
176,,哈尔滨
177,,丹东
178,,泉州
179,,绵阳
180,,柳州
181,,揭阳
182,,赣州
183,,杭州
184,,成都
185,,深圳
186,,赤峰
187,,长沙
188,,哈尔滨
189,,东营
190,,成都
191,,沈阳
192,,杭州
193,,大连
194,,石家庄
195,,衡水
196,,唐山
197,,昆明
198,,汕头
199,,福州
200,,南京
201,,郑州
202,,广州
203,,沈阳
204,,大连
205,,南充
206,,东莞
207,,哈尔滨
208,,石家庄
209,,呼和浩特
210,,曲靖
211,,镇江
212,,邯郸
213,,上海
214,,南京
215,,晋城
216,,大同
217,,大连
218,,广元
219,,乌鲁木齐
220,,长沙
221,,包头
222,,邢台
223,,成都
224,,邯郸
225,,包头
226,,福州
227,,朝阳
228,,上海
229,,盐城
230,,成都
231,,运城
232,,焦作
233,,无锡
234,,衡水
235,,肇庆
236,,襄阳
237,,鞍山
238,,曲靖
239,,北京
240,,福州
241,,南宁
242,,哈尔滨
243,,石家庄
244,,上海
245,,石家庄
246,,成都
247,,咸阳
248,,茂名
249,,南阳
250,,呼和浩特
251,,深圳
252,,南昌
253,,长沙
254,,南京
255,,沈阳
256,,乌鲁木齐
257,,鞍山
258,,沈阳
259,,广州
260,,柳州
261,,南宁
262,,大连
263,,琼海
264,,衡水
265,,石家庄
266,,宁波
267,,泉州
268,,长春
269,,淮北
270,,咸阳
271,,铜仁
272,,商洛
273,,南宁
274,,福州
275,,广州
276,,上海
277,,广州
278,,抚顺
279,,安庆
280,,葫芦
281,,武汉
282,,郑州
283,,南宁
284,,南阳
285,,宿州
286,,广州
287,,西安
288,,襄阳
289,,北京
290,,遵义
291,,嘉兴
292,,鞍山
293,,宜昌
294,,朝阳
295,,德州
296,,南京
297,,长春
298,,成都
299,,肇庆
300,,龙岩
301,,南宁
302,,广元
303,,深圳
304,,武汉
305,,运城
306,,揭阳
307,,重庆
308,,梅州
309,,南昌
310,,潮州
311,,衢州
312,,北京
313,,重庆
314,,金华
315,,成都
316,,潮州
317,,嘉兴
318,,杭州
319,,泸州
320,,宜昌
321,,东营
322,,南京
323,,柳州
324,,滨州
325,,福州
326,,大理
327,,重庆
328,,秦皇
329,,杭州
330,,长春
331,,长春
332,,南昌
333,,南平
334,,娄底
335,,舟山
336,,焦作
337,,无锡
338,,南阳
339,,南昌
340,,广州
341,,中山
342,,开封
343,,佛山
344,,大连
345,,澄迈
346,,太原
347,,哈尔滨
348,,衡水
349,,大连
350,,深圳
351,,南昌
352,,宁波
353,,青岛
354,,通化
355,,南昌
356,,沈阳
357,,珠海
358,,杭州
359,,深圳
360,,西安
361,,上海
362,,绍兴
363,,石家庄
364,,哈尔滨
365,,泉州
366,,上海
367,,呼和浩特
368,,南充
369,,成都
370,,绵阳
371,,东莞
372,,南京
373,,邢台
374,,江门
375,,大连
376,,宁波
377,,焦作
378,,厦门
379,,昆明
380,,长沙
381,,长沙
382,,长春
383,,运城
384,,鞍山
385,,石家庄
386,,嘉兴
387,,成都
388,,南昌
389,,广州
390,,邢台
391,,盐城
392,,曲靖
393,,马鞍
394,,郑州
395,,成都
396,,中山
397,,沈阳
398,,重庆
399,,成都
400,,丹东
401,,北京
402,,深圳
403,,福州
404,,深圳
405,,大同
406,,南阳
407,,昆明
408,,海口
409,,大连
410,,保定
411,,东营
412,,漳州
413,,大连
414,,石家庄
415,,贵阳
416,,福州
417,,深圳
418,,邯郸
419,,包头
420,,重庆
421,,南京
422,,衡水
423,,哈尔滨
424,,上海
425,,广元
426,,南昌
427,,柳州
428,,武汉
429,,哈尔滨
430,,福州
431,,西安
432,,大连
433,,阜阳
434,,唐山
435,,赤峰
436,,石家庄
437,,成都
438,,杭州
439,,成都
440,,茂名
441,,汕头
442,,大连
443,,嘉兴
444,,赣州
445,,深圳
446,,南宁
447,,石家庄
448,,咸阳
449,,大连
450,,四平
451,,杭州
452,,
453,,成都
454,,东营
455,,南昌
456,,广州
457,,广州
458,,武汉
459,,包头
460,,呼和浩特
461,,三门
462,,镇江
463,,北京
464,,南昌
465,,深圳
466,,无锡
467,,上海
468,,盐城
469,,太原
470,,石家庄
471,,淮北
472,,大同
473,,汉中
474,,曲靖
475,,泉州
476,,南昌
477,,资阳
478,,商丘
479,,临汾
480,,南宁
481,,淮北
482,,东莞
483,,南宁
484,,重庆
485,,乐山
486,,哈尔滨
487,,长春
488,,银川
489,,成都
490,,广州
491,,海口
492,,铁岭
493,,石家庄
494,,珠海
495,,苏州
496,,太原
497,,长春
498,,晋城
499,,朝阳
500,,宁德
501,,成都
502,,银川
503,,重庆
504,,沈阳
505,,西安
506,,广州
507,,广州
508,,南宁
509,,洛阳
510,,九江
511,,衡水
512,,驻马
513,,石家庄
514,,鞍山
515,,莆田
516,,温州
517,,西安
518,,吉安
519,,常德
520,,郑州
521,,杭州
522,,乌鲁木齐
523,,晋城
524,,武汉
525,,洛阳
526,,大连
527,,温州
528,,青岛
529,,柳州
530,,西安
531,,龙岩
532,,永州
533,,重庆
534,,漳州
535,,福州
536,,郴州
537,,南宁
538,,晋城
539,,洛阳
540,,宁波
541,,运城
542,,三门
543,,长沙
544,,湛江
545,,锡林
546,,十堰
547,,宁波
548,,广元
549,,东营
550,,南宁
551,,石家庄
552,,泸州
553,,淮北
554,,成都
555,,河源
556,,十堰
557,,汕头
558,,长沙
559,,运城
560,,无锡
561,,淄博
562,,哈尔滨
563,,沧州
564,,长春
565,,邯郸
566,,锦州
567,,赤峰
568,,泰安
569,,汕头
570,,忻州
571,,大同
572,,梅州
573,,贵阳
574,,濮阳
575,,江门
576,,洛阳
577,,保定
578,,大庆
579,,太原
580,,宁波
581,,邢台
582,,赣州
583,,新乡
584,,日照
585,,吉林
586,,岳阳
587,,上饶
588,,邯郸
589,,唐山
590,,南阳
591,,恩施
592,,荆门
593,,茂名
594,,泉州
595,,延边
596,,深圳
597,,徐州
598,,沧州
599,,哈尔滨
600,,运城
601,,日照
602,,福州
603,,赣州
604,,天津
605,,银川
606,,潍坊
607,,梅州
608,,安庆
609,,桂林
610,,洛阳
611,,福州
612,,石家庄
613,,龙岩
614,,张家
615,,平顶
616,,商丘
617,,潮州
618,,西安
619,,东营
620,,张家
621,,赣州
622,,江门
623,,江门
624,,徐州
625,,石家庄
626,,常州
627,,恩施
628,,七台
629,,运城
630,,宿迁
631,,马鞍
632,,太原
633,,汕头
634,,合肥
635,,保定
636,,珠海
637,,哈尔滨
638,,珠海
639,,扬州
640,,湛江
641,,哈尔滨
642,,江门
643,,郑州
644,,深圳
645,,商丘
646,,杭州
647,,太原
648,,衡阳
649,,秦皇
650,,南宁
651,,焦作
652,,泰安
653,,绍兴
654,,蚌埠
655,,珠海
656,,唐山
657,,广州
658,,中山
659,,临沂
660,,嘉兴
661,,徐州
662,,保定
663,,呼和浩特
664,,武汉
665,,江门
666,,石家庄
667,,晋城
668,,日照
669,,承德
670,,衡阳
671,,昆明
672,,唐山
673,,平顶
674,,潍坊
675,,南昌
676,,日照
677,,扬州
678,,佛山
679,,深圳
680,,宜昌
681,,扬州
682,,贵阳
683,,银川
684,,
685,,惠州
686,,太原
687,,广州
688,,通辽
689,,廊坊
690,,洛阳
691,,江门
692,,台州
693,,潍坊
694,,宜春
695,,银川
696,,衡阳
697,,长沙
698,,广州
699,,扬州
700,,邯郸
701,,秦皇
702,,石家庄
703,,长治
704,,唐山
705,,南阳
706,,大庆
707,,株洲
708,,成都
709,,衡阳
710,,潍坊
711,,烟台
712,,惠州
713,,南阳
714,,杭州
715,,衡水
716,,洛阳
717,,徐州
718,,沈阳
719,,包头
720,,韶关
721,,吉林
722,,衡阳
723,,乌鲁木齐
724,,洛阳
725,,宁德
726,,徐州
727,,
728,,乌鲁木齐
729,,日照
730,,汕头
731,,徐州
732,,泰安
733,,武汉
734,,贵阳
735,,南京
736,,徐州
737,,南昌
738,,晋中
739,,南昌
740,,贵阳
741,,株洲
742,,鞍山
743,,成都
744,,贵阳
745,,徐州
746,,大同
747,,南昌
748,,洛阳
749,,郑州
750,,株洲
751,,临沂
752,,兰州
753,,南宁
754,,大连
755,,芜湖
756,,株洲
757,,西安
758,,安阳
759,,南阳
760,,晋中
761,,北海
762,,临沂
763,,昆明
764,,成都
765,,日照
766,,无锡
767,,南昌
768,,邯郸
769,,长春
770,,广州
771,,温州
772,,武汉
773,,沈阳
774,,商丘
775,,无锡
776,,成都
777,,广州
778,,海口
779,,长沙
780,,杭州
781,,汕头
782,,衡水
783,,徐州
784,,银川
785,,太原
786,,太原
787,,
788,,珠海
789,,哈尔滨
790,,梅州
791,,十堰
792,,徐州
793,,福州
794,,泰安
795,,武汉
796,,徐州
797,,重庆
798,,江门
799,,宿迁
800,,舟山
801,,徐州
802,,杭州
803,,滨州
804,,苏州
805,,惠州
806,,唐山
807,,南昌
808,,常州
809,,贵阳
810,,常州
811,,衡阳
812,,南昌
813,,临沂
814,,海口
815,,徐州
816,,泰安
817,,潍坊
818,,唐山
819,,石家庄
820,,徐州
821,,深圳
822,,无锡
823,,北京
824,,娄底
825,,西安
826,,襄阳
827,,温州
828,,昆明
829,,嘉兴
830,,徐州
831,,通辽
832,,天津
833,,徐州
834,,南宁
835,,徐州
836,,珠海
837,,武汉
838,,徐州
839,,玉溪
840,,长沙
841,,滨州
842,,十堰
843,,株洲
844,,温州
845,,重庆
846,,贵阳
847,,无锡
848,,徐州
849,,西安
850,,大连
851,,烟台
852,,杭州
853,,广州
854,,重庆
855,,惠州
856,,马鞍
857,,蚌埠
858,,佛山
859,,大同
860,,深圳
861,,无锡
862,,淄博
863,,南通
864,,烟台
865,,西安
866,,温州
867,,厦门
868,,南京
869,,长沙
870,,石家庄
871,,徐州
872,,绍兴
873,,徐州
874,,南宁
875,,邯郸
876,,沈阳
877,,南昌
878,,昆明
879,,南宁
880,,泰安
881,,昆明
882,,宁波
883,,昆明
884,,徐州
885,,衢州
886,,宁波
887,,台州
888,,西安
889,,徐州
890,,温州
891,,石家庄
892,,德阳
893,,徐州
894,,南宁
895,,成都
896,,青岛
897,,柳州
898,,南阳
899,,佛山
900,,合肥
901,,徐州
902,,赣州
903,,惠州
904,,宁波
905,,重庆
906,,镇江
907,,重庆
908,,洛阳
909,,杭州
910,,徐州
911,,连云
912,,长沙
913,,南通
914,,无锡
915,,徐州
916,,上海
917,,福州
918,,桂林
919,,温州
920,,滨州
921,,广州
922,,廊坊
923,,南通
924,,徐州
925,,莆田
926,,日照
927,,威海
928,,徐州
929,,泉州
930,,成都
931,,南通
932,,鞍山
933,,阿克
934,,重庆
935,,深圳
936,,沈阳
937,,徐州
938,,杭州
939,,北海
940,,潍坊
941,,成都
942,,呼和浩特
943,,保定
944,,徐州
945,,石家庄
946,,海口
947,,徐州
948,,武汉
949,,南京
950,,武汉
951,,徐州
952,,太原
953,,苏州
954,,广州
955,,北京
956,,镇江
957,,武汉
958,,赤峰
959,,梅州
960,,郑州
961,,徐州
962,,大庆
963,,深圳
964,,徐州
965,,广州
966,,徐州
967,,广州
968,,漳州
969,,石家庄
970,,上海
971,,中山
972,,徐州
973,,宜昌
974,,温州
975,,徐州
976,,东莞
977,,徐州
978,,徐州
979,,徐州
980,,泉州
981,,成都
982,,郑州
983,,桂林
984,,徐州
985,,无锡
986,,徐州
987,,大连
988,,武汉
989,,台州
990,,邯郸
991,,遵义
992,,无锡
993,,阜阳
994,,上海
995,,邢台
996,,江苏
997,,武汉
998,,大连
999,,徐州
1000,,重庆
1001,,大同
1002,,大连
1003,,常州
1004,,池州
1005,,沈阳
1006,,武汉
1007,,徐州
1008,,济宁
1009,,潍坊
1010,,徐州
1011,,长沙
1012,,无锡
1013,,南京
1014,,邢台
1015,,徐州
1016,,珠海
1017,,西安
1018,,重庆
1019,,日照
1020,,江门
1021,,泉州
1022,,新乡
1023,,济南
1024,,上海
1025,,徐州
1026,,广州
1027,,徐州
1028,,佛山
1029,,徐州
1030,,盐城
1031,,徐州
1032,,徐州
1033,,杭州
1034,,徐州
1035,,乌鲁木齐
1036,,徐州
1037,,佛山
1038,,徐州
1039,,徐州
1040,,烟台
1041,,徐州
1042,,佛山
1043,,西安
1044,,阜阳
1045,,无锡
1046,,柳州
1047,,佛山
1048,,
1049,,哈尔滨
1050,,武汉
1051,,保定
1052,,贵阳
1053,,连云
1054,,上海
1055,,南京
1056,,廊坊
1057,,郑州
1058,,佛山
1059,,廊坊
1060,,北京
1061,,日照
1062,,滨州
1063,,杭州
1064,,北京
1065,,徐州
1066,,上海
1067,,徐州
1068,,成都
1069,,南京
1070,,佛山
1071,,西安
1072,,济南
1073,,盐城
1074,,深圳
1075,,深圳
1076,,龙岩
1077,,珠海
1078,,乌鲁木齐
1079,,西安
1080,,上海
1081,,武汉
1082,,武汉
1083,,深圳
1084,,徐州
1085,,无锡
1086,,湖州
1087,,无锡
1088,,福州
1089,,西宁
1090,,泉州
1091,,长沙
1092,,北京
1093,,杭州
1094,,绍兴
1095,,上海
1096,,南京
1097,,上海
1098,,鞍山
1099,,无锡
1100,,金华
1101,,无锡
1102,,佛山
1103,,东莞
1104,,杭州
1105,,南京
1106,,天津
1107,,上海
1108,,金华
1109,,海口
1110,,北京
1111,,郑州
1112,,长春
1113,,青岛
1114,,常州
1115,,常州
1116,,徐州
1117,,泉州
1118,,苏州
1119,,深圳
1120,,武汉
1121,,北京
1122,,上海
1123,,杭州
1124,,广州
1125,,武汉
1126,,上海
1127,,徐州
1128,,成都
1129,,雅安
1130,,郑州
1131,,徐州
1132,,深圳
1133,,重庆
1134,,长春
1135,,西安
1136,,成都
1137,,杭州
1138,,海口
1139,,昆明
1140,,大庆
1141,,宜昌
1142,,上海
1143,,珠海
1144,,杭州
1145,,乌鲁木齐
1146,,盐城
1147,,深圳
1148,,广州
1149,,杭州
1150,,武汉
1151,,广州
1152,,南京
1153,,淄博
1154,,重庆
1155,,大连
1156,,泉州
1157,,广州
1158,,武汉
1159,,宁德
1160,,南京
1161,,北京
1162,,杭州
1163,,北京
1164,,徐州
1165,,珠海
1166,,芜湖
1167,,北京
1168,,广州
1169,,苏州
1170,,兰州
1171,,珠海
1172,,长沙
1173,,沈阳
1174,,北京
1175,,北京
1176,,上海
1177,,广州
1178,,合肥
1179,,武汉
1180,,常州
1181,,长春
1182,,大连
1183,,珠海
1184,,青岛
1185,,南阳
1186,,成都
1187,,南京
1188,,上海
1189,,成都
1190,,青岛
1191,,成都
1192,,南京
1193,,海口
1194,,深圳
1195,,广州
1196,,金华
1197,,广州
1198,,广州
1199,,深圳
1200,,福州
1201,,北京
1202,,沈阳
1203,,珠海
1204,,南京
1205,,济南
1206,,上海
1207,,杭州
1208,,上海
1209,,北京
1210,,宜宾
1211,,广州
1212,,重庆
1213,,上海
1214,,上海
1215,,西安
1216,,莆田
1217,,福州
1218,,上海
1219,,重庆
1220,,成都
1221,,佛山
1222,,广州
1223,,南京
1224,,苏州
1225,,南京
1226,,盐城
1227,,南京
1228,,保定
1229,,海口
1230,,徐州
1231,,天津
1232,,上海
1233,,南京
1234,,南通
1235,,苏州
1236,,石家庄
1237,,郑州
1238,,邯郸
1239,,武汉
1240,,南宁
1241,,武汉
1242,,广州
1243,,上海
1244,,东莞
1245,,石家庄
1246,,上海
1247,,潍坊
1248,,上海
1249,,成都
1250,,北京
1251,,长沙
1252,,武汉
1253,,西安
1254,,广州
1255,,上海
1256,,杭州
1257,,惠州
1258,,重庆
1259,,石家庄
1260,,杭州
1261,,合肥
1262,,杭州
1263,,上海
1264,,杭州
1265,,厦门
1266,,南宁
1267,,佛山
1268,,北京
1269,,深圳
1270,,上海
1271,,宁波
1272,,汕头
1273,,南京
1274,,上海
1275,,武汉
1276,,重庆
1277,,深圳
1278,,深圳
1279,,上海
1280,,东莞
1281,,北京
1282,,上海
1283,,长沙
1284,,深圳
1285,,上海
1286,,上海
1287,,新乡
1288,,南昌
1289,,无锡
1290,,南京
1291,,西安
1292,,武汉
1293,,杭州
1294,,福州
1295,,成都
1296,,温州
1297,,深圳
1298,,北京
1299,,杭州
1300,,上海
1301,,青岛
1302,,北京
1303,,北京
1304,,深圳
1305,,杭州
1306,,北京
1307,,东营
1308,,珠海
1309,,福州
1310,,广州
1311,,上海
1312,,北京
1313,,
1314,,合肥
1315,,上海
1316,,北京
1317,,上海
1318,,广州
1319,,上海
1320,,
1321,,上海
1322,,
1323,,深圳
1324,,北京
1325,,南京
1326,,北京
1327,,上海
1328,,北海
1329,,杭州
1330,,北京
1331,,
1332,,杭州
1333,,深圳
1334,,上海
1335,,北京
1336,,广州
1337,,临沂
1338,,深圳
1339,,宁波
1340,,厦门
1341,,苏州
1342,,
1343,,武汉
1344,,
1345,,北京
1346,,北京
1347,,成都
1348,,深圳
1349,,
1350,,北京
1351,,杭州
1352,,
1353,,
1354,,
1355,,苏州
1356,,
1357,,南京
1358,,南通
1359,,杭州
1360,,佛山
1361,,深圳
1362,,
1363,,杭州
1364,,深圳
1365,,
1366,,
1367,,
1368,,杭州
1369,,北京
1370,,
1371,,上海
1372,,重庆
1373,,
1374,,北京
1375,,杭州
1376,,广州
1377,,重庆
1378,,
1379,,杭州
1380,,北京
1381,,深圳
1382,,福州
1383,,上海
1384,,
1385,,北京
1386,,深圳
1387,,广州
1388,,南京
1389,,上海
1390,,
1391,,北京
1392,,成都
1393,,上海
1394,,
1395,,上海
1396,,
1397,,合肥
1398,,广州
1399,,
1400,,郑州
1401,,广州
1402,,
1403,,杭州
1404,,南通
1405,,广州
1406,,杭州
1407,,杭州
1408,,广州
1409,,重庆
1410,,
1411,,
1412,,福州
1413,,武汉
1414,,北京
1415,,深圳
1416,,佛山
1417,,北京
1418,,
1419,,
1420,,
1421,,北京
1422,,北京
1423,,上海
1424,,北京
1425,,重庆
1426,,北京
1427,,广州
1428,,合肥
1429,,杭州
1430,,广州
1431,,
1432,,杭州
1433,,北京
1434,,上海
1435,,
1436,,杭州
1437,,
1438,,上海
1439,,宁波
1440,,大连
1441,,上海
1442,,武汉
1443,,深圳
1444,,深圳
1445,,深圳
1446,,北京
1447,,杭州
1448,,深圳
1449,,
1450,,
1451,,
1452,,济南
1453,,杭州
1454,,
1455,,廊坊
1456,,北京
1457,,杭州
1458,,深圳
1459,,上海
1460,,南京
1461,,北京
1462,,北京
1463,,深圳
1464,,北京
1465,,佛山
1466,,北京
1467,,北京
1468,,大连
1469,,上海
1470,,上海
1471,,上海
1472,,深圳
1473,,福州
1474,,杭州
1475,,长春
1476,,深圳
1477,,
1478,,上海
1479,,上海
1480,,深圳
1481,,成都
1482,,深圳
1483,,长沙
1484,,成都
1485,,杭州
1486,,杭州
1487,,北京
1488,,广州
1489,,合肥
1490,,
1491,,
1492,,鄂尔多斯
1493,,北京
1494,,
1495,,金华
1496,,
1497,,南京
1498,,
1499,,北京
1500,,深圳
1501,,上饶
1502,,上海
1503,,北京
1504,,深圳
1505,,重庆
1506,,长沙
1507,,上海
1508,,北京
1509,,上海
1510,,上海
1511,,深圳
1512,,北京
1513,,北京
1514,,杭州
1515,,上海
1516,,南京
1517,,北京
1518,,深圳
1519,,
1520,,杭州
1521,,上海
1522,,北京
1523,,杭州
1524,,深圳
1525,,北京
1526,,上海
1527,,杭州
1528,,上海
1529,,深圳
1530,,武汉
1531,,广州
1532,,杭州
1533,,杭州
1534,,北京
1535,,上海
1536,,上海
1537,,北京
1538,,杭州
1539,,杭州
1540,,
1541,,
1542,,南京
1543,,上海
1544,,上海
1545,,杭州
1546,,佛山
1547,,上海
1548,,杭州
1549,,深圳
1550,,上海
1551,,深圳
1552,,广州
1553,,西安
1554,,常州
1555,,沈阳
1556,,成都
1557,,北京
1558,,
1559,,深圳
1560,,杭州
1561,,
1562,,上海
1563,,福州
1564,,锦州
1565,,巴彦
1566,,泰安
1567,,德阳
1568,,张家
1569,,新余
1570,,锦州
1571,,枣庄
1572,,忻州
1573,,长治
1574,,海口
1575,,重庆
1576,,鹤壁
1577,,长治
1578,,合肥
1579,,晋城
1580,,邯郸
1581,,包头
1582,,吕梁
1583,,吉林
1584,,长春
1585,,济南
1586,,西安
1587,,长沙
1588,,松原
1589,,天水
1590,,梧州
1591,,呼和浩特
1592,,佛山
1593,,黄冈
1594,,阜阳
1595,,唐山
1596,,哈尔滨
1597,,平顶
1598,,沈阳
1599,,营口
1600,,朝阳
1601,,呼和浩特
1602,,渭南
1603,,亳州
1604,,揭阳
1605,,运城
1606,,长治
1607,,扬州
1608,,潮州
1609,,鸡西
1610,,成都
1611,,临汾
1612,,襄阳
1613,,白城
1614,,西安
1615,,青岛
1616,,亳州
1617,,
1618,,兰州
1619,,揭阳
1620,,福州
1621,,吉安
1622,,成都
1623,,承德
1624,,张家
1625,,银川
1626,,合肥
1627,,青岛
1628,,扬州
1629,,晋城
1630,,潮州
1631,,中山
1632,,商丘
1633,,咸阳
1634,,赤峰
1635,,石家庄
1636,,天津
1637,,包头
1638,,晋城
1639,,大同
1640,,秦皇
1641,,南充
1642,,沈阳
1643,,牡丹
1644,,沈阳
1645,,吉林
1646,,潮州
1647,,武汉
1648,,信阳
1649,,盘锦
1650,,哈尔滨
1651,,曲靖
1652,,赤峰
1653,,益阳
1654,,亳州
1655,,石家庄
1656,,杭州
1657,,西安
1658,,赣州
1659,,衡阳
1660,,四平
1661,,普洱
1662,,佳木
1663,,济宁
1664,,沈阳
1665,,咸阳
1666,,阜阳
1667,,德宏
1668,,晋中
1669,,太原
1670,,鞍山
1671,,淄博
1672,,铁岭
1673,,南阳
1674,,北京
1675,,大同
1676,,郑州
1677,,南宁
1678,,琼海
1679,,晋中
1680,,阜阳
1681,,江门
1682,,北京
1683,,承德
1684,,丹东
1685,,吉林
1686,,南充
1687,,杭州
1688,,秦皇
1689,,运城
1690,,南宁
1691,,武汉
1692,,滨州
1693,,长春
1694,,长治
1695,,驻马
1696,,张家
1697,,鸡西
1698,,马鞍
1699,,安庆
1700,,济源
1701,,汉中
1702,,长春
1703,,长春
1704,,厦门
1705,,南阳
1706,,泉州
1707,,许昌
1708,,太原
1709,,邯郸
1710,,晋城
1711,,太原
1712,,呼和浩特
1713,,临汾
1714,,晋中
1715,,临汾
1716,,长治
1717,,淮南
1718,,衡阳
1719,,通辽
1720,,郑州
1721,,亳州
1722,,黔南
1723,,海口
1724,,长春
1725,,呼和浩特
1726,,西安
1727,,西安
1728,,忻州
1729,,石家庄
1730,,锦州
1731,,泸州
1732,,酒泉
1733,,南阳
1734,,连云
1735,,衡水
1736,,阜阳
1737,,青岛
1738,,凉山
1739,,衡水
1740,,邯郸
1741,,巴彦
1742,,龙岩
1743,,晋中
1744,,兰州
1745,,张掖
1746,,晋城
1747,,太原
1748,,包头
1749,,吕梁
1750,,邯郸
1751,,福州
1752,,乌鲁木齐
1753,,承德
1754,,忻州
1755,,南充
1756,,铁岭
1757,,曲靖
1758,,东营
1759,,西安
1760,,平顶
1761,,常州
1762,,大连
1763,,邯郸
1764,,滨州
1765,,丹东
1766,,新乡
1767,,呼和浩特
1768,,丹东
1769,,商丘
1770,,盘锦
1771,,安庆
1772,,大同
1773,,常州
1774,,泰安
1775,,开封
1776,,唐山
1777,,呼和浩特
1778,,西安
1779,,漳州
1780,,呼和浩特
1781,,邯郸
1782,,邵阳
1783,,邯郸
1784,,济宁
1785,,锦州
1786,,仙桃
1787,,唐山
1788,,三亚
1789,,南宁
1790,,内江
1791,,西宁
1792,,秦皇
1793,,九江
1794,,忻州
1795,,秦皇
1796,,西宁
1797,,南阳
1798,,邯郸
1799,,盐城
1800,,铜川
1801,,呼和浩特
1802,,赤峰
1803,,六盘
1804,,海口
1805,,沧州
1806,,陵水
1807,,大连
1808,,凉山
1809,,南通
1810,,包头
1811,,马鞍
1812,,柳州
1813,,丹东
1814,,鞍山
1815,,玉林
1816,,北京
1817,,海口
1818,,深圳
1819,,南宁
1820,,淄博
1821,,三门
1822,,青岛
1823,,北海
1824,,邵阳
1825,,烟台
1826,,丹东
1827,,湖州
1828,,长沙
1829,,崇左
1830,,南平
1831,,西安
1832,,哈尔滨
1833,,濮阳
1834,,梧州
1835,,淮南
1836,,洛阳
1837,,温州
1838,,汕头
1839,,金华
1840,,深圳
1841,,重庆
1842,,泰安
1843,,邯郸
1844,,郑州
1845,,洛阳
1846,,廊坊
1847,,保定
1848,,汕头
1849,,东莞
1850,,南京
1851,,钦州
1852,,武威
1853,,潍坊
1854,,泉州
1855,,衢州
1856,,淄博
1857,,长治
1858,,太原
1859,,合肥
1860,,昆明
1861,,常德
1862,,东营
1863,,郑州
1864,,吕梁
1865,,洛阳
1866,,东莞
1867,,烟台
1868,,巴彦
1869,,运城
1870,,南京
1871,,滨州
1872,,茂名
1873,,苏州
1874,,盘锦
1875,,成都
1876,,贵阳
1877,,乌鲁木齐
1878,,潍坊
1879,,长春
1880,,长治
1881,,晋中
1882,,保山
1883,,连云
1884,,青岛
1885,,合肥
1886,,鄂尔多斯
1887,,乌鲁木齐
1888,,聊城
1889,,重庆
1890,,汕头
1891,,石家庄
1892,,济宁
1893,,汕尾
1894,,驻马
1895,,河源
1896,,常州
1897,,楚雄
1898,,赤峰
1899,,昌吉
1900,,成都
1901,,芜湖
1902,,潍坊
1903,,连云
1904,,鄂尔多斯
1905,,兰州
1906,,滨州
1907,,赣州
1908,,衡水
1909,,济宁
1910,,长春
1911,,宁德
1912,,济南
1913,,泉州
1914,,长治
1915,,石家庄
1916,,威海
1917,,广州
1918,,邢台
1919,,宜宾
1920,,赣州
1921,,潍坊
1922,,潍坊
1923,,梧州
1924,,汕头
1925,,滨州
1926,,德宏
1927,,菏泽
1928,,太原
1929,,济南
1930,,太原
1931,,重庆
1932,,重庆
1933,,濮阳
1934,,包头
1935,,眉山
1936,,邢台
1937,,潮州
1938,,江门
1939,,石家庄
1940,,玉林
1941,,菏泽
1942,,徐州
1943,,重庆
1944,,滨州
1945,,石家庄
1946,,枣庄
1947,,哈尔滨
1948,,济南
1949,,珠海
1950,,济宁
1951,,镇江
1952,,合肥
1953,,重庆
1954,,合肥
1955,,池州
1956,,宜宾
1957,,哈尔滨
1958,,天津
1959,,达州
1960,,德宏
1961,,襄阳
1962,,本溪
1963,,赤峰
1964,,长春
1965,,衡水
1966,,合肥
1967,,青岛
1968,,济南
1969,,石家庄
1970,,潍坊
1971,,沈阳
1972,,伊犁
1973,,长沙
1974,,日照
1975,,孝感
1976,,潍坊
1977,,郑州
1978,,晋城
1979,,苏州
1980,,呼和浩特
1981,,临高
1982,,洛阳
1983,,沈阳
1984,,郴州
1985,,沈阳
1986,,咸阳
1987,,宿州
1988,,湘潭
1989,,宝鸡
1990,,忻州
1991,,拉萨
1992,,大理
1993,,淮南
1994,,南平
1995,,吕梁
1996,,咸阳
1997,,乌鲁木齐
1998,,德宏
1999,,濮阳
2000,,济宁
2001,,银川
2002,,天津
2003,,潍坊
2004,,濮阳
2005,,惠州
2006,,天津
2007,,呼和浩特
2008,,银川
2009,,昆明
2010,,郑州
2011,,丽水
2012,,石家庄
2013,,潍坊
2014,,黄石
2015,,烟台
2016,,晋中
2017,,亳州
2018,,泰安
2019,,德州
2020,,保定
2021,,长春
2022,,黔南
2023,,衢州
2024,,合肥
2025,,鞍山
2026,,济南
2027,,青岛
2028,,邢台
2029,,温州
2030,,济宁
2031,,太原
2032,,银川
2033,,海口
2034,,太原
2035,,朔州
2036,,唐山
2037,,铜仁
2038,,济南
2039,,潍坊
2040,,石家庄
2041,,太原
2042,,柳州
2043,,长春
2044,,惠州
2045,,嘉兴
2046,,保定
2047,,长沙
2048,,苏州
2049,,南京
2050,,南京
2051,,银川
2052,,西安
2053,,西安
2054,,大连
2055,,太原
2056,,石家庄
2057,,枣庄
2058,,西安
2059,,黄石
2060,,曲靖
2061,,福州
2062,,呼和浩特
2063,,宿迁
2064,,沧州
2065,,茂名
2066,,佛山
2067,,宝鸡
2068,,广州
2069,,六安
2070,,常州
2071,,厦门
2072,,太原
2073,,常州
2074,,渭南
2075,,盘锦
2076,,成都
2077,,烟台
2078,,东营
2079,,北京
2080,,马鞍
2081,,郑州
2082,,昆明
2083,,丹东
2084,,沈阳
2085,,西安
2086,,邵阳
2087,,泰安
2088,,濮阳
2089,,驻马
2090,,北京
2091,,青岛
2092,,榆林
2093,,滁州
2094,,汕头
2095,,廊坊
2096,,苏州
2097,,成都
2098,,东莞
2099,,乌鲁木齐
2100,,合肥
2101,,嘉兴
2102,,保山
2103,,潍坊
2104,,郑州
2105,,茂名
2106,,泉州
2107,,保定
2108,,泉州
2109,,乌鲁木齐
2110,,鄂尔多斯
2111,,芜湖
2112,,郑州
2113,,乌鲁木齐
2114,,阿克
2115,,潍坊
2116,,福州
2117,,杭州
2118,,中山
2119,,三亚
2120,,焦作
2121,,青岛
2122,,烟台
2123,,连云
2124,,赤峰
2125,,重庆
2126,,滨州
2127,,西安
2128,,宜宾
2129,,鄂尔多斯
2130,,驻马
2131,,石家庄
2132,,河源
2133,,榆林
2134,,泸州
2135,,昌吉
2136,,淮南
2137,,济南
2138,,沈阳
2139,,贵阳
2140,,重庆
2141,,商丘
2142,,拉萨
2143,,常州
2144,,太原
2145,,南通
2146,,石家庄
2147,,汕头
2148,,济宁
2149,,北京
2150,,郑州
2151,,眉山
2152,,汕尾
2153,,石家庄
2154,,苏州
2155,,咸阳
2156,,拉萨
2157,,合肥
2158,,滨州
2159,,邵阳
2160,,济南
2161,,枣庄
2162,,成都
2163,,深圳
2164,,青岛
2165,,苏州
2166,,济宁
2167,,重庆
2168,,丽水
2169,,潍坊
2170,,镇江
2171,,菏泽
2172,,长沙
2173,,石家庄
2174,,潍坊
2175,,海口
2176,,福州
2177,,杭州
2178,,孝感
2179,,菏泽
2180,,潍坊
2181,,沈阳
2182,,晋城
2183,,天津
2184,,保定
2185,,合肥
2186,,忻州
2187,,恩施
2188,,济南
2189,,郑州
2190,,太原
2191,,福州
2192,,沈阳
2193,,武汉
2194,,包头
2195,,济南
2196,,乌鲁木齐
2197,,保定
2198,,威海
2199,,广州
2200,,重庆
2201,,宜宾
2202,,鞍山
2203,,榆林
2204,,济宁
2205,,黔南
2206,,漳州
2207,,太原
2208,,晋中
2209,,濮阳
2210,,枣庄
2211,,北京
2212,,东营
2213,,西宁
2214,,银川
2215,,呼和浩特
2216,,沧州
2217,,济南
2218,,泰安
2219,,贵阳
2220,,天津
2221,,邢台
2222,,湖州
2223,,西安
2224,,石家庄
2225,,福州
2226,,中山
2227,,成都
2228,,深圳
2229,,中山
2230,,宁波
2231,,淮南
2232,,天津
2233,,厦门
2234,,太原
2235,,上海
2236,,呼和浩特
2237,,菏泽
2238,,潍坊
2239,,拉萨
2240,,西安
2241,,潍坊
2242,,天津
2243,,长沙
2244,,威海
2245,,常州
2246,,石家庄
2247,,抚顺
2248,,青岛
2249,,西安
2250,,太原
2251,,上海
2252,,菏泽
2253,,合肥
2254,,南京
2255,,东莞
2256,,石家庄
2257,,宿迁
2258,,成都
2259,,西安
2260,,西宁
2261,,厦门
2262,,郑州
2263,,潍坊
2264,,南京
2265,,苏州
2266,,合肥
2267,,北京
2268,,潍坊
2269,,北京
2270,,嘉兴
2271,,贵阳
2272,,长沙
2273,,烟台
2274,,沧州
2275,,湖州
2276,,杭州
2277,,潍坊
2278,,湖州
2279,,济南
2280,,长沙
2281,,湛江
2282,,潍坊
2283,,南京
2284,,保定
2285,,邢台
2286,,新乡
2287,,杭州
2288,,上海
2289,,西安
2290,,长沙
2291,,淄博
2292,,杭州
2293,,威海
2294,,庆阳
2295,,济南
2296,,青岛
2297,,西宁
2298,,西宁
2299,,拉萨
2300,,深圳
2301,,抚顺
2302,,贵阳
2303,,深圳
2304,,北京
2305,,南京
2306,,
2307,,江门
2308,,北京
2309,,西宁
2310,,南京
2311,,南宁
2312,,天津
2313,,沈阳
2314,,西宁
2315,,天门
2316,,乌鲁木齐
2317,,无锡
2318,,珠海
2319,,大连
2320,,南京
2321,,广州
2322,,苏州
2323,,上海
2324,,聊城
2325,,上海
2326,,成都
2327,,榆林
2328,,
2329,,黔东
2330,,温州
2331,,天津
2332,,肇庆
2333,,广州
2334,,上饶
2335,,福州
2336,,济南
2337,,南京
2338,,苏州
2339,,深圳
2340,,常州
2341,,济南
2342,,绍兴
2343,,合肥
2344,,西宁
2345,,深圳
2346,,巴彦
2347,,武汉
2348,,沈阳
2349,,北京
2350,,绍兴
2351,,嘉兴
2352,,北京
2353,,淄博
2354,,哈尔滨
2355,,合肥
2356,,深圳
2357,,上海
2358,,南京
2359,,厦门
2360,,南通
2361,,上海
2362,,吉林
2363,,苏州
2364,,青岛
2365,,武汉
2366,,佛山
2367,,广州
2368,,太原
2369,,杭州
2370,,西安
2371,,丽水
2372,,苏州
2373,,
2374,,苏州
2375,,北京
2376,,舟山
2377,,杭州
2378,,西宁
2379,,深圳
2380,,广州
2381,,重庆
2382,,杭州
2383,,北京
2384,,上海
2385,,烟台
2386,,哈尔滨
2387,,南京
2388,,佛山
2389,,北京
2390,,深圳
2391,,深圳
2392,,太原
2393,,长沙
2394,,上海
2395,,杭州
2396,,北京
2397,,武汉
2398,,厦门
2399,,上海
2400,,铜陵
2401,,北京
2402,,广州
2403,,天津
2404,,杭州
2405,,南宁
2406,,广州
2407,,杭州
2408,,南昌
2409,,苏州
2410,,北京
2411,,上海
2412,,杭州
2413,,上海
2414,,香港
2415,,东莞
2416,,上海
2417,,石家庄
2418,,广州
2419,,广州
2420,,长沙
2421,,嘉兴
2422,,贵阳
2423,,上海
2424,,南京
2425,,上海
2426,,深圳
2427,,武汉
2428,,上海
2429,,深圳
2430,,广州
2431,,福州
2432,,乌鲁木齐
2433,,肇庆
2434,,厦门
2435,,南京
2436,,太原
2437,,珠海
2438,,东营
2439,,惠州
2440,,上海
2441,,宁德
2442,,深圳
2443,,成都
2444,,上海
2445,,南京
2446,,金华
2447,,上海
2448,,上海
2449,,安顺
2450,,长沙
2451,,上海
2452,,上海
2453,,
2454,,东莞
2455,,苏州
2456,,上海
2457,,南京
2458,,北京
2459,,福州
2460,,北京
2461,,东莞
2462,,广州
2463,,上海
2464,,北京
2465,,南通
2466,,上海
2467,,南京
2468,,北京
2469,,广州
2470,,上海
2471,,上海
2472,,北京
2473,,杭州
2474,,郑州
2475,,菏泽
2476,,潍坊
2477,,常州
2478,,北京
2479,,厦门
2480,,济南
2481,,常州
2482,,广州
2483,,上海
2484,,北京
2485,,北京
2486,,北京
2487,,北京
2488,,天津
2489,,长沙
2490,,淄博
2491,,北京
2492,,广州
2493,,福州
2494,,苏州
2495,,榆林
2496,,合肥
2497,,杭州
2498,,深圳
2499,,广州
2500,,北京
2501,,成都
2502,,北京
2503,,上海
2504,,广州
2505,,北京
2506,,北京
2507,,宁波
2508,,上海
2509,,广州
2510,,惠州
2511,,上海
2512,,北京
2513,,
2514,,
2515,,佛山
2516,,
2517,,
2518,,沈阳
2519,,盐城
2520,,
2521,,
2522,,厦门
2523,,武汉
2524,,深圳
2525,,
2526,,厦门
2527,,
2528,,海口
2529,,徐州
2530,,
2531,,太原
2532,,汕头
2533,,深圳
2534,,
2535,,梅州
2536,,
2537,,
2538,,
2539,,
2540,,
2541,,香港
2542,,
2543,,
2544,,上海
2545,,苏州
2546,,
2547,,北京
2548,,上海
2549,,
2550,,
2551,,
2552,,深圳
2553,,
2554,,上海
2555,,湖州
2556,,
2557,,深圳
2558,,广州
2559,,
2560,,太原
2561,,
2562,,
2563,,
2564,,深圳
2565,,
2566,,上海
2567,,
2568,,
2569,,榆林
2570,,
2571,,
2572,,深圳
2573,,呼和浩特
2574,,重庆
2575,,
2576,,扬州
2577,,
2578,,
2579,,潮州
2580,,
2581,,
2582,,深圳
2583,,
2584,,盐城
2585,,深圳
2586,,
2587,,深圳
2588,,北京
2589,,桂林
2590,,合肥
2591,,广州
2592,,
2593,,
2594,,
2595,,
2596,,
2597,,上海
2598,,
2599,,
2600,,上海
2601,,
2602,,深圳
2603,,
2604,,
2605,,杭州
2606,,
2607,,深圳
2608,,北京
2609,,
2610,,上海
2611,,
2612,,
2613,,北京
2614,,广州
2615,,
2616,,北京
2617,,北京
2618,,
2619,,扬州
2620,,广州
2621,,
2622,,
2623,,广州
2624,,
2625,,
2626,,北京
2627,,上海
2628,,
2629,,
2630,,
2631,,
2632,,
2633,,深圳
2634,,
2635,,深圳
2636,,北京
2637,,
2638,,深圳
2639,,
2640,,上海
2641,,上海
2642,,北京
2643,,
2644,,
2645,,
2646,,
2647,,
2648,,
2649,,上海
2650,,
2651,,
2652,,北京
2653,,
2654,,北京
2655,,上海
2656,,琼海
2657,,北京
2658,,
2659,,
2660,,
2661,,济南
2662,,乌鲁木齐
2663,,
2664,,北京
2665,,上海
2666,,
2667,,
2668,,
2669,,昆明
2670,,
2671,,
2672,,
2673,,永州
2674,,
2675,,
2676,,武汉
2677,,杭州
2678,,武汉
2679,,
2680,,上海
2681,,
2682,,
2683,,北京
2684,,
2685,,
2686,,上海
2687,,西安
2688,,
2689,,莆田
2690,,
2691,,深圳
2692,,
2693,,深圳
2694,,
2695,,
2696,,
2697,,潍坊
2698,,
2699,,上海
2700,,宁波
2701,,
2702,,上海
2703,,上海
2704,,惠州
2705,,北京
2706,,
2707,,上海
2708,,
2709,,
2710,,深圳
2711,,
2712,,
2713,,深圳
2714,,
2715,,
2716,,上海
2717,,杭州
2718,,
2719,,北京
2720,,北京
2721,,
2722,,
2723,,
2724,,北京
2725,,武汉
2726,,上海
2727,,上海
2728,,贵阳
2729,,
2730,,深圳
2731,,北京
2732,,
2733,,
2734,,上海
2735,,
2736,,
2737,,上海
2738,,
2739,,上海
2740,,
2741,,上海
2742,,
2743,,
2744,,北京
2745,,
2746,,
2747,,
2748,,北京
2749,,
2750,,
2751,,北京
2752,,南宁
2753,,
2754,,上海
2755,,
2756,,北京
2757,,
2758,,深圳
2759,,北京
2760,,北京
2761,,
2762,,
2763,,苏州
2764,,
2765,,上海
2766,,
2767,,北京
2768,,南宁
2769,,辽阳
2770,,张掖
2771,,台州
2772,,丽水
2773,,厦门
2774,,深圳
2775,,重庆
2776,,呼和浩特
2777,,保定
2778,,许昌
2779,,太原
2780,,武汉
2781,,陇南
2782,,三亚
2783,,开封
2784,,贵阳
2785,,德阳
2786,,桂林
2787,,呼和浩特
2788,,太原
2789,,合肥
2790,,商丘
2791,,东营
2792,,南宁
2793,,朝阳
2794,,重庆
2795,,西宁
2796,,南昌
2797,,定西
2798,,重庆
2799,,丽水
2800,,厦门
2801,,南宁
2802,,北海
2803,,张家
2804,,绍兴
2805,,青岛
2806,,南京
2807,,濮阳
2808,,福州
2809,,辽阳
2810,,珠海
2811,,沈阳
2812,,大连
2813,,长春
2814,,北京
2815,,南宁
2816,,南昌
2817,,珠海
2818,,大同
2819,,呼和浩特
2820,,南京
2821,,济南
2822,,西安
2823,,襄阳
2824,,郑州
2825,,长春
2826,,海口
2827,,南宁
2828,,滁州
2829,,宁波
2830,,营口
2831,,芜湖
2832,,广州
2833,,石河
2834,,沈阳
2835,,青岛
2836,,乌鲁木齐
2837,,长治
2838,,黄冈
2839,,淄博
2840,,沈阳
2841,,成都
2842,,长沙
2843,,漯河
2844,,曲靖
2845,,临汾
2846,,郴州
2847,,漳州
2848,,聊城
2849,,深圳
2850,,龙岩
2851,,沧州
2852,,德阳
2853,,
2854,,珠海
2855,,北京
2856,,烟台
2857,,福州
2858,,乌鲁木齐
2859,,武汉
2860,,广州
2861,,福州
2862,,兰州
2863,,廊坊
2864,,杭州
2865,,昭通
2866,,广州
2867,,西安
2868,,遂宁
2869,,安康
2870,,深圳
2871,,昆明
2872,,宁波
2873,,潍坊
2874,,太原
2875,,南京
2876,,牡丹
2877,,太原
2878,,沈阳
2879,,成都
2880,,广州
2881,,银川
2882,,承德
2883,,金华
2884,,大连
2885,,广州
2886,,上海
2887,,佛山
2888,,福州
2889,,邯郸
2890,,北京
2891,,兰州
2892,,临沂
2893,,张掖
2894,,上海
2895,,宿迁
2896,,洛阳
2897,,晋城
2898,,长沙
2899,,武汉
2900,,佛山
2901,,本溪
2902,,呼和浩特
2903,,常德
2904,,银川
2905,,南宁
2906,,杭州
2907,,东莞
2908,,葫芦
2909,,柳州
2910,,长春
2911,,延边
2912,,佳木
2913,,北京
2914,,潍坊
2915,,昆明
2916,,济南
2917,,苏州
2918,,呼和浩特
2919,,杭州
2920,,沧州
2921,,抚顺
2922,,南宁
2923,,西安
2924,,厦门
2925,,南充
2926,,沈阳
2927,,洛阳
2928,,包头
2929,,桂林
2930,,阳泉
2931,,锦州
2932,,唐山
2933,,临汾
2934,,银川
2935,,宜宾
2936,,拉萨
2937,,北京
2938,,中卫
2939,,沈阳
2940,,自贡
2941,,桂林
2942,,漯河
2943,,本溪
2944,,鸡西
2945,,开封
2946,,安庆
2947,,苏州
2948,,天津
2949,,长治
2950,,新乡
2951,,上海
2952,,焦作
2953,,昆明
2954,,固原
2955,,重庆
2956,,保定
2957,,上海
2958,,赣州
2959,,南昌
2960,,岳阳
2961,,桂林
2962,,安阳
2963,,西安
2964,,鹤壁
2965,,石家庄
2966,,阜阳
2967,,广元
2968,,新余
2969,,枣庄
2970,,长治
2971,,青岛
2972,,信阳
2973,,衡阳
2974,,鞍山
2975,,长沙
2976,,咸宁
2977,,黔西
2978,,泰州
2979,,重庆
2980,,平顶
2981,,赣州
2982,,
2983,,信阳
2984,,贵港
2985,,泰州
2986,,宿迁
2987,,内江
2988,,广州
2989,,渭南
2990,,秦皇
2991,,汕头
2992,,抚州
2993,,安阳
2994,,邯郸
2995,,邢台
2996,,淮南
2997,,大理
2998,,银川
2999,,贵阳
3000,,辽阳
3001,,太原
3002,,益阳
3003,,黔南
3004,,茂名
3005,,临沂
3006,,青岛
3007,,沧州
3008,,石河
3009,,岳阳
3010,,保定
3011,,聊城
3012,,兰州
3013,,开封
3014,,焦作
3015,,青岛
3016,,长春
3017,,宿迁
3018,,邯郸
3019,,太原
3020,,德阳
3021,,安阳
3022,,朔州
3023,,天津
3024,,普洱
3025,,沧州
3026,,晋中
3027,,洛阳
3028,,呼和浩特
3029,,揭阳
3030,,大同
3031,,青岛
3032,,德阳
3033,,文山
3034,,合肥
3035,,宁波
3036,,绍兴
3037,,兰州
3038,,辽阳
3039,,临汾
3040,,保定
3041,,大同
3042,,南京
3043,,抚州
3044,,济宁
3045,,常州
3046,,益阳
3047,,晋城
3048,,银川
3049,,陇南
3050,,东营
3051,,济源
3052,,长沙
3053,,济南
3054,,大连
3055,,哈尔滨
3056,,济南
3057,,东营
3058,,九江
3059,,抚州
3060,,揭阳
3061,,邯郸
3062,,岳阳
3063,,哈尔滨
3064,,九江
3065,,哈尔滨
3066,,贵阳
3067,,临沂
3068,,信阳
3069,,临沂
3070,,邵阳
3071,,保定
3072,,鹤壁
3073,,济宁
3074,,湖州
3075,,淄博
3076,,许昌
3077,,黄石
3078,,黄石
3079,,邵阳
3080,,信阳
3081,,绵阳
3082,,青岛
3083,,郴州
3084,,潍坊
3085,,吉安
3086,,天津
3087,,沈阳
3088,,商丘
3089,,洛阳
3090,,海口
3091,,汕头
3092,,承德
3093,,威海
3094,,南昌
3095,,乌鲁木齐
3096,,三门
3097,,西宁
3098,,德州
3099,,合肥
3100,,信阳
3101,,重庆
3102,,温州
3103,,威海
3104,,重庆
3105,,晋中
3106,,常德
3107,,拉萨
3108,,平凉
3109,,巴音
3110,,淮南
3111,,文山
3112,,威海
3113,,许昌
3114,,焦作
3115,,青岛
3116,,南阳
3117,,苏州
3118,,秦皇
3119,,天津
3120,,烟台
3121,,南京
3122,,合肥
3123,,滨州
3124,,宿州
3125,,连云
3126,,济南
3127,,石家庄
3128,,大庆
3129,,上饶
3130,,潍坊
3131,,威海
3132,,商丘
3133,,银川
3134,,福州
3135,,郑州
3136,,潍坊
3137,,西宁
3138,,怀化
3139,,合肥
3140,,北京
3141,,洛阳
3142,,信阳
3143,,岳阳
3144,,哈尔滨
3145,,惠州
3146,,合肥
3147,,长沙
3148,,邯郸
3149,,洛阳
3150,,咸阳
3151,,株洲
3152,,周口
3153,,洛阳
3154,,银川
3155,,天津
3156,,贵阳
3157,,六安
3158,,珠海
3159,,厦门
3160,,开封
3161,,潍坊
3162,,太原
3163,,
3164,,泰安
3165,,绵阳
3166,,武汉
3167,,郴州
3168,,徐州
3169,,晋城
3170,,兰州
3171,,宜昌
3172,,德州
3173,,铜仁
3174,,天津
3175,,乌鲁木齐
3176,,遵义
3177,,宿州
3178,,遂宁
3179,,辽阳
3180,,杭州
3181,,合肥
3182,,襄阳
3183,,孝感
3184,,烟台
3185,,苏州
3186,,西宁
3187,,信阳
3188,,南昌
3189,,商洛
3190,,临汾
3191,,赤峰
3192,,岳阳
3193,,重庆
3194,,哈尔滨
3195,,沈阳
3196,,潍坊
3197,,成都
3198,,扬州
3199,,长春
3200,,长春
3201,,南通
3202,,兰州
3203,,合肥
3204,,太原
3205,,永州
3206,,天津
3207,,广州
3208,,潍坊
3209,,潍坊
3210,,上饶
3211,,厦门
3212,,武汉
3213,,上海
3214,,娄底
3215,,鞍山
3216,,沈阳
3217,,伊犁
3218,,郑州
3219,,沈阳
3220,,菏泽
3221,,平顶
3222,,长治
3223,,四平
3224,,北京
3225,,西安
3226,,开封
3227,,成都
3228,,潍坊
3229,,沈阳
3230,,昆明
3231,,南昌
3232,,武汉
3233,,济南
3234,,六安
3235,,周口
3236,,广元
3237,,邯郸
3238,,黄冈
3239,,天津
3240,,济南
3241,,益阳
3242,,太原
3243,,保定
3244,,聊城
3245,,大理
3246,,邯郸
3247,,哈尔滨
3248,,益阳
3249,,徐州
3250,,扬州
3251,,威海
3252,,潍坊
3253,,南昌
3254,,抚州
3255,,潜江
3256,,东莞
3257,,潍坊
3258,,济宁
3259,,菏泽
3260,,上饶
3261,,上海
3262,,喀什
3263,,九江
3264,,承德
3265,,广州
3266,,滨州
3267,,德州
3268,,乌鲁木齐
3269,,拉萨
3270,,兰州
3271,,南阳
3272,,德阳
3273,,六安
3274,,常德
3275,,泰州
3276,,武汉
3277,,沈阳
3278,,淮南
3279,,潍坊
3280,,苏州
3281,,太原
3282,,自贡
3283,,邵阳
3284,,潍坊
3285,,厦门
3286,,威海
3287,,邯郸
3288,,芜湖
3289,,邯郸
3290,,三门
3291,,上饶
3292,,孝感
3293,,孝感
3294,,德州
3295,,西宁
3296,,潍坊
3297,,西安
3298,,马鞍
3299,,德州
3300,,开封
3301,,阿克
3302,,厦门
3303,,乌鲁木齐
3304,,大连
3305,,潍坊
3306,,郑州
3307,,信阳
3308,,潍坊
3309,,福州
3310,,菏泽
3311,,宁波
3312,,潍坊
3313,,宿迁
3314,,阿克
3315,,贵阳
3316,,南通
3317,,贵阳
3318,,天津
3319,,泉州
3320,,哈尔滨
3321,,潍坊
3322,,湛江
3323,,开封
3324,,泰安
3325,,合肥
3326,,石家庄
3327,,苏州
3328,,南阳
3329,,长沙
3330,,惠州
3331,,唐山
3332,,大庆
3333,,郑州
3334,,黄冈
3335,,苏州
3336,,揭阳
3337,,宜昌
3338,,宜春
3339,,仙桃
3340,,武汉
3341,,哈密
3342,,清远
3343,,鹰潭
3344,,长沙
3345,,保定
3346,,绵阳
3347,,福州
3348,,本溪
3349,,呼伦
3350,,滨州
3351,,郑州
3352,,德阳
3353,,哈尔滨
3354,,广州
3355,,淮南
3356,,宣城
3357,,南昌
3358,,郑州
3359,,巴音
3360,,呼和浩特
3361,,贵阳
3362,,贵阳
3363,,太原
3364,,济宁
3365,,长沙
3366,,苏州
3367,,潍坊
3368,,泰安
3369,,镇江
3370,,宜昌
3371,,运城
3372,,宁波
3373,,吉林
3374,,北京
3375,,佛山
3376,,成都
3377,,长治
3378,,鄂尔多斯
3379,,上饶
3380,,福州
3381,,长春
3382,,福州
3383,,邯郸
3384,,淄博
3385,,呼和浩特
3386,,太原
3387,,银川
3388,,武汉
3389,,湖州
3390,,无锡
3391,,海口
3392,,台州
3393,,惠州
3394,,威海
3395,,武汉
3396,,北京
3397,,厦门
3398,,潍坊
3399,,济宁
3400,,榆林
3401,,厦门
3402,,合肥
3403,,秦皇
3404,,哈尔滨
3405,,银川
3406,,白沙
3407,,长沙
3408,,兰州
3409,,武汉
3410,,厦门
3411,,福州
3412,,金华
3413,,天津
3414,,泰州
3415,,烟台
3416,,承德
3417,,安顺
3418,,厦门
3419,,武汉
3420,,厦门
3421,,广州
3422,,上海
3423,,厦门
3424,,苏州
3425,,合肥
3426,,大连
3427,,遵义
3428,,南通
3429,,无锡
3430,,苏州
3431,,深圳
3432,,榆林
3433,,济南
3434,,无锡
3435,,郑州
3436,,南宁
3437,,银川
3438,,重庆
3439,,日照
3440,,石家庄
3441,,珠海
3442,,台州
3443,,南京
3444,,临沂
3445,,成都
3446,,深圳
3447,,郑州
3448,,厦门
3449,,潍坊
3450,,绵阳
3451,,上海
3452,,兰州
3453,,沈阳
3454,,九江
3455,,赣州
3456,,金华
3457,,武汉
3458,,哈尔滨
3459,,南宁
3460,,北京
3461,,大连
3462,,榆林
3463,,泰州
3464,,乌鲁木齐
3465,,潍坊
3466,,福州
3467,,咸宁
3468,,西安
3469,,杭州
3470,,珠海
3471,,临沂
3472,,吉安
3473,,盐城
3474,,北京
3475,,广州
3476,,广州
3477,,深圳
3478,,绍兴
3479,,淄博
3480,,深圳
3481,,武汉
3482,,杭州
3483,,银川
3484,,乌鲁木齐
3485,,南昌
3486,,秦皇
3487,,常州
3488,,重庆
3489,,南宁
3490,,太原
3491,,淄博
3492,,成都
3493,,杭州
3494,,郑州
3495,,天津
3496,,呼和浩特
3497,,北京
3498,,广州
3499,,哈尔滨
3500,,杭州
3501,,潍坊
3502,,南宁
3503,,榆林
3504,,杭州
3505,,惠州
3506,,银川
3507,,宁波
3508,,福州
3509,,兰州
3510,,乌鲁木齐
3511,,苏州
3512,,天津
3513,,武汉
3514,,深圳
3515,,厦门
3516,,武汉
3517,,武汉
3518,,
3519,,榆林
3520,,
3521,,金华
3522,,天津
3523,,嘉兴
3524,,
3525,,郑州
3526,,北京
3527,,益阳
3528,,
3529,,上海
3530,,连云
3531,,绍兴
3532,,
3533,,珠海
3534,,武汉
3535,,厦门
3536,,德州
3537,,西安
3538,,天津
3539,,阿克
3540,,重庆
3541,,吉安
3542,,北京
3543,,沈阳
3544,,上海
3545,,杭州
3546,,盐城
3547,,上海
3548,,南宁
3549,,嘉兴
3550,,厦门
3551,,合肥
3552,,北京
3553,,厦门
3554,,上海
3555,,苏州
3556,,南京
3557,,重庆
3558,,合肥
3559,,深圳
3560,,
3561,,厦门
3562,,北京
3563,,上海
3564,,石家庄
3565,,
3566,,
3567,,常州
3568,,
3569,,珠海
3570,,珠海
3571,,北京
3572,,江门
3573,,上海
3574,,长沙
3575,,西安
3576,,深圳
3577,,北京
3578,,西安
3579,,淮安
3580,,北京
3581,,长沙
3582,,重庆
3583,,拉萨
3584,,
3585,,重庆
3586,,深圳
3587,,北京
3588,,西安
3589,,北京
3590,,
3591,,北京
3592,,宁德
3593,,上海
3594,,厦门
3595,,
3596,,南京
3597,,厦门
3598,,北京
3599,,北京
3600,,上海
3601,,湘潭
3602,,上海
3603,,成都
3604,,南宁
3605,,
3606,,上海
3607,,北京
3608,,郑州
3609,,济南
3610,,杭州
3611,,呼和浩特
3612,,珠海
3613,,杭州
3614,,漳州
3615,,上海
3616,,惠州
3617,,长沙
3618,,海口
3619,,北京
3620,,
3621,,杭州
3622,,南京
3623,,上海
3624,,合肥
3625,,济南
3626,,南京
3627,,南京
3628,,深圳
3629,,南昌
3630,,长沙
3631,,东莞
3632,,南京
3633,,南京
3634,,杭州
3635,,大连
3636,,泉州
3637,,西安
3638,,珠海
3639,,北京
3640,,株洲
3641,,杭州
3642,,
3643,,佛山
3644,,合肥
3645,,南通
3646,,深圳
3647,,苏州
3648,,天津
3649,,深圳
3650,,宁波
3651,,广州
3652,,杭州
3653,,
3654,,杭州
3655,,
3656,,昌吉
3657,,南京
3658,,苏州
3659,,深圳
3660,,深圳
3661,,福州
3662,,合肥
3663,,北京
3664,,郑州
3665,,南昌
3666,,上海
3667,,广州
3668,,成都
3669,,常州
3670,,深圳
3671,,上海
3672,,北京
3673,,福州
3674,,北京
3675,,大连
3676,,杭州
3677,,郑州
3678,,西安
3679,,北京
3680,,北京
3681,,杭州
3682,,北京
3683,,北京
3684,,上海
3685,,武汉
3686,,深圳
3687,,长沙
3688,,无锡
3689,,潍坊
3690,,上海
3691,,北京
3692,,济南
3693,,天津
3694,,深圳
3695,,北京
3696,,上海
3697,,杭州
3698,,上海
3699,,深圳
3700,,南阳
3701,,深圳
3702,,西安
3703,,北京
3704,,武汉
3705,,武汉
3706,,北京
3707,,西安
3708,,北京
3709,,宁波
3710,,上海
3711,,无锡
3712,,深圳
3713,,常州
3714,,武汉
3715,,北京
3716,,上海
3717,,金华
3718,,苏州
3719,,杭州
3720,,福州
3721,,南京
3722,,宁波
3723,,广州
3724,,沈阳
3725,,北京
3726,,苏州
3727,,深圳
3728,,合肥
3729,,成都
3730,,苏州
3731,,武汉
3732,,北京
3733,,厦门
3734,,济南
3735,,北京
3736,,
3737,,北京
3738,,深圳
3739,,福州
3740,,成都
3741,,武汉
3742,,南京
3743,,湖州
3744,,南京
3745,,北京
3746,,无锡
3747,,江门
3748,,荆门
3749,,上海
3750,,北京
3751,,广州
3752,,北京
3753,,深圳
3754,,西安
3755,,上海
3756,,石家庄
3757,,北京
3758,,南京
3759,,郑州
3760,,厦门
3761,,长沙
3762,,西安
3763,,深圳
3764,,合肥
3765,,沈阳
3766,,北京
3767,,杭州
3768,,泰州
3769,,合肥
3770,,北京
3771,,上海
3772,,西安
3773,,长春
3774,,重庆
3775,,石家庄
3776,,成都
3777,,鞍山
3778,,惠州
3779,,惠州
3780,,南昌
3781,,扬州
3782,,北京
3783,,深圳
3784,,哈尔滨
3785,,长春
3786,,长春
3787,,镇江
3788,,青岛
3789,,包头
3790,,忻州
3791,,南宁
3792,,重庆
3793,,北京
3794,,长春
3795,,深圳
3796,,北京
3797,,太原
3798,,成都
3799,,平顶
3800,,锦州
3801,,沈阳
3802,,沈阳
3803,,濮阳
3804,,长沙
3805,,南宁
3806,,湘潭
3807,,唐山
3808,,
3809,,连云
3810,,阜新
3811,,重庆
3812,,苏州
3813,,哈尔滨
3814,,沈阳
3815,,江门
3816,,呼和浩特
3817,,深圳
3818,,南宁
3819,,绵阳
3820,,武汉
3821,,石家庄
3822,,广州
3823,,济宁
3824,,自贡
3825,,呼伦
3826,,福州
3827,,呼和浩特
3828,,阜新
3829,,石家庄
3830,,张家
3831,,合肥
3832,,延安
3833,,福州
3834,,临沂
3835,,南宁
3836,,烟台
3837,,金华
3838,,南京
3839,,福州
3840,,南宁
3841,,秦皇
3842,,天津
3843,,重庆
3844,,沈阳
3845,,苏州
3846,,北京
3847,,哈尔滨
3848,,沈阳
3849,,江门
3850,,呼和浩特
3851,,深圳
3852,,南宁
3853,,中山
3854,,
3855,,保定
3856,,烟台
3857,,广州
3858,,西安
3859,,长沙
3860,,杭州
3861,,南昌
3862,,镇江
3863,,邯郸
3864,,银川
3865,,重庆
3866,,成都
3867,,重庆
3868,,石家庄
3869,,兰州
3870,,南昌
3871,,成都
3872,,西安
3873,,哈尔滨
3874,,鞍山
3875,,长春
3876,,菏泽
3877,,兰州
3878,,石家庄
3879,,潍坊
3880,,上饶
3881,,河池
3882,,辽阳
3883,,西安
3884,,惠州
3885,,呼和浩特
3886,,成都
3887,,贵阳
3888,,乌鲁木齐
3889,,南昌
3890,,大连
3891,,苏州
3892,,苏州
3893,,贵阳
3894,,南充
3895,,昆明
3896,,武汉
3897,,包头
3898,,杭州
3899,,北京
3900,,呼和浩特
3901,,深圳
3902,,枣庄
3903,,石家庄
3904,,苏州
3905,,石家庄
3906,,杭州
3907,,衡水
3908,,昆明
3909,,日照
3910,,成都
3911,,包头
3912,,济南
3913,,宿州
3914,,成都
3915,,徐州
3916,,上海
3917,,南昌
3918,,珠海
3919,,南宁
3920,,秦皇
3921,,天津
3922,,长春
3923,,广州
3924,,广州
3925,,淄博
3926,,中山
3927,,攀枝
3928,,大连
3929,,邯郸
3930,,深圳
3931,,贵阳
3932,,运城
3933,,武汉
3934,,石家庄
3935,,重庆
3936,,广州
3937,,温州
3938,,惠州
3939,,重庆
3940,,石家庄
3941,,襄阳
3942,,天津
3943,,台州
3944,,成都
3945,,广州
3946,,成都
3947,,衡阳
3948,,三门
3949,,石家庄
3950,,西安
3951,,石家庄
3952,,张家
3953,,合肥
3954,,延安
3955,,福州
3956,,临沂
3957,,南宁
3958,,烟台
3959,,金华
3960,,南京
3961,,福州
3962,,大连
3963,,北京
3964,,洛阳
3965,,大连
3966,,上海
3967,,焦作
3968,,周口
3969,,南宁
3970,,滨州
3971,,南昌
3972,,镇江
3973,,邯郸
3974,,银川
3975,,重庆
3976,,上海
3977,,北京
3978,,北京
3979,,呼和浩特
3980,,漳州
3981,,宁波
3982,,广安
3983,,嘉兴
3984,,上海
3985,,乌鲁木齐
3986,,深圳
3987,,石家庄
3988,,深圳
3989,,大连
3990,,秦皇
3991,,长春
3992,,哈尔滨
3993,,台州
3994,,沈阳
3995,,银川
3996,,成都
3997,,台州
3998,,银川
3999,,晋中
4000,,南京
4001,,日照
4002,,大同
4003,,成都
4004,,台州
4005,,重庆
4006,,绍兴
4007,,信阳
4008,,宁波
4009,,漯河
4010,,蚌埠
4011,,铜仁
4012,,成都
4013,,青岛
4014,,惠州
4015,,海口
4016,,安阳
4017,,日照
4018,,沧州
4019,,宁波
4020,,鄂尔多斯
4021,,益阳
4022,,桂林
4023,,武汉
4024,,广州
4025,,淄博
4026,,贵阳
4027,,洛阳
4028,,西安
4029,,景德
4030,,邢台
4031,,银川
4032,,长沙
4033,,十堰
4034,,常州
4035,,郑州
4036,,咸宁
4037,,常州
4038,,茂名
4039,,成都
4040,,沈阳
4041,,长春
4042,,龙岩
4043,,湛江
4044,,石家庄
4045,,西宁
4046,,鄂尔多斯
4047,,济南
4048,,福州
4049,,廊坊
4050,,沈阳
4051,,保定
4052,,南通
4053,,玉溪
4054,,潮州
4055,,南昌
4056,,杭州
4057,,泸州
4058,,泰州
4059,,襄阳
4060,,长春
4061,,廊坊
4062,,宁波
4063,,合肥
4064,,北京
4065,,常州
4066,,沈阳
4067,,南昌
4068,,嘉兴
4069,,珠海
4070,,济宁
4071,,济南
4072,,广州
4073,,
4074,,西安
4075,,阿克
4076,,承德
4077,,哈尔滨
4078,,沈阳
4079,,佛山
4080,,郑州
4081,,石家庄
4082,,石家庄
4083,,宜宾
4084,,南昌
4085,,长春
4086,,成都
4087,,南京
4088,,吉安
4089,,萍乡
4090,,苏州
4091,,池州
4092,,大连
4093,,广州
4094,,东莞
4095,,合肥
4096,,合肥
4097,,秦皇
4098,,保定
4099,,西安
4100,,邯郸
4101,,青岛
4102,,厦门
4103,,普洱
4104,,扬州
4105,,沈阳
4106,,大连
4107,,厦门
4108,,南京
4109,,大连
4110,,西安
4111,,西安
4112,,焦作
4113,,西安
4114,,深圳
4115,,福州
4116,,厦门
4117,,太原
4118,,洛阳
4119,,昆明
4120,,邯郸
4121,,东营
4122,,成都
4123,,北京
4124,,宁波
4125,,无锡
4126,,上饶
4127,,成都
4128,,台州
4129,,银川
4130,,苏州
4131,,西安
4132,,凉山
4133,,洛阳
4134,,西宁
4135,,长春
4136,,镇江
4137,,鄂州
4138,,荆州
4139,,郑州
4140,,武汉
4141,,杭州
4142,,沈阳
4143,,郑州
4144,,淄博
4145,,长沙
4146,,漳州
4147,,昆明
4148,,天津
4149,,成都
4150,,广州
4151,,杭州
4152,,成都
4153,,韶关
4154,,厦门
4155,,西宁
4156,,沈阳
4157,,乐山
4158,,青岛
4159,,太原
4160,,石家庄
4161,,呼和浩特
4162,,大连
4163,,武汉
4164,,武汉
4165,,厦门
4166,,石家庄
4167,,上海
4168,,赣州
4169,,芜湖
4170,,长治
4171,,合肥
4172,,柳州
4173,,石家庄
4174,,深圳
4175,,成都
4176,,商丘
4177,,石家庄
4178,,唐山
4179,,武汉
4180,,珠海
4181,,杭州
4182,,石家庄
4183,,丽水
4184,,宿迁
4185,,深圳
4186,,天津
4187,,成都
4188,,昆明
4189,,南昌
4190,,哈尔滨
4191,,武汉
4192,,成都
4193,,哈尔滨
4194,,镇江
4195,,徐州
4196,,乌鲁木齐
4197,,喀什
4198,,郑州
4199,,沈阳
4200,,合肥
4201,,南通
4202,,运城
4203,,北京
4204,,长沙
4205,,三明
4206,,无锡
4207,,上饶
4208,,成都
4209,,台州
4210,,银川
4211,,苏州
4212,,清远
4213,,西安
4214,,凉山
4215,,洛阳
4216,,西宁
4217,,长春
4218,,镇江
4219,,鄂州
4220,,荆州
4221,,郑州
4222,,武汉
4223,,杭州
4224,,沈阳
4225,,郑州
4226,,淄博
4227,,长沙
4228,,漳州
4229,,昆明
4230,,天津
4231,,成都
4232,,广州
4233,,杭州
4234,,成都
4235,,韶关
4236,,厦门
4237,,济宁
4238,,苏州
4239,,宜昌
4240,,杭州
4241,,成都
4242,,济宁
4243,,芜湖
4244,,江门
4245,,新乡
4246,,上海
4247,,福州
4248,,宜春
4249,,青岛
4250,,西安
4251,,沈阳
4252,,嘉兴
4253,,南阳
4254,,唐山
4255,,郑州
4256,,成都
4257,,天津
4258,,湛江
4259,,青岛
4260,,重庆
4261,,深圳
4262,,重庆
4263,,北京
4264,,平顶
4265,,西安
4266,,宜昌
4267,,怀化
4268,,武汉
4269,,湛江
4270,,济南
4271,,成都
4272,,西安
4273,,嘉兴
4274,,漳州
4275,,新乡
4276,,温州
4277,,宿州
4278,,邯郸
4279,,南昌
4280,,南昌
4281,,沈阳
4282,,郑州
4283,,北京
4284,,太原
4285,,东营
4286,,哈尔滨
4287,,南阳
4288,,天津
4289,,重庆
4290,,武汉
4291,,成都
4292,,东莞
4293,,苏州
4294,,洛阳
4295,,商丘
4296,,成都
4297,,南京
4298,,长春
4299,,石家庄
4300,,深圳
4301,,深圳
4302,,成都
4303,,上海
4304,,深圳
4305,,贵阳
4306,,济南
4307,,常州
4308,,连云
4309,,荆州
4310,,长沙
4311,,东莞
4312,,南宁
4313,,常州
4314,,徐州
4315,,北京
4316,,台州
4317,,
4318,,青岛
4319,,天津
4320,,江门
4321,,深圳
4322,,天津
4323,,北京
4324,,长沙
4325,,青岛
4326,,石家庄
4327,,东莞
4328,,上海
4329,,大连
4330,,上海
4331,,南通
4332,,常德
4333,,郑州
4334,,成都
4335,,武汉
4336,,佛山
4337,,深圳
4338,,青岛
4339,,成都
4340,,厦门
4341,,郑州
4342,,东莞
4343,,江门
4344,,南阳
4345,,济南
4346,,济南
4347,,深圳
4348,,东莞
4349,,沈阳
4350,,广州
4351,,广州
4352,,厦门
4353,,湖州
4354,,银川
4355,,杭州
4356,,榆林
4357,,上海
4358,,北京
4359,,上海
4360,,镇江
4361,,上海
4362,,南宁
4363,,上海
4364,,张家
4365,,成都
4366,,上海
4367,,广州
4368,,克拉
4369,,大连
4370,,海口
4371,,徐州
4372,,南京
4373,,济南
4374,,宜昌
4375,,临沂
4376,,嘉兴
4377,,广州
4378,,杭州
4379,,武汉
4380,,上海
4381,,武汉
4382,,东莞
4383,,大连
4384,,东莞
4385,,上海
4386,,上海
4387,,宁波
4388,,成都
4389,,广州
4390,,苏州
4391,,苏州
4392,,武汉
4393,,深圳
4394,,南京
4395,,深圳
4396,,南京
4397,,广州
4398,,南通
4399,,东莞
4400,,苏州
4401,,广州
4402,,洛阳
4403,,上海
4404,,温州
4405,,深圳
4406,,苏州
4407,,成都
4408,,深圳
4409,,深圳
4410,,西安
4411,,深圳
4412,,深圳
4413,,苏州
4414,,东莞
4415,,深圳
4416,,苏州
4417,,上海
4418,,深圳
4419,,武汉
4420,,贵阳
4421,,济南
4422,,深圳
4423,,杭州
4424,,重庆
4425,,
4426,,苏州
4427,,深圳
4428,,佛山
4429,,东莞
4430,,深圳
4431,,上海
4432,,福州
4433,,深圳
4434,,苏州
4435,,深圳
4436,,贵阳
4437,,深圳
4438,,中山
4439,,北京
4440,,连云
4441,,嘉兴
4442,,大连
4443,,上海
4444,,上海
4445,,深圳
4446,,长沙
4447,,东莞
4448,,无锡
4449,,武汉
4450,,深圳
4451,,成都
4452,,深圳
4453,,深圳
4454,,中山
4455,,东莞
4456,,无锡
4457,,武汉
4458,,深圳
4459,,徐州
4460,,珠海
4461,,上海
4462,,天津
4463,,福州
4464,,深圳
4465,,深圳
4466,,苏州
4467,,东莞
4468,,南京
4469,,深圳
4470,,东莞
4471,,深圳
4472,,常州
4473,,深圳
4474,,深圳
4475,,东莞
4476,,中山
4477,,福州
4478,,青岛
4479,,济南
4480,,沈阳
4481,,广州
4482,,东莞
4483,,东莞
4484,,西安
4485,,深圳
4486,,武汉
4487,,深圳
4488,,青岛
4489,,东莞
4490,,大连
4491,,深圳
4492,,东莞
4493,,绵阳
4494,,哈尔滨
4495,,深圳
4496,,天津
4497,,厦门
4498,,西安
4499,,北京
4500,,深圳
4501,,深圳
4502,,南昌
4503,,上海
4504,,西安
4505,,常德
4506,,上海
4507,,苏州
4508,,深圳
4509,,东莞
4510,,苏州
4511,,泉州
4512,,深圳
4513,,深圳
4514,,宁波
4515,,武汉
4516,,深圳
4517,,深圳
4518,,无锡
4519,,珠海
4520,,佛山
4521,,成都
4522,,深圳
4523,,苏州
4524,,金华
4525,,温州
4526,,苏州
4527,,东莞
4528,,漳州
4529,,重庆
4530,,深圳
4531,,广州
4532,,无锡
4533,,西安
4534,,深圳
4535,,广州
4536,,惠州
4537,,广州
4538,,苏州
4539,,潍坊
4540,,南阳
4541,,西安
4542,,济南
4543,,济南
4544,,东莞
4545,,泉州
4546,,东莞
4547,,苏州
4548,,广州
4549,,广州
4550,,广州
4551,,苏州
4552,,合肥
4553,,重庆
4554,,深圳
4555,,深圳
4556,,广州
4557,,深圳
4558,,东莞
4559,,苏州
4560,,深圳
4561,,深圳
4562,,深圳
4563,,深圳
4564,,长春
4565,,佛山
4566,,深圳
4567,,深圳
4568,,广州
4569,,衢州
4570,,宁波
4571,,上海
4572,,镇江
4573,,北京
4574,,深圳
4575,,上海
4576,,济南
4577,,沈阳
4578,,南京
4579,,上海
4580,,天津
4581,,武汉
4582,,深圳
4583,,深圳
4584,,深圳
4585,,保定
4586,,上海
4587,,广州
4588,,厦门
4589,,漳州
4590,,北京
4591,,珠海
4592,,郑州
4593,,深圳
4594,,绍兴
4595,,成都
4596,,东莞
4597,,深圳
4598,,常州
4599,,南京
4600,,杭州
4601,,北京
4602,,常州
4603,,深圳
4604,,深圳
4605,,宿迁
4606,,深圳
4607,,无锡
4608,,深圳
4609,,广州
4610,,常州
4611,,深圳
4612,,上海
4613,,广州
4614,,中山
4615,,宁波
4616,,南京
4617,,珠海
4618,,上海
4619,,保定
4620,,深圳
4621,,东莞
4622,,武汉
4623,,深圳
4624,,宁波
4625,,深圳
4626,,深圳
4627,,深圳
4628,,苏州
4629,,东莞
4630,,苏州
4631,,苏州
4632,,东莞
4633,,深圳
4634,,北京
4635,,深圳
4636,,上海
4637,,深圳
4638,,上海
4639,,宁波
4640,,深圳
4641,,东莞
4642,,深圳
4643,,深圳
4644,,深圳
4645,,上海
4646,,深圳
4647,,常州
4648,,苏州
4649,,北京
4650,,苏州
4651,,西安
4652,,深圳
4653,,上海
4654,,深圳
4655,,深圳
4656,,苏州
4657,,武汉
4658,,苏州
4659,,深圳
4660,,深圳
4661,,上海
4662,,深圳
4663,,深圳
4664,,苏州
4665,,苏州
4666,,深圳
4667,,深圳
4668,,珠海
4669,,上海
4670,,上海
4671,,东莞
4672,,深圳
4673,,东莞
4674,,深圳
4675,,深圳
4676,,南昌
4677,,深圳
4678,,惠州
4679,,西安
4680,,深圳
4681,,广州
4682,,北京
4683,,上海
4684,,上海
4685,,深圳
4686,,深圳
4687,,武汉
4688,,深圳
4689,,深圳
4690,,西安
4691,,上海
4692,,上海
4693,,深圳
4694,,宁波
4695,,武汉
4696,,宁波
4697,,北京
4698,,深圳
4699,,中山
4700,,上海
4701,,北京
4702,,苏州
4703,,深圳
4704,,东莞
4705,,常州
4706,,苏州
4707,,深圳
4708,,无锡
4709,,深圳
4710,,东莞
4711,,上海
4712,,宜宾
4713,,深圳
4714,,广州
4715,,天津
4716,,东莞
4717,,苏州
4718,,东莞
4719,,深圳
4720,,青岛
4721,,中山
4722,,深圳
4723,,北京
4724,,嘉兴
4725,,广州
4726,,深圳
4727,,苏州
4728,,深圳
4729,,深圳
4730,,上海
4731,,深圳
4732,,深圳
4733,,成都
4734,,西安
4735,,北京
4736,,深圳
4737,,东莞
4738,,深圳
4739,,深圳
4740,,南昌
4741,,深圳
4742,,宁波
4743,,深圳
4744,,广州
4745,,北京
4746,,上海
4747,,上海
4748,,深圳
4749,,武汉
4750,,北京
4751,,深圳
4752,,中山
4753,,上海
4754,,上海
4755,,深圳
4756,,无锡
4757,,深圳
4758,,东莞
4759,,上海
4760,,武汉
4761,,深圳
4762,,深圳
4763,,上海
4764,,深圳
4765,,苏州
4766,,深圳
4767,,深圳
4768,,东莞
4769,,广州
4770,,广州
4771,,深圳
4772,,宁波
4773,,上海
4774,,惠州
4775,,深圳
4776,,上海
4777,,苏州
4778,,深圳
4779,,深圳
4780,,苏州
4781,,深圳
4782,,北京
4783,,深圳
4784,,深圳
4785,,上海
4786,,东莞
4787,,东莞
4788,,上海
4789,,上海
4790,,深圳
4791,,南通
4792,,上海
4793,,深圳
4794,,长沙
4795,,上海
4796,,东莞
4797,,深圳
4798,,南通
4799,,东莞
4800,,深圳
4801,,深圳
4802,,深圳
4803,,深圳
4804,,苏州
4805,,深圳
4806,,深圳
4807,,重庆
4808,,深圳
4809,,上海
4810,,深圳
4811,,深圳
4812,,南京
4813,,深圳
4814,,大连
4815,,北京
4816,,深圳
4817,,广州
4818,,深圳
4819,,成都
4820,,东莞
4821,,深圳
4822,,广州
4823,,北京
4824,,苏州
4825,,武汉
4826,,苏州
4827,,深圳
4828,,大连
4829,,杭州
4830,,广州
4831,,深圳
4832,,珠海
4833,,深圳
4834,,深圳
4835,,宁波
4836,,苏州
4837,,北京
4838,,上海
4839,,深圳
4840,,深圳
4841,,深圳
4842,,厦门
4843,,上海
4844,,深圳
4845,,深圳
4846,,北京
4847,,上海
4848,,深圳
4849,,上海
4850,,苏州
4851,,深圳
4852,,泉州
4853,,北京
4854,,北京
4855,,上海
4856,,海口
4857,,南昌
4858,,十堰
4859,,杭州
4860,,上海
4861,,上海
4862,,北京
4863,,上海
4864,,广州
4865,,成都
4866,,成都
4867,,杭州
4868,,
4869,,广州
4870,,南宁
4871,,无锡
4872,,上海
4873,,上海
4874,,上海
4875,,北京
4876,,深圳
4877,,深圳
4878,,南昌
4879,,东莞
4880,,北京
4881,,武汉
4882,,上海
4883,,深圳
4884,,深圳
4885,,广州
4886,,北京
4887,,北京
4888,,南京
4889,,深圳
4890,,大连
4891,,杭州
4892,,北京
4893,,天津
4894,,呼和浩特
4895,,深圳
4896,,上海
4897,,上海
4898,,上海
4899,,深圳
4900,,西安
4901,,杭州
4902,,北京
4903,,邯郸
4904,,哈密
4905,,南宁
4906,,惠州
4907,,德州
4908,,乌鲁木齐
4909,,潍坊
4910,,深圳
4911,,东莞
4912,,上海
4913,,乌鲁木齐
4914,,上海
4915,,贵阳
4916,,上海
4917,,大连
4918,,保定
4919,,广州
4920,,济源
4921,,长沙
4922,,苏州
4923,,青岛
4924,,兰州
4925,,宜春
4926,,嘉兴
4927,,西安
4928,,珠海
4929,,上海
4930,,深圳
4931,,长沙
4932,,德州
4933,,北京
4934,,深圳
4935,,泉州
4936,,无锡
4937,,济南
4938,,绍兴
4939,,上海
4940,,惠州
4941,,潍坊
4942,,宜春
4943,,潍坊
4944,,石家庄
4945,,上海
4946,,深圳
4947,,梧州
4948,,嘉兴
4949,,北京
4950,,安庆
4951,,深圳
4952,,北京
4953,,泉州
4954,,台州
4955,,广州
4956,,焦作
4957,,西宁
4958,,北京
4959,,长沙
4960,,黄石
4961,,郑州
4962,,上海
4963,,安庆
4964,,深圳
4965,,汕头
4966,,北京
4967,,北京
4968,,北京
4969,,上海
4970,,盐城
4971,,北京
4972,,北京
4973,,泉州
4974,,南京
4975,,南通
4976,,武汉
4977,,苏州
4978,,北京
4979,,北京
4980,,上海
4981,,深圳
4982,,梧州
4983,,嘉兴
4984,,上海
4985,,北京
4986,,遂宁
4987,,深圳
4988,,
4989,,哈尔滨
4990,,深圳
4991,,台州
4992,,郑州
4993,,上海
4994,,海口
4995,,福州
4996,,珠海
4997,,北京
4998,,深圳
4999,,广州
5000,,南宁
5001,,深圳
5002,,长沙
5003,,北京
5004,,徐州
5005,,北京
5006,,济南
5007,,北京
5008,,沈阳
5009,,深圳
5010,,武汉
5011,,南京
5012,,北京
5013,,长沙
5014,,芜湖
5015,,昆明
5016,,南京
5017,,武汉
5018,,周口
5019,,广州
5020,,乌海
5021,,深圳
5022,,广州
5023,,深圳
5024,,广州
5025,,贵阳
5026,,衡阳
5027,,大连
5028,,厦门
5029,,四平
5030,,北京
5031,,宁波
5032,,成都
5033,,上海
5034,,深圳
5035,,广州
5036,,北京
5037,,贵阳
5038,,北京
5039,,深圳
5040,,北京
5041,,上海
5042,,北京
5043,,佳木
5044,,北京
5045,,广州
5046,,营口
5047,,北京
5048,,南京
5049,,深圳
5050,,深圳
5051,,上海
5052,,杭州
5053,,深圳
5054,,上海
5055,,北京
5056,,昆明
5057,,九江
5058,,海口
5059,,杭州
5060,,北京
5061,,北京
5062,,北京
5063,,长沙
5064,,佛山
5065,,深圳
5066,,长治
5067,,深圳
5068,,徐州
5069,,广州
5070,,佛山
5071,,江门
5072,,清远
5073,,沈阳
5074,,太原
5075,,北京
5076,,邢台
5077,,衢州
5078,,上海
5079,,苏州
5080,,上海
5081,,武汉
5082,,成都
5083,,乌鲁木齐
5084,,青岛
5085,,鞍山
5086,,合肥
5087,,大连
5088,,北京
5089,,绵阳
5090,,上海
5091,,厦门
5092,,东莞
5093,,绍兴
5094,,深圳
5095,,徐州
5096,,厦门
5097,,苏州
5098,,武汉
5099,,深圳
5100,,苏州
5101,,潍坊
5102,,北京
5103,,深圳
5104,,鞍山
5105,,北京
5106,,哈尔滨
5107,,成都
5108,,洛阳
5109,,苏州
5110,,上海
5111,,杭州
5112,,沈阳
5113,,绵阳
5114,,重庆
5115,,广州
5116,,宜宾
5117,,上海
5118,,绵阳
5119,,武汉
5120,,北京
5121,,上海
5122,,深圳
5123,,沈阳
5124,,长沙
5125,,珠海
5126,,北京
5127,,
5128,,苏州
5129,,上海
5130,,深圳
5131,,大连
5132,,长春
5133,,运城
5134,,大连
5135,,广州
5136,,杭州
5137,,上海
5138,,长春
5139,,丽水
5140,,兰州
5141,,天津
5142,,泉州
5143,,沈阳
5144,,大连
5145,,成都
5146,,深圳
5147,,珠海
5148,,嘉兴
5149,,福州
5150,,武汉
5151,,北京
5152,,太原
5153,,广州
5154,,杭州
5155,,广州
5156,,重庆
5157,,宁波
5158,,北京
5159,,沈阳
5160,,北京
5161,,扬州
5162,,上海
5163,,北京
5164,,上海
5165,,舟山
5166,,唐山
5167,,黔东
5168,,南宁
5169,,珠海
5170,,北京
5171,,北京
5172,,西安
5173,,成都
5174,,广州
5175,,郑州
5176,,昆明
5177,,石家庄
5178,,银川
5179,,晋中
5180,,大连
5181,,福州
5182,,深圳
5183,,长沙
5184,,长春
5185,,南通
5186,,杭州
5187,,绍兴
5188,,北京
5189,,成都
5190,,苏州
5191,,长春
5192,,南京
5193,,北京
5194,,呼和浩特
5195,,重庆
5196,,北京
5197,,上海
5198,,大连
5199,,长春
5200,,济源
5201,,南宁
5202,,南宁
5203,,上海
5204,,宜昌
5205,,深圳
5206,,长沙
5207,,常州
5208,,成都
5209,,武汉
5210,,长沙
5211,,西安
5212,,银川
5213,,杭州
5214,,南京
5215,,福州
5216,,北京
5217,,深圳
5218,,上海
5219,,揭阳
5220,,上海
5221,,重庆
5222,,西安
5223,,北京
5224,,广州
5225,,重庆
5226,,唐山
5227,,乐山
5228,,阳泉
5229,,沈阳
5230,,成都
5231,,深圳
5232,,杭州
5233,,镇江
5234,,北京
5235,,鞍山
5236,,沈阳
5237,,南京
5238,,哈尔滨
5239,,广州
5240,,深圳
5241,,北京
5242,,盐城
5243,,北京
5244,,昆明
5245,,孝感
5246,,内江
5247,,北京
5248,,滨州
5249,,沈阳
5250,,天津
5251,,北京
5252,,锦州
5253,,太原
5254,,郑州
5255,,深圳
5256,,昆明
5257,,上海
5258,,北京
5259,,郑州
5260,,苏州
5261,,鞍山
5262,,广州
5263,,苏州
5264,,沈阳
5265,,常州
5266,,北京
5267,,上海
5268,,广州
5269,,沈阳
5270,,鞍山
5271,,唐山
5272,,无锡
5273,,潍坊
5274,,北京
5275,,大连
5276,,
5277,,盐城
5278,,西宁
5279,,湛江
5280,,珠海
5281,,上海
5282,,济南
5283,,广州
5284,,北京
5285,,北京
5286,,开封
5287,,北京
5288,,广州
5289,,佛山
5290,,毕节
5291,,大连
5292,,沈阳
5293,,天津
5294,,沈阳
5295,,长治
5296,,成都
5297,,沈阳
5298,,北京
5299,,宁波
5300,,武汉
5301,,乐山
5302,,阳泉
5303,,沈阳
5304,,上海
5305,,成都
5306,,深圳
5307,,杭州
5308,,扬州
5309,,上海
5310,,成都
5311,,镇江
5312,,郑州
5313,,齐齐
5314,,上海
5315,,扬州
5316,,上海
5317,,成都
5318,,郑州
5319,,宁波
5320,,太原
5321,,北京
5322,,汉中
5323,,
5324,,北京
5325,,九江
5326,,中山
5327,,上海
5328,,福州
5329,,内江
5330,,上海
5331,,沈阳
5332,,北京
5333,,南京
5334,,天津
5335,,东莞
5336,,焦作
5337,,成都
5338,,广州
5339,,南京
5340,,广州
5341,,怀化
5342,,邯郸
5343,,昆明
5344,,哈尔滨
5345,,成都
5346,,无锡
5347,,广州
5348,,湛江
5349,,上海
5350,,滁州
5351,,湖州
5352,,佛山
5353,,西安
5354,,唐山
5355,,沈阳
5356,,宁波
5357,,常州
5358,,西安
5359,,深圳
5360,,西安
5361,,
5362,,保定
5363,,西安
5364,,广州
5365,,福州
5366,,杭州
5367,,西安
5368,,宁波
5369,,惠州
5370,,成都
5371,,广州
5372,,湛江
5373,,上海
5374,,滁州
5375,,湖州
5376,,佛山
5377,,西安
5378,,唐山
5379,,宁波
5380,,常州
5381,,西安
5382,,深圳
5383,,西安
5384,,
5385,,保定
5386,,西安
5387,,广州
5388,,福州
5389,,杭州
5390,,西安
5391,,宁波
5392,,惠州
5393,,成都
5394,,天津
5395,,深圳
5396,,泉州
5397,,泰州
5398,,深圳
5399,,沧州
5400,,深圳
5401,,营口
5402,,天津
5403,,长沙
5404,,西安
5405,,珠海
5406,,昆明
5407,,深圳
5408,,天津
5409,,常州
5410,,北京
5411,,深圳
5412,,青岛
5413,,大连
5414,,上海
5415,,青岛
5416,,扬州
5417,,杭州
5418,,合肥
5419,,深圳
5420,,北京
5421,,桂林
5422,,沈阳
5423,,北京
5424,,
5425,,济南
5426,,南京
5427,,合肥
5428,,福州
5429,,长沙
5430,,广州
5431,,南京
5432,,西安
5433,,常州
5434,,成都
5435,,深圳
5436,,青岛
5437,,珠海
5438,,深圳
5439,,北京
5440,,厦门
5441,,新乡
5442,,武汉
5443,,洛阳
5444,,大连
5445,,上海
5446,,深圳
5447,,苏州
5448,,长沙
5449,,杭州
5450,,石家庄
5451,,青岛
5452,,成都
5453,,广州
5454,,深圳
5455,,云浮
5456,,长沙
5457,,威海
5458,,西安
5459,,南京
5460,,石家庄
5461,,昆明
5462,,广州
5463,,大连
5464,,合肥
5465,,南宁
5466,,成都
5467,,汕头
5468,,北京
5469,,哈尔滨
5470,,哈尔滨
5471,,青岛
5472,,东营
5473,,福州
5474,,长春
5475,,佛山
5476,,宁波
5477,,苏州
5478,,上海
5479,,广州
5480,,武汉
5481,,南通
5482,,西安
5483,,上海
5484,,鄂尔多斯
5485,,武汉
5486,,合肥
5487,,南宁
5488,,昆明
5489,,武汉
5490,,成都
5491,,长沙
5492,,南京
5493,,武汉
5494,,成都
5495,,青岛
5496,,西安
5497,,上海
5498,,合肥
5499,,长沙
5500,,苏州
5501,,杭州
5502,,广州
5503,,安阳
5504,,青岛
5505,,抚州
5506,,福州
5507,,西安
5508,,杭州
5509,,上海
5510,,西安
5511,,福州
5512,,济南
5513,,上海
5514,,杭州
5515,,成都
5516,,青岛
5517,,福州
5518,,武汉
5519,,南通
5520,,西安
5521,,上海
5522,,嘉兴
5523,,北京
5524,,杭州
5525,,南京
5526,,上海
5527,,成都
5528,,天津
5529,,重庆
5530,,南京
5531,,长沙
5532,,厦门
5533,,苏州
5534,,常州
5535,,湘潭
5536,,深圳
5537,,绍兴
5538,,淮安
5539,,兰州
5540,,成都
5541,,杭州
5542,,重庆
5543,,福州
5544,,苏州
5545,,西安
5546,,深圳
5547,,北京
5548,,沈阳
5549,,福州
5550,,济南
5551,,北京
5552,,烟台
5553,,青岛
5554,,成都
5555,,成都
5556,,金华
5557,,广州
5558,,徐州
5559,,武汉
5560,,杭州
5561,,武汉
5562,,南昌
5563,,北京
5564,,北京
5565,,深圳
5566,,合肥
5567,,北京
5568,,济南
5569,,济南
5570,,南京
5571,,南京
5572,,深圳
5573,,长沙
5574,,上海
5575,,厦门
5576,,深圳
5577,,杭州
5578,,厦门
5579,,合肥
5580,,苏州
5581,,成都
5582,,西安
5583,,济南
5584,,深圳
5585,,太原
5586,,武汉
5587,,北京
5588,,福州
5589,,杭州
5590,,杭州
5591,,嘉兴
5592,,武汉
5593,,厦门
5594,,苏州
5595,,北京
5596,,北京
5597,,上海
5598,,深圳
5599,,深圳
5600,,上海
5601,,北京
5602,,深圳
5603,,青岛
5604,,深圳
5605,,青岛
5606,,合肥
5607,,武汉
5608,,北京
5609,,广州
5610,,武汉
5611,,长春
5612,,东莞
5613,,上海
5614,,北京
5615,,青岛
5616,,深圳
5617,,苏州
5618,,苏州
5619,,苏州
5620,,哈尔滨
5621,,杭州
5622,,厦门
5623,,洛阳
5624,,深圳
5625,,宁波
5626,,东莞
5627,,北京
5628,,深圳
5629,,长沙
5630,,武汉
5631,,秦皇
5632,,北京
5633,,上海
5634,,无锡
5635,,咸阳
5636,,苏州
5637,,洛阳
5638,,深圳
5639,,广州
5640,,乐山
5641,,杭州
5642,,深圳
5643,,上海
5644,,深圳
5645,,苏州
5646,,东莞
5647,,深圳
5648,,上海
5649,,广州
5650,,郑州
5651,,杭州
5652,,北京
5653,,北京
5654,,苏州
5655,,上海
5656,,上海
5657,,珠海
5658,,杭州
5659,,南京
5660,,深圳
5661,,深圳
5662,,苏州
5663,,杭州
5664,,南京
5665,,北京
5666,,上海
5667,,上海
5668,,无锡
5669,,咸阳
5670,,深圳
5671,,上海
5672,,深圳
5673,,无锡
5674,,天津
5675,,深圳
5676,,深圳
5677,,武汉
5678,,成都
5679,,深圳
5680,,长沙
5681,,南京
5682,,苏州
5683,,杭州
5684,,苏州
5685,,西安
5686,,上海
5687,,珠海
5688,,大连
5689,,北京
5690,,宁波
5691,,嘉兴
5692,,苏州
5693,,西安
5694,,焦作
5695,,宁波
5696,,成都
5697,,长沙
5698,,深圳
5699,,上海
5700,,南京
5701,,西安
5702,,深圳
5703,,上海
5704,,武汉
5705,,珠海
5706,,北京
5707,,苏州
5708,,北京
5709,,湘潭
5710,,杭州
5711,,深圳
5712,,宁波
5713,,北京
5714,,西安
5715,,苏州
5716,,上海
5717,,太原
5718,,无锡
5719,,成都
5720,,长沙
5721,,上海
5722,,深圳
5723,,长沙
5724,,合肥
5725,,天津
5726,,深圳
5727,,北京
5728,,肇庆
5729,,深圳
5730,,长沙
5731,,北京
5732,,深圳
5733,,温州
5734,,北京
5735,,天津
5736,,北京
5737,,长沙
5738,,哈尔滨
5739,,绍兴
5740,,北京
5741,,潍坊
5742,,北京
5743,,北京
5744,,深圳
5745,,上海
5746,,西安
5747,,成都
5748,,上海
5749,,深圳
5750,,深圳
5751,,南京
5752,,成都
5753,,成都
5754,,长沙
5755,,北京
5756,,武汉
5757,,上海
5758,,苏州
5759,,上海
5760,,南昌
5761,,沧州
5762,,北京
5763,,泰州
5764,,苏州
5765,,深圳
5766,,苏州
5767,,西安
5768,,深圳
5769,,深圳
5770,,上海
5771,,合肥
5772,,上海
5773,,北京
5774,,苏州
5775,,西安
5776,,苏州
5777,,成都
5778,,北京
5779,,珠海
5780,,漳州
5781,,杭州
5782,,东莞
5783,,北京
5784,,上海
5785,,成都
5786,,西安
5787,,无锡
5788,,西安
5789,,长沙
5790,,北京
5791,,天津
5792,,长沙
5793,,长春
5794,,东莞
5795,,武汉
5796,,深圳
5797,,无锡
5798,,成都
5799,,成都
5800,,珠海
5801,,南昌
5802,,上海
5803,,上海
5804,,杭州
5805,,成都
5806,,合肥
5807,,深圳
5808,,深圳
5809,,扬州
5810,,杭州
5811,,合肥
5812,,深圳
5813,,上海
5814,,
5815,,上海
5816,,杭州
5817,,上海
5818,,上海
5819,,苏州
5820,,上海
5821,,杭州
5822,,北京
5823,,武汉
5824,,西安
5825,,上海
5826,,北京
5827,,杭州
5828,,北京
5829,,北京
5830,,北京
5831,,上海
5832,,北京
5833,,北京
5834,,苏州
5835,,青岛
5836,,东莞
5837,,武汉
5838,,深圳
5839,,北京
5840,,
5841,,上海
5842,,杭州
5843,,上海
5844,,上海
5845,,苏州
5846,,上海
5847,,杭州
5848,,北京
5849,,武汉
5850,,杭州
5851,,北京
5852,,北京
5853,,北京
5854,,上海
5855,,北京
5856,,北京
5857,,苏州
5858,,青岛
5859,,东莞
5860,,武汉
5861,,深圳
5862,,北京
5863,,北京
5864,,深圳
5865,,江门
5866,,江门
5867,,上海
5868,,北京
5869,,上海
5870,,西安
5871,,杭州
5872,,武汉
5873,,杭州
5874,,深圳
5875,,北京
5876,,上海
5877,,重庆
5878,,苏州
5879,,上海
5880,,上海
5881,,杭州
5882,,成都
5883,,成都
5884,,武汉
5885,,成都
5886,,深圳
5887,,深圳
5888,,西安
5889,,杭州
5890,,上海
5891,,上海
5892,,苏州
5893,,苏州
5894,,上海
5895,,成都
5896,,深圳
5897,,深圳
5898,,北京
5899,,苏州
5900,,成都
5901,,南京
5902,,北京
5903,,北京
5904,,西安
5905,,南京
5906,,苏州
5907,,北京
5908,,上海
5909,,深圳
5910,,上海
5911,,北京
5912,,深圳
5913,,上海
5914,,深圳
5915,,深圳
5916,,深圳
5917,,南京
5918,,深圳
5919,,北京
5920,,深圳
5921,,宁波
5922,,上海
5923,,深圳
5924,,深圳
5925,,深圳
5926,,深圳
5927,,深圳
5928,,南京
5929,,杭州
5930,,杭州
5931,,南京
5932,,苏州
5933,,苏州
5934,,成都
5935,,成都
5936,,长沙
5937,,北京
5938,,成都
5939,,深圳
5940,,珠海
5941,,合肥
5942,,天津
5943,,杭州
5944,,深圳
5945,,成都
5946,,武汉
5947,,苏州
5948,,成都
5949,,武汉
5950,,深圳
5951,,南京
5952,,成都
5953,,上海
5954,,北京
5955,,上海
5956,,深圳
5957,,北京
5958,,北京
5959,,深圳
5960,,上海
5961,,上海
5962,,南京
5963,,东莞
5964,,深圳
5965,,成都
5966,,杭州
5967,,西安
5968,,上海
5969,,南京
5970,,北京
5971,,广州
5972,,杭州
5973,,成都
5974,,杭州
5975,,合肥
5976,,北京
5977,,上海
5978,,苏州
5979,,深圳
5980,,广州
5981,,哈尔滨
5982,,深圳
5983,,东莞
5984,,成都
5985,,武汉
5986,,北京
5987,,杭州
5988,,广州
5989,,广州
5990,,上海
5991,,深圳
5992,,武汉
5993,,西安
5994,,深圳
5995,,成都
5996,,上海
5997,,西安
5998,,上海
5999,,北京
6000,,武汉
6001,,
6002,,南京
6003,,西安
6004,,武汉
6005,,杭州
6006,,上海
6007,,深圳
6008,,贵阳
6009,,深圳
6010,,杭州
6011,,成都
6012,,上海
6013,,上海
6014,,成都
6015,,上海
6016,,深圳
6017,,西安
6018,,杭州
6019,,上海
6020,,西安
6021,,成都
6022,,西安
6023,,西安
6024,,杭州
6025,,上海
6026,,成都
6027,,西安
6028,,西安
6029,,上海
6030,,杭州
6031,,深圳
6032,,深圳
6033,,上海
6034,,杭州
6035,,西安
6036,,西安
6037,,上海
6038,,西安
6039,,北京
6040,,上海
6041,,武汉
6042,,西安
6043,,苏州
6044,,西安
6045,,南京
6046,,福州
6047,,北京
6048,,西安
6049,,珠海
6050,,东莞
6051,,北京
6052,,上海
6053,,徐州
6054,,北京
6055,,珠海
6056,,上海
6057,,上海
6058,,南京
6059,,北京
6060,,北京
6061,,成都
6062,,北京
6063,,上海
6064,,北京
6065,,南京
6066,,深圳
6067,,北京
6068,,上海
6069,,北京
6070,,北京
6071,,廊坊
6072,,北京
6073,,上海
6074,,成都
6075,,上海
6076,,上海
6077,,上海
6078,,北京
6079,,南京
6080,,广州
6081,,上海
6082,,上海
6083,,西安
6084,,北京
6085,,北京
6086,,北京
6087,,北京
6088,,深圳
6089,,深圳
6090,,北京
6091,,上海
6092,,上海
6093,,东莞
6094,,深圳
6095,,北京
6096,,杭州
6097,,上海
6098,,惠州
6099,,苏州
6100,,广州
6101,,深圳
6102,,上海
6103,,广州
6104,,上海
6105,,深圳
6106,,杭州
6107,,杭州
6108,,上海
6109,,北京
6110,,北京
6111,,上海
6112,,上海
6113,,上海
6114,,杭州
6115,,上海
6116,,杭州
6117,,上海
6118,,北京
6119,,广州
6120,,深圳
6121,,北京
6122,,上海
6123,,上海
6124,,上海
6125,,深圳
6126,,北京
6127,,北京
6128,,深圳
6129,,无锡
6130,,深圳
6131,,上海
6132,,上海
6133,,上海
6134,,深圳
6135,,上海
6136,,宁波
6137,,杭州
6138,,成都
6139,,北京
6140,,深圳
6141,,上海
6142,,上海
6143,,广州
6144,,上海
6145,,北京
6146,,苏州
6147,,上海
6148,,佛山
6149,,上海
6150,,深圳
6151,,深圳
6152,,上海
6153,,南京
6154,,南京
6155,,北京
6156,,北京
6157,,上海
6158,,北京
6159,,上海
6160,,深圳
6161,,上海
6162,,上海
6163,,北京
6164,,北京
6165,,北京
6166,,广州
6167,,上海
6168,,深圳
6169,,上海
6170,,北京
6171,,深圳
6172,,深圳
6173,,上海
6174,,成都
6175,,北京
6176,,上海
6177,,上海
6178,,深圳
6179,,北京
6180,,上海
6181,,深圳
6182,,上海
6183,,上海
6184,,苏州
6185,,上海
6186,,北京
6187,,杭州
6188,,上海
6189,,深圳
6190,,上海
6191,,上海
6192,,深圳
6193,,南通
6194,,东莞
6195,,杭州
6196,,北京
6197,,上海
6198,,上海
6199,,上海
6200,,北京
6201,,上海
6202,,上海
6203,,上海
6204,,上海
6205,,北京
6206,,苏州
6207,,嘉兴
6208,,苏州
6209,,北京
6210,,东莞
6211,,深圳
6212,,上海
6213,,上海
6214,,深圳
6215,,上海
6216,,北京
6217,,杭州
6218,,深圳
6219,,北京
6220,,上海
6221,,上海
6222,,武汉
6223,,北京
6224,,苏州
6225,,杭州
6226,,深圳
6227,,北京
6228,,深圳
6229,,北京
6230,,北京
6231,,南京
6232,,上海
6233,,珠海
6234,,上海
6235,,上海
6236,,上海
6237,,北京
6238,,北京
6239,,上海
6240,,西安
6241,,上海
6242,,上海
6243,,北京
6244,,上海
6245,,苏州
6246,,惠州
6247,,上海
6248,,西安
6249,,西安
6250,,深圳
6251,,深圳
6252,,北京
6253,,深圳
6254,,北京
6255,,北京
6256,,上海
6257,,上海
6258,,上海
6259,,东莞
6260,,南京
6261,,成都
6262,,上海
6263,,上海
6264,,北京
6265,,上海
6266,,北京
6267,,北京
6268,,深圳
6269,,上海
6270,,深圳
6271,,广州
6272,,深圳
6273,,上海
6274,,杭州
6275,,上海
6276,,广州
6277,,深圳
6278,,上海
6279,,上海
6280,,上海
6281,,深圳
6282,,深圳
6283,,佛山
6284,,深圳
6285,,广州
6286,,深圳
6287,,北京
6288,,深圳
6289,,合肥
6290,,上海
6291,,北京
6292,,上海
6293,,上海
6294,,北京
6295,,北京
6296,,上海
6297,,北京
6298,,苏州
6299,,上海
6300,,西安
6301,,深圳
6302,,杭州
6303,,北京
6304,,上海
6305,,成都
6306,,上海
6307,,上海
6308,,上海
6309,,广州
6310,,成都
6311,,深圳
6312,,西安
6313,,武汉
6314,,广州
6315,,上海
6316,,合肥
6317,,无锡
6318,,北京
6319,,上海
6320,,北京
6321,,北京
6322,,杭州
6323,,上海
6324,,北京
6325,,成都
6326,,北京
6327,,北京
6328,,中山
6329,,北京
6330,,上海
6331,,杭州
6332,,北京
6333,,上海
6334,,北京
6335,,上海
6336,,上海
6337,,北京
6338,,武汉
6339,,上海
6340,,苏州
6341,,东莞
6342,,合肥
6343,,北京
6344,,上海
6345,,长沙
6346,,天水
6347,,恩施
6348,,赤峰
6349,,
6350,,滨州
6351,,晋城
6352,,北京
6353,,巴彦
6354,,沈阳
6355,,大连
6356,,上海
6357,,武汉
6358,,郑州
6359,,本溪
6360,,太原
6361,,北京
6362,,郑州
6363,,武汉
6364,,太原
6365,,赤峰
6366,,南京
6367,,杭州
6368,,西安
6369,,广州
6370,,成都
6371,,北京
6372,,石家庄
6373,,北京
6374,,北京
6375,,北京
6376,,乌鲁木齐
6377,,北京
6378,,郑州
6379,,北京
6380,,南京
6381,,成都
6382,,西安
6383,,北京
6384,,上海
6385,,贵阳
6386,,广州
6387,,天津
6388,,上海
6389,,郑州
6390,,克拉
6391,,北京
6392,,宁波
6393,,上海
6394,,邢台
6395,,西安
6396,,北京
6397,,长沙
6398,,深圳
6399,,石家庄
6400,,成都
6401,,长沙
6402,,杭州
6403,,北京
6404,,北京
6405,,西安
6406,,北京
6407,,广州
6408,,青岛
6409,,北京
6410,,长沙
6411,,广州
6412,,东莞
6413,,镇江
6414,,杭州
6415,,北京
6416,,上海
6417,,珠海
6418,,西安
6419,,上海
6420,,北京
6421,,上海
6422,,上海
6423,,郑州
6424,,南京
6425,,北京
6426,,南京
6427,,深圳
6428,,北京
6429,,北京
6430,,武汉
6431,,长沙
6432,,东莞
6433,,镇江
6434,,珠海
6435,,上海
6436,,上海
6437,,上海
6438,,上海
6439,,东莞
6440,,镇江
6441,,上海
6442,,上海
6443,,上海
6444,,深圳
6445,,上海
6446,,上海
6447,,上海
6448,,合肥
6449,,常州
6450,,扬州
6451,,上海
6452,,北京
6453,,杭州
6454,,北京
6455,,德州
6456,,天津
6457,,西安
6458,,焦作
6459,,武汉
6460,,青岛
6461,,银川
6462,,无锡
6463,,杭州
6464,,烟台
6465,,太原
6466,,青岛
6467,,大连
6468,,天津
6469,,西安
6470,,重庆
6471,,广州
6472,,宁波
6473,,杭州
6474,,郑州
6475,,北京
6476,,保定
6477,,昆明
6478,,大连
6479,,广州
6480,,上海
6481,,北京
6482,,上海
6483,,长沙
6484,,西安
6485,,菏泽
6486,,武汉
6487,,安康
6488,,苏州
6489,,西安
6490,,深圳
6491,,潍坊
6492,,济南
6493,,济南
6494,,西安
6495,,深圳
6496,,石家庄
6497,,深圳
6498,,北京
6499,,大连
6500,,西安
6501,,青岛
6502,,成都
6503,,上海
6504,,武汉
6505,,常州
6506,,徐州
6507,,上海
6508,,北京
6509,,武汉
6510,,上海
6511,,南京
6512,,长沙
6513,,北京
6514,,厦门
6515,,苏州
6516,,沈阳
6517,,苏州
6518,,东莞
6519,,合肥
6520,,北京
6521,,成都
6522,,烟台
6523,,天津
6524,,石家庄
6525,,沈阳
6526,,西安
6527,,绍兴
6528,,合肥
6529,,北京
6530,,北京
6531,,青岛
6532,,保定
6533,,沈阳
6534,,北京
6535,,苏州
6536,,上海
6537,,南京
6538,,苏州
6539,,北京
6540,,上海
6541,,长沙
6542,,青岛
6543,,合肥
6544,,
6545,,深圳
6546,,北京
6547,,苏州
6548,,上饶
6549,,北京
6550,,哈尔滨
6551,,福州
6552,,济南
6553,,济南
6554,,天津
6555,,西安
6556,,南京
6557,,北京
6558,,南京
6559,,西安
6560,,石家庄
6561,,淄博
6562,,北京
6563,,常州
6564,,杭州
6565,,广州
6566,,北京
6567,,开封
6568,,西安
6569,,沈阳
6570,,郑州
6571,,北京
6572,,成都
6573,,常德
6574,,南京
6575,,北京
6576,,石家庄
6577,,苏州
6578,,杭州
6579,,北京
6580,,唐山
6581,,成都
6582,,天津
6583,,成都
6584,,青岛
6585,,北京
6586,,长沙
6587,,北京
6588,,青岛
6589,,西安
6590,,天津
6591,,盘锦
6592,,重庆
6593,,长沙
6594,,武汉
6595,,合肥
6596,,长沙
6597,,宜春
6598,,昆明
6599,,长春
6600,,杭州
6601,,哈尔滨
6602,,重庆
6603,,重庆
6604,,西安
6605,,成都
6606,,徐州
6607,,北京
6608,,上海
6609,,郑州
6610,,佛山
6611,,太原
6612,,南昌
6613,,杭州
6614,,北京
6615,,沈阳
6616,,西安
6617,,沈阳
6618,,北京
6619,,宁波
6620,,天津
6621,,包头
6622,,上海
6623,,苏州
6624,,烟台
6625,,深圳
6626,,无锡
6627,,长春
6628,,成都
6629,,广州
6630,,北京
6631,,苏州
6632,,深圳
6633,,南京
6634,,武汉
6635,,嘉兴
6636,,昆明
6637,,郑州
6638,,武汉
6639,,青岛
6640,,南京
6641,,西安
6642,,长春
6643,,上海
6644,,北京
6645,,银川
6646,,台州
6647,,长沙
6648,,苏州
6649,,长沙
6650,,武汉
6651,,秦皇
6652,,东莞
6653,,成都
6654,,青岛
6655,,南昌
6656,,天津
6657,,中山
6658,,武汉
6659,,威海
6660,,杭州
6661,,泉州
6662,,杭州
6663,,北京
6664,,郑州
6665,,深圳
6666,,哈尔滨
6667,,潍坊
6668,,中山
6669,,苏州
6670,,北京
6671,,武汉
6672,,北京
6673,,成都
6674,,湖州
6675,,盐城
6676,,太原
6677,,北京
6678,,滁州
6679,,嘉兴
6680,,兰州
6681,,广州
6682,,成都
6683,,重庆
6684,,武汉
6685,,成都
6686,,西安
6687,,贵阳
6688,,贵阳
6689,,天津
6690,,襄阳
6691,,郑州
6692,,杭州
6693,,南京
6694,,武汉
6695,,金华
6696,,广州
6697,,沈阳
6698,,深圳
6699,,上海
6700,,武汉
6701,,烟台
6702,,银川
6703,,东莞
6704,,广州
6705,,广州
6706,,厦门
6707,,北京
6708,,天津
6709,,烟台
6710,,合肥
6711,,济南
6712,,武汉
6713,,南京
6714,,青岛
6715,,南京
6716,,苏州
6717,,上海
6718,,济南
6719,,南京
6720,,深圳
6721,,上海
6722,,北京
6723,,厦门
6724,,深圳
6725,,成都
6726,,上海
6727,,上海
6728,,北京
6729,,杭州
6730,,北京
6731,,上海
6732,,深圳
6733,,南京
6734,,宁波
6735,,广州
6736,,上海
6737,,
6738,,上海
6739,,天津
6740,,合肥
6741,,南京
6742,,
6743,,北京
6744,,北京
6745,,北京
6746,,上海
6747,,杭州
6748,,上海
6749,,成都
6750,,芜湖
6751,,上海
6752,,北京
6753,,上海
6754,,广州
6755,,苏州
6756,,上海
6757,,深圳
6758,,深圳
6759,,成都
6760,,西安
6761,,北京
6762,,南京
6763,,广州
6764,,深圳
6765,,西安
6766,,北京
6767,,南京
6768,,广州
6769,,成都
6770,,北京
6771,,成都
6772,,武汉
6773,,深圳
6774,,长沙
6775,,深圳
6776,,成都
6777,,上海
6778,,上海
6779,,上海
6780,,长沙
6781,,北京
6782,,宁波
6783,,杭州
6784,,深圳
6785,,深圳
6786,,北京
6787,,深圳
6788,,深圳
6789,,北京
6790,,北京
6791,,深圳
6792,,烟台
6793,,北京
6794,,上海
6795,,广州
6796,,成都
6797,,苏州
6798,,深圳
6799,,常州
6800,,西安
6801,,珠海
6802,,深圳
6803,,苏州
6804,,合肥
6805,,苏州
6806,,苏州
6807,,苏州
6808,,北京
6809,,惠州
6810,,深圳
6811,,北京
6812,,南京
6813,,合肥
6814,,成都
6815,,杭州
6816,,上海
6817,,北京
6818,,上海
6819,,武汉
6820,,福州
6821,,北京
6822,,北京
6823,,北京
6824,,深圳
6825,,深圳
6826,,宁波
6827,,上海
6828,,上海
6829,,上海
6830,,上海
6831,,西安
6832,,深圳
6833,,深圳
6834,,南京
6835,,上海
6836,,苏州
6837,,上海
6838,,深圳
6839,,广州
6840,,上海
6841,,常州
6842,,北京
6843,,北京
6844,,嘉兴
6845,,深圳
6846,,深圳
6847,,上海
6848,,佛山
6849,,成都
6850,,苏州
6851,,武汉
6852,,衢州
6853,,天津
6854,,北京
6855,,西安
6856,,北京
6857,,上海
6858,,北京
6859,,南京
6860,,苏州
6861,,武汉
6862,,上海
6863,,深圳
6864,,上海
6865,,北京
6866,,上海
6867,,常州
6868,,北京
6869,,上海
6870,,西安
6871,,北京
6872,,南京
6873,,上海
6874,,上海
6875,,上海
6876,,北京
6877,,深圳
6878,,南京
6879,,成都
6880,,苏州
6881,,北京
6882,,上海
6883,,长沙
6884,,上海
6885,,青岛
6886,,北京
6887,,上海
6888,,北京
6889,,上海
6890,,北京
6891,,南京
6892,,北京
6893,,北京
6894,,北京
6895,,上海
6896,,常州
6897,,上海
6898,,武汉
6899,,上海
6900,,南京
6901,,北京
6902,,深圳
6903,,深圳
6904,,重庆
6905,,广州
6906,,北京
6907,,西安
6908,,惠州
6909,,西安
6910,,上海
6911,,上海
6912,,南京
6913,,长沙
6914,,南京
6915,,深圳
6916,,深圳
6917,,深圳
6918,,上海
6919,,北京
6920,,上海
6921,,北京
6922,,上海
6923,,深圳
6924,,中山
6925,,南京
6926,,深圳
6927,,上海
6928,,上海
6929,,上海
6930,,北京
6931,,苏州
6932,,北京
6933,,北京
6934,,上海
6935,,北京
6936,,上海
6937,,合肥
6938,,苏州
6939,,惠州
6940,,深圳
6941,,上海
6942,,北京
6943,,北京
6944,,上海
6945,,深圳
6946,,北京
6947,,上海
6948,,深圳
6949,,南京
6950,,北京
6951,,福州
6952,,武汉
6953,,杭州
6954,,上海
6955,,上海
6956,,上海
6957,,北京
6958,,杭州
6959,,上海
6960,,苏州
6961,,上海
6962,,北京
6963,,北京
6964,,上海
6965,,上海
6966,,北京
6967,,北京
6968,,成都
6969,,北京
6970,,深圳
6971,,上海
6972,,北京
6973,,上海
6974,,北京
6975,,上海
6976,,深圳
6977,,北京
6978,,杭州
6979,,上海
6980,,杭州
6981,,苏州
6982,,苏州
6983,,北京
6984,,北京
6985,,杭州
6986,,上海
6987,,北京
6988,,深圳
6989,,上海
6990,,北京
6991,,深圳
6992,,南京
6993,,北京
6994,,上海
6995,,北京
6996,,上海
6997,,杭州
6998,,北京
6999,,北京
7000,,南京
7001,,北京
7002,,北京
7003,,深圳
7004,,杭州
7005,,青岛
7006,,北京
7007,,南京
7008,,北京
7009,,北京
7010,,上海
7011,,上海
7012,,北京
7013,,北京
7014,,上海
7015,,深圳
7016,,上海
7017,,合肥
7018,,成都
7019,,上海
7020,,深圳
7021,,上海
7022,,上海
7023,,北京
7024,,深圳
7025,,上海
7026,,成都
7027,,上海
7028,,北京
7029,,成都
7030,,北京
7031,,北京
7032,,北京
7033,,北京
7034,,北京
7035,,上海
7036,,上海
7037,,上海
7038,,上海
7039,,上海
7040,,南京
7041,,北京
7042,,南京
7043,,上海
7044,,深圳
7045,,成都
7046,,上海
7047,,上海
7048,,芜湖
7049,,北京
7050,,上海
7051,,上海
7052,,西安
7053,,深圳
7054,,杭州
7055,,武汉
7056,,厦门
7057,,成都
7058,,北京
7059,,北京
7060,,上海
7061,,北京
7062,,上海
7063,,上海
7064,,北京
7065,,上海
7066,,深圳
7067,,上海
7068,,北京
7069,,天津
7070,,北京
7071,,上海
7072,,深圳
7073,,深圳
7074,,北京
7075,,南京
7076,,北京
7077,,深圳
7078,,上海
7079,,北京
7080,,北京
7081,,东莞
7082,,深圳
7083,,深圳
7084,,北京
7085,,上海
7086,,深圳
7087,,北京
7088,,上海
7089,,上海
7090,,北京
7091,,上海
7092,,杭州
7093,,上海
7094,,杭州
7095,,珠海
7096,,南京
7097,,深圳
7098,,深圳
7099,,南京
7100,,北京
7101,,北京
7102,,上海
7103,,上海
7104,,上海
7105,,北京
7106,,北京
7107,,上海
7108,,上海
7109,,上海
7110,,深圳
7111,,深圳
7112,,北京
7113,,深圳
7114,,上海
7115,,深圳
7116,,郑州
7117,,北京
7118,,北京
7119,,杭州
7120,,上海
7121,,上海
7122,,苏州
7123,,上海
7124,,上海
7125,,上海
7126,,上海
7127,,成都
7128,,上海
7129,,珠海
7130,,苏州
7131,,深圳
7132,,上海
7133,,北京
7134,,成都
7135,,南京
7136,,青岛
7137,,深圳
7138,,珠海
7139,,北京
7140,,深圳
7141,,上海
7142,,上海
7143,,北京
7144,,武汉
7145,,上海
7146,,深圳
7147,,西安
7148,,北京
7149,,上海
7150,,南京
7151,,上海
7152,,深圳
7153,,深圳
7154,,上海
7155,,上海
7156,,上海
7157,,深圳
7158,,北京
7159,,上海
7160,,北京
7161,,上海
7162,,上海
7163,,北京
7164,,北京
7165,,上海
7166,,苏州
7167,,广州
7168,,深圳
7169,,西安
7170,,北京
7171,,北京
7172,,上海
7173,,上海
7174,,北京
7175,,西安
7176,,上海
7177,,杭州
7178,,杭州
7179,,上海
7180,,深圳
7181,,北京
7182,,上海
7183,,上海
7184,,成都
7185,,上海
7186,,南京
7187,,深圳
7188,,绍兴
7189,,天津
7190,,东莞
7191,,武汉
7192,,成都
7193,,佛山
7194,,无锡
7195,,佛山
7196,,北京
7197,,深圳
7198,,大连
7199,,佛山
7200,,广州
7201,,南京
7202,,南京
7203,,北京
7204,,惠州
7205,,北京
7206,,北京
7207,,南京
7208,,青岛
7209,,北京
7210,,北京
7211,,上海
7212,,广州
7213,,石家庄
7214,,西安
7215,,南京
7216,,上海
7217,,南京
7218,,深圳
7219,,合肥
7220,,成都
7221,,重庆
7222,,绍兴
7223,,武汉
7224,,南京
7225,,武汉
7226,,南京
7227,,宁波
7228,,南京
7229,,北京
7230,,上海
7231,,成都
7232,,上海
7233,,苏州
7234,,合肥
7235,,上海
7236,,深圳
7237,,杭州
7238,,杭州
7239,,北京
7240,,杭州
7241,,大连
7242,,济南
7243,,上海
7244,,北京
7245,,北京
7246,,北京
7247,,上海
7248,,成都
7249,,杭州
7250,,海口
7251,,昆明
7252,,上海
7253,,上海
7254,,北京
7255,,济南
7256,,深圳
7257,,西安
7258,,合肥
7259,,南昌
7260,,上海
7261,,苏州
7262,,深圳
7263,,滨州
7264,,西安
7265,,烟台
7266,,大连
7267,,武汉
7268,,深圳
7269,,北京
7270,,北京
7271,,东莞
7272,,佛山
7273,,长春
7274,,东营
7275,,珠海
7276,,大连
7277,,杭州
7278,,宁波
7279,,武汉
7280,,汕尾
7281,,杭州
7282,,深圳
7283,,上海
7284,,徐州
7285,,上海
7286,,北京
7287,,苏州
7288,,德阳
7289,,深圳
7290,,深圳
7291,,北京
7292,,珠海
7293,,宁德
7294,,西安
7295,,深圳
7296,,苏州
7297,,武汉
7298,,长沙
7299,,杭州
7300,,海口
7301,,苏州
7302,,洛阳
7303,,长春
7304,,天津
7305,,深圳
7306,,石家庄
7307,,北京
7308,,苏州
7309,,南京
7310,,北京
7311,,成都
7312,,北京
7313,,石嘴
7314,,上海
7315,,武汉
7316,,海口
7317,,宁波
7318,,上海
7319,,苏州
7320,,南京
7321,,南昌
7322,,苏州
7323,,佛山
7324,,台州
7325,,合肥
7326,,成都
7327,,青岛
7328,,天津
7329,,济南
7330,,南京
7331,,北京
7332,,成都
7333,,北京
7334,,石嘴
7335,,合肥
7336,,武汉
7337,,北京
7338,,南京
7339,,苏州
7340,,湖州
7341,,武汉
7342,,合肥
7343,,潍坊
7344,,沈阳
7345,,合肥
7346,,苏州
7347,,
7348,,广州
7349,,南京
7350,,廊坊
7351,,济南
7352,,包头
7353,,德州
7354,,深圳
7355,,宁德
7356,,青岛
7357,,西安
7358,,苏州
7359,,宁波
7360,,合肥
7361,,无锡
7362,,南通
7363,,南京
7364,,深圳
7365,,深圳
7366,,成都
7367,,昆明
7368,,常州
7369,,漳州
7370,,广州
7371,,北京
7372,,上海
7373,,北京
7374,,惠州
7375,,嘉兴
7376,,广州
7377,,北京
7378,,武汉
7379,,苏州
7380,,北京
7381,,杭州
7382,,北京
7383,,西安
7384,,北京
7385,,北京
7386,,东莞
7387,,上海
7388,,上海
7389,,杭州
7390,,西安
7391,,上海
7392,,武汉
7393,,南京
7394,,郑州
7395,,佛山
7396,,北京
7397,,上海
7398,,西安
7399,,深圳
7400,,青岛
7401,,北京
7402,,北京
7403,,北京
7404,,合肥
7405,,无锡
7406,,上海
7407,,北京
7408,,北京
7409,,深圳
7410,,杭州
7411,,深圳
7412,,南京
7413,,中山
7414,,北京
7415,,合肥
7416,,西安
7417,,北京
7418,,上海
7419,,青岛
7420,,西安
7421,,深圳
7422,,深圳
7423,,绍兴
7424,,苏州
7425,,北京
7426,,南京
7427,,南京
7428,,天津
7429,,长沙
7430,,上海
7431,,重庆
7432,,绍兴
7433,,成都
7434,,广州
7435,,北京
7436,,上海
7437,,西安
7438,,上海
7439,,北京
7440,,南京
7441,,天津
7442,,武汉
7443,,杭州
7444,,宁波
7445,,北京
7446,,无锡
7447,,深圳
7448,,上海
7449,,沈阳
7450,,天津
7451,,北京
7452,,北京
7453,,哈尔滨
7454,,苏州
7455,,北京
7456,,广州
7457,,北京
7458,,邢台
7459,,合肥
7460,,合肥
7461,,宁波
7462,,北京
7463,,南京
7464,,北京
7465,,合肥
7466,,长沙
7467,,深圳
7468,,成都
7469,,深圳
7470,,深圳
7471,,上海
7472,,珠海
7473,,杭州
7474,,上海
7475,,合肥
7476,,上海
7477,,苏州
7478,,上海
7479,,广州
7480,,深圳
7481,,上海
7482,,重庆
7483,,绍兴
7484,,成都
7485,,北京
7486,,无锡
7487,,苏州
7488,,深圳
7489,,上海
7490,,哈尔滨
7491,,北京
7492,,绍兴
7493,,南京
7494,,北京
7495,,杭州
7496,,厦门
7497,,南京
7498,,北京
7499,,沈阳
7500,,南京
7501,,天津
7502,,天津
7503,,武汉
7504,,杭州
7505,,宁波
7506,,北京
7507,,上海
7508,,深圳
7509,,广州
7510,,绍兴
7511,,南京
7512,,西安
7513,,杭州
7514,,成都
7515,,西安
7516,,杭州
7517,,成都
7518,,成都
7519,,成都
7520,,深圳
7521,,深圳
7522,,深圳
7523,,南京
7524,,南京
7525,,宁波
7526,,北京
7527,,南京
7528,,杭州
7529,,深圳
7530,,深圳
7531,,成都
7532,,惠州
7533,,南京
7534,,北京
7535,,上海
7536,,北京
7537,,深圳
7538,,杭州
7539,,合肥
7540,,北京
7541,,杭州
7542,,上海
7543,,南通
7544,,上海
7545,,苏州
7546,,杭州
7547,,杭州
7548,,北京
7549,,深圳
7550,,西安
7551,,苏州
7552,,合肥
7553,,广州
7554,,北京
7555,,北京
7556,,上海
7557,,北京
7558,,武汉
7559,,佛山
7560,,天津
7561,,北京
7562,,深圳
7563,,无锡
7564,,西安
7565,,西安
7566,,大连
7567,,济南
7568,,深圳
7569,,上海
7570,,成都
7571,,佛山
7572,,北京
7573,,杭州
7574,,苏州
7575,,武汉
7576,,合肥
7577,,绍兴
7578,,厦门
7579,,杭州
7580,,上海
7581,,济南
7582,,杭州
7583,,北京
7584,,深圳
7585,,上海
7586,,南京
7587,,上海
7588,,上海
7589,,深圳
7590,,上海
7591,,北京
7592,,上海
7593,,北京
7594,,北京
7595,,合肥
7596,,北京
7597,,深圳
7598,,佛山
7599,,北京
7600,,上海
7601,,深圳
7602,,上海
7603,,南京
7604,,南京
7605,,杭州
7606,,深圳
7607,,上海
7608,,济南
7609,,广州
7610,,苏州
7611,,深圳
7612,,厦门
7613,,上海
7614,,武汉
7615,,深圳
7616,,广州
7617,,邯郸
7618,,东莞
7619,,青岛
7620,,昆明
7621,,北京
7622,,济南
7623,,杭州
7624,,深圳
7625,,北京
7626,,上海
7627,,深圳
7628,,上海
7629,,北京
7630,,北京
7631,,北京
7632,,北京
7633,,深圳
7634,,北京
7635,,深圳
7636,,广州
7637,,北京
7638,,上海
7639,,北京
7640,,北京
7641,,深圳
7642,,北京
7643,,深圳
7644,,苏州
7645,,北京
7646,,济南
7647,,广州
7648,,北京
7649,,泉州
7650,,深圳
7651,,长沙
7652,,杭州
7653,,上海
7654,,北京
7655,,嘉兴
7656,,常州
7657,,西安
7658,,杭州
7659,,咸宁
7660,,东莞
7661,,上海
7662,,深圳
7663,,合肥
7664,,大连
7665,,北京
7666,,北京
7667,,遵义
7668,,深圳
7669,,北京
7670,,深圳
7671,,合肥
7672,,深圳
7673,,上海
7674,,宁波
7675,,北京
7676,,深圳
7677,,西安
7678,,长沙
7679,,苏州
7680,,台州
7681,,深圳
7682,,张家
7683,,上海
7684,,上海
7685,,苏州
7686,,中山
7687,,成都
7688,,北京
7689,,深圳
7690,,成都
7691,,上海
7692,,深圳
7693,,深圳
7694,,北京
7695,,苏州
7696,,上海
7697,,上海
7698,,深圳
7699,,北京
7700,,深圳
7701,,上海
7702,,苏州
7703,,上海
7704,,北京
7705,,济南
7706,,广州
7707,,北京
7708,,泉州
7709,,北京
7710,,深圳
7711,,东莞
7712,,上海
7713,,合肥
7714,,大连
7715,,北京
7716,,上海
7717,,哈尔滨
7718,,深圳
7719,,北京
7720,,杭州
7721,,宁波
7722,,北京
7723,,广州
7724,,广州
7725,,上海
7726,,杭州
7727,,北京
7728,,北京
7729,,深圳
7730,,杭州
7731,,北京
7732,,北京
7733,,深圳
7734,,扬州
7735,,北京
7736,,苏州
7737,,上海
7738,,上海
7739,,深圳
7740,,深圳
7741,,上海
7742,,青岛
7743,,北京
7744,,上海
7745,,北京
7746,,上海
7747,,成都
7748,,苏州
7749,,深圳
7750,,杭州
7751,,东莞
7752,,上海
7753,,杭州
7754,,珠海
7755,,上海
7756,,北京
7757,,上海
7758,,深圳
7759,,合肥
7760,,上海
7761,,深圳
7762,,上海
7763,,杭州
7764,,北京
7765,,北京
7766,,北京
7767,,广州
7768,,北京
7769,,绥化
7770,,北京
7771,,北京
7772,,北京
7773,,杭州
7774,,上海
7775,,苏州
7776,,苏州
7777,,北京
7778,,合肥
7779,,上海
7780,,北京
7781,,南京
7782,,上海
7783,,深圳
7784,,上海
7785,,济南
7786,,北京
7787,,长沙
7788,,北京
7789,,深圳
7790,,长沙
7791,,济南
7792,,上海
7793,,杭州
7794,,广州
7795,,北京
7796,,青岛
7797,,深圳
7798,,上海
7799,,上海
7800,,北京
7801,,杭州
7802,,北京
7803,,成都
7804,,北京
7805,,北京
7806,,长沙
7807,,上海
7808,,北京
7809,,深圳
7810,,成都
7811,,深圳
7812,,深圳
7813,,深圳
7814,,杭州
7815,,深圳
7816,,上海
7817,,上海
7818,,上海
7819,,上海
7820,,济南
7821,,济南
7822,,深圳
7823,,北京
7824,,南京
7825,,北京
7826,,杭州
7827,,上海
7828,,深圳
7829,,北京
7830,,北京
7831,,北京
7832,,西安
7833,,上海
7834,,成都
7835,,福州
7836,,苏州
7837,,上海
7838,,深圳
7839,,西安
7840,,深圳
7841,,苏州
7842,,杭州
7843,,台州
7844,,北京
7845,,深圳
7846,,南京
7847,,上海
7848,,杭州
7849,,苏州
7850,,苏州
7851,,北京
7852,,上海
7853,,广州
7854,,北京
7855,,上海
7856,,深圳
7857,,济南
7858,,广州
7859,,杭州
7860,,苏州
7861,,北京
7862,,保定
7863,,文山
7864,,宝鸡
7865,,许昌
7866,,南充
7867,,无锡
7868,,石家庄
7869,,杭州
7870,,南宁
7871,,昆明
7872,,银川
7873,,成都
7874,,大连
7875,,沈阳
7876,,宁波
7877,,呼和浩特
7878,,南宁
7879,,贵阳
7880,,深圳
7881,,青岛
7882,,四平
7883,,长春
7884,,哈尔滨
7885,,南宁
7886,,呼和浩特
7887,,焦作
7888,,长沙
7889,,杭州
7890,,盐城
7891,,邯郸
7892,,长沙
7893,,乌鲁木齐
7894,,南宁
7895,,泰州
7896,,北京
7897,,武汉
7898,,沈阳
7899,,嘉兴
7900,,上海
7901,,宜春
7902,,广州
7903,,重庆
7904,,北京
7905,,新乡
7906,,乌鲁木齐
7907,,丹东
7908,,天津
7909,,青岛
7910,,重庆
7911,,石家庄
7912,,呼和浩特
7913,,临夏
7914,,天津
7915,,南京
7916,,呼和浩特
7917,,呼伦
7918,,天津
7919,,沈阳
7920,,贵阳
7921,,晋城
7922,,太原
7923,,杭州
7924,,哈尔滨
7925,,朝阳
7926,,天津
7927,,鞍山
7928,,南宁
7929,,呼和浩特
7930,,襄阳
7931,,深圳
7932,,张掖
7933,,泉州
7934,,呼和浩特
7935,,南昌
7936,,珠海
7937,,南京
7938,,天津
7939,,包头
7940,,合肥
7941,,长治
7942,,宜昌
7943,,三门
7944,,汉中
7945,,武汉
7946,,株洲
7947,,合肥
7948,,焦作
7949,,广州
7950,,沈阳
7951,,齐齐
7952,,九江
7953,,临汾
7954,,三明
7955,,保定
7956,,西安
7957,,柳州
7958,,沈阳
7959,,揭阳
7960,,北京
7961,,唐山
7962,,汕尾
7963,,杭州
7964,,泉州
7965,,呼和浩特
7966,,郑州
7967,,海口
7968,,乌鲁木齐
7969,,绥化
7970,,威海
7971,,广州
7972,,漳州
7973,,南宁
7974,,晋城
7975,,抚州
7976,,太原
7977,,赤峰
7978,,广州
7979,,太原
7980,,衡阳
7981,,葫芦
7982,,抚顺
7983,,金华
7984,,邢台
7985,,张掖
7986,,重庆
7987,,晋城
7988,,郑州
7989,,乐山
7990,,济南
7991,,长治
7992,,南平
7993,,咸阳
7994,,成都
7995,,西安
7996,,齐齐
7997,,葫芦
7998,,鞍山
7999,,昆明
8000,,杭州
8001,,保定
8002,,自贡
8003,,晋城
8004,,新余
8005,,宁波
8006,,焦作
8007,,成都
8008,,临汾
8009,,平顶
8010,,石家庄
8011,,大连
8012,,杭州
8013,,杭州
8014,,武汉
8015,,邯郸
8016,,长春
8017,,池州
8018,,泉州
8019,,佛山
8020,,鹤壁
8021,,珠海
8022,,扬州
8023,,桂林
8024,,南昌
8025,,西安
8026,,
8027,,郑州
8028,,广州
8029,,银川
8030,,重庆
8031,,新乡
8032,,沈阳
8033,,苏州
8034,,成都
8035,,青岛
8036,,长治
8037,,青岛
8038,,重庆
8039,,长春
8040,,襄阳
8041,,佛山
8042,,石家庄
8043,,南宁
8044,,廊坊
8045,,南充
8046,,武汉
8047,,鞍山
8048,,长春
8049,,广州
8050,,泸州
8051,,苏州
8052,,贵阳
8053,,南宁
8054,,娄底
8055,,淮北
8056,,宁波
8057,,南昌
8058,,乌鲁木齐
8059,,兰州
8060,,银川
8061,,安庆
8062,,营口
8063,,三亚
8064,,贵阳
8065,,长沙
8066,,苏州
8067,,唐山
8068,,衡水
8069,,柳州
8070,,深圳
8071,,贵阳
8072,,南通
8073,,阜阳
8074,,广州
8075,,成都
8076,,贵阳
8077,,运城
8078,,金华
8079,,运城
8080,,无锡
8081,,重庆
8082,,衡水
8083,,石家庄
8084,,珠海
8085,,烟台
8086,,河池
8087,,金华
8088,,杭州
8089,,台州
8090,,大连
8091,,杭州
8092,,鞍山
8093,,邯郸
8094,,陇南
8095,,沈阳
8096,,哈尔滨
8097,,沈阳
8098,,济源
8099,,昆明
8100,,保定
8101,,武汉
8102,,温州
8103,,南宁
8104,,大连
8105,,宿州
8106,,广州
8107,,长沙
8108,,中山
8109,,银川
8110,,雅安
8111,,南宁
8112,,成都
8113,,资阳
8114,,大同
8115,,兰州
8116,,淮北
8117,,北京
8118,,沈阳
8119,,大理
8120,,成都
8121,,武汉
8122,,南京
8123,,滁州
8124,,成都
8125,,广州
8126,,驻马
8127,,成都
8128,,广州
8129,,上饶
8130,,南宁
8131,,西安
8132,,西安
8133,,中山
8134,,广安
8135,,南通
8136,,安阳
8137,,齐齐
8138,,南京
8139,,石家庄
8140,,丽江
8141,,福州
8142,,天津
8143,,银川
8144,,济南
8145,,大连
8146,,衡水
8147,,太原
8148,,云浮
8149,,成都
8150,,惠州
8151,,郑州
8152,,长沙
8153,,廊坊
8154,,丹东
8155,,嘉兴
8156,,西安
8157,,台州
8158,,合肥
8159,,清远
8160,,佛山
8161,,宝鸡
8162,,哈尔滨
8163,,咸阳
8164,,西安
8165,,阿拉
8166,,长沙
8167,,宿迁
8168,,潮州
8169,,苏州
8170,,石家庄
8171,,上海
8172,,黑河
8173,,潍坊
8174,,重庆
8175,,连云
8176,,成都
8177,,沈阳
8178,,武汉
8179,,清远
8180,,南京
8181,,淄博
8182,,秦皇
8183,,哈尔滨
8184,,重庆
8185,,深圳
8186,,邢台
8187,,淮安
8188,,阳泉
8189,,嘉兴
8190,,南宁
8191,,兰州
8192,,杭州
8193,,呼和浩特
8194,,长春
8195,,枣庄
8196,,广州
8197,,邯郸
8198,,济宁
8199,,襄阳
8200,,北京
8201,,上海
8202,,珠海
8203,,广州
8204,,包头
8205,,西宁
8206,,无锡
8207,,郑州
8208,,沈阳
8209,,宝鸡
8210,,肇庆
8211,,上海
8212,,凉山
8213,,广州
8214,,临汾
8215,,漳州
8216,,成都
8217,,广州
8218,,西安
8219,,济南
8220,,伊犁
8221,,平顶
8222,,亳州
8223,,无锡
8224,,廊坊
8225,,淄博
8226,,太原
8227,,徐州
8228,,西安
8229,,阿克
8230,,博尔
8231,,郑州
8232,,天津
8233,,上海
8234,,常德
8235,,珠海
8236,,大连
8237,,西安
8238,,郑州
8239,,郑州
8240,,南京
8241,,合肥
8242,,惠州
8243,,泸州
8244,,南京
8245,,太原
8246,,大连
8247,,武汉
8248,,太原
8249,,杭州
8250,,郑州
8251,,石家庄
8252,,南通
8253,,洛阳
8254,,郑州
8255,,台州
8256,,常德
8257,,临沂
8258,,临沂
8259,,北京
8260,,临汾
8261,,克拉
8262,,镇江
8263,,晋中
8264,,广州
8265,,桂林
8266,,西安
8267,,南通
8268,,襄阳
8269,,中山
8270,,通辽
8271,,兰州
8272,,邯郸
8273,,太原
8274,,驻马
8275,,芜湖
8276,,沈阳
8277,,湛江
8278,,开封
8279,,南通
8280,,济南
8281,,北京
8282,,保定
8283,,南宁
8284,,广州
8285,,广州
8286,,深圳
8287,,北京
8288,,济南
8289,,南昌
8290,,福州
8291,,昆明
8292,,宜昌
8293,,杭州
8294,,东莞
8295,,湖州
8296,,天津
8297,,北京
8298,,南通
8299,,南昌
8300,,呼和浩特
8301,,昆明
8302,,沧州
8303,,北京
8304,,合肥
8305,,茂名
8306,,南宁
8307,,广州
8308,,保定
8309,,张家
8310,,太原
8311,,西安
8312,,景德
8313,,泉州
8314,,武汉
8315,,威海
8316,,淮南
8317,,郑州
8318,,黄冈
8319,,宜昌
8320,,包头
8321,,临汾
8322,,济南
8323,,南充
8324,,郑州
8325,,宣城
8326,,天津
8327,,韶关
8328,,苏州
8329,,广州
8330,,邯郸
8331,,南阳
8332,,濮阳
8333,,长沙
8334,,兰州
8335,,济南
8336,,广州
8337,,成都
8338,,西安
8339,,晋中
8340,,广州
8341,,金华
8342,,济宁
8343,,昆明
8344,,烟台
8345,,芜湖
8346,,海口
8347,,北京
8348,,长春
8349,,长沙
8350,,东营
8351,,庆阳
8352,,江门
8353,,无锡
8354,,六安
8355,,汕头
8356,,长沙
8357,,长春
8358,,珠海
8359,,济南
8360,,大连
8361,,秦皇
8362,,珠海
8363,,唐山
8364,,大同
8365,,温州
8366,,郑州
8367,,南宁
8368,,兰州
8369,,芜湖
8370,,郴州
8371,,营口
8372,,呼和浩特
8373,,天津
8374,,遵义
8375,,江门
8376,,成都
8377,,徐州
8378,,廊坊
8379,,珠海
8380,,天津
8381,,焦作
8382,,大连
8383,,咸阳
8384,,西宁
8385,,成都
8386,,芜湖
8387,,惠州
8388,,合肥
8389,,鹤壁
8390,,晋城
8391,,北京
8392,,安庆
8393,,大连
8394,,包头
8395,,宁波
8396,,长春
8397,,菏泽
8398,,岳阳
8399,,南京
8400,,西安
8401,,宜昌
8402,,呼和浩特
8403,,郑州
8404,,深圳
8405,,兰州
8406,,南宁
8407,,郑州
8408,,甘南
8409,,商洛
8410,,石家庄
8411,,济南
8412,,漯河
8413,,西宁
8414,,白银
8415,,大连
8416,,南通
8417,,吉安
8418,,太原
8419,,泰安
8420,,成都
8421,,长春
8422,,西宁
8423,,乐山
8424,,兰州
8425,,大庆
8426,,烟台
8427,,西安
8428,,肇庆
8429,,齐齐
8430,,济南
8431,,中山
8432,,杭州
8433,,泰安
8434,,桂林
8435,,南宁
8436,,天津
8437,,合肥
8438,,滨州
8439,,郑州
8440,,佛山
8441,,济南
8442,,淮南
8443,,深圳
8444,,昆明
8445,,金华
8446,,无锡
8447,,马鞍
8448,,泉州
8449,,成都
8450,,惠州
8451,,合肥
8452,,廊坊
8453,,福州
8454,,长沙
8455,,洛阳
8456,,淮安
8457,,福州
8458,,湖州
8459,,衡水
8460,,泸州
8461,,温州
8462,,西安
8463,,株洲
8464,,南昌
8465,,石家庄
8466,,广州
8467,,德阳
8468,,东营
8469,,成都
8470,,郑州
8471,,西宁
8472,,西安
8473,,鄂尔多斯
8474,,无锡
8475,,保定
8476,,长春
8477,,西安
8478,,焦作
8479,,淮北
8480,,济南
8481,,杭州
8482,,石家庄
8483,,西安
8484,,河源
8485,,成都
8486,,广州
8487,,郑州
8488,,哈尔滨
8489,,东莞
8490,,东莞
8491,,哈尔滨
8492,,茂名
8493,,长春
8494,,焦作
8495,,长沙
8496,,广州
8497,,广州
8498,,长春
8499,,淮南
8500,,珠海
8501,,天津
8502,,南京
8503,,郑州
8504,,上海
8505,,北京
8506,,广州
8507,,成都
8508,,嘉兴
8509,,泰州
8510,,兰州
8511,,广州
8512,,宁波
8513,,石家庄
8514,,宜昌
8515,,池州
8516,,合肥
8517,,武汉
8518,,大连
8519,,邢台
8520,,上海
8521,,广州
8522,,太原
8523,,南京
8524,,北京
8525,,银川
8526,,南昌
8527,,锡林
8528,,烟台
8529,,福州
8530,,西宁
8531,,成都
8532,,北京
8533,,昆明
8534,,铜陵
8535,,济南
8536,,东营
8537,,南京
8538,,嘉兴
8539,,徐州
8540,,淮北
8541,,石家庄
8542,,天津
8543,,深圳
8544,,徐州
8545,,合肥
8546,,保定
8547,,宁波
8548,,呼和浩特
8549,,铜仁
8550,,济南
8551,,昆明
8552,,南宁
8553,,北京
8554,,成都
8555,,南京
8556,,太原
8557,,北京
8558,,上海
8559,,上海
8560,,鄂尔多斯
8561,,北京
8562,,福州
8563,,杭州
8564,,南京
8565,,宜宾
8566,,榆林
8567,,邯郸
8568,,合肥
8569,,深圳
8570,,东营
8571,,渭南
8572,,温州
8573,,内江
8574,,珠海
8575,,南京
8576,,连云
8577,,西安
8578,,南通
8579,,和田
8580,,深圳
8581,,杭州
8582,,西安
8583,,呼和浩特
8584,,杭州
8585,,惠州
8586,,杭州
8587,,呼和浩特
8588,,天津
8589,,苏州
8590,,儋州
8591,,南宁
8592,,乌鲁木齐
8593,,沈阳
8594,,南通
8595,,北京
8596,,淄博
8597,,阜阳
8598,,北京
8599,,郑州
8600,,上海
8601,,泉州
8602,,杭州
8603,,北京
8604,,成都
8605,,南昌
8606,,福州
8607,,北京
8608,,长沙
8609,,郑州
8610,,北京
8611,,宁波
8612,,北京
8613,,北京
8614,,杭州
8615,,保定
8616,,临沂
8617,,北京
8618,,武汉
8619,,重庆
8620,,深圳
8621,,合肥
8622,,苏州
8623,,太原
8624,,呼和浩特
8625,,珠海
8626,,石家庄
8627,,乌鲁木齐
8628,,台州
8629,,杭州
8630,,南京
8631,,武汉
8632,,西安
8633,,郑州
8634,,深圳
8635,,合肥
8636,,重庆
8637,,深圳
8638,,呼和浩特
8639,,深圳
8640,,西安
8641,,绵阳
8642,,北京
8643,,上海
8644,,盐城
8645,,上海
8646,,重庆
8647,,上海
8648,,南宁
8649,,西安
8650,,东莞
8651,,济南
8652,,广州
8653,,上海
8654,,临沧
8655,,温州
8656,,天津
8657,,南京
8658,,保定
8659,,佛山
8660,,长沙
8661,,无锡
8662,,杭州
8663,,福州
8664,,青岛
8665,,福州
8666,,宁波
8667,,武汉
8668,,常州
8669,,北京
8670,,福州
8671,,苏州
8672,,福州
8673,,青岛
8674,,威海
8675,,成都
8676,,济南
8677,,保定
8678,,东莞
8679,,乌鲁木齐
8680,,重庆
8681,,杭州
8682,,杭州
8683,,成都
8684,,昆明
8685,,深圳
8686,,武汉
8687,,广州
8688,,嘉兴
8689,,深圳
8690,,成都
8691,,杭州
8692,,沈阳
8693,,福州
8694,,上海
8695,,广州
8696,,无锡
8697,,北京
8698,,石家庄
8699,,武汉
8700,,厦门
8701,,成都
8702,,威海
8703,,西安
8704,,成都
8705,,上海
8706,,济南
8707,,郑州
8708,,深圳
8709,,廊坊
8710,,上海
8711,,淄博
8712,,北京
8713,,北京
8714,,深圳
8715,,南京
8716,,成都
8717,,深圳
8718,,深圳
8719,,太原
8720,,石河
8721,,黄冈
8722,,杭州
8723,,南宁
8724,,合肥
8725,,深圳
8726,,无锡
8727,,上海
8728,,青岛
8729,,中山
8730,,成都
8731,,天津
8732,,北京
8733,,昆明
8734,,临沂
8735,,西安
8736,,漳州
8737,,芜湖
8738,,泉州
8739,,蚌埠
8740,,苏州
8741,,郑州
8742,,太原
8743,,佛山
8744,,珠海
8745,,兰州
8746,,上海
8747,,苏州
8748,,厦门
8749,,杭州
8750,,无锡
8751,,无锡
8752,,威海
8753,,合肥
8754,,合肥
8755,,武汉
8756,,濮阳
8757,,武汉
8758,,上海
8759,,上海
8760,,苏州
8761,,上海
