职位id,学历要求,学历
0,,大专
1,,大专
2,,大专
3,,大专
4,,大专
5,,大专
6,,大专
7,,大专
8,,大专
9,,大专
10,,大专
11,,大专
12,,大专
13,,大专
14,,大专
15,,大专
16,,大专
17,,大专
18,,大专
19,,大专
20,,大专
21,,大专
22,,大专
23,,大专
24,,大专
25,,大专
26,,大专
27,,大专
28,,大专
29,,大专
30,,大专
31,,大专
32,,大专
33,,大专
34,,大专
35,,大专
36,,大专
37,,大专
38,,大专
39,,大专
40,,大专
41,,大专
42,,大专
43,,大专
44,,大专
45,,大专
46,,大专
47,,大专
48,,大专
49,,大专
50,,大专
51,,大专
52,,大专
53,,大专
54,,大专
55,,大专
56,,大专
57,,大专
58,,大专
59,,大专
60,,大专
61,,大专
62,,大专
63,,大专
64,,大专
65,,大专
66,,大专
67,,大专
68,,大专
69,,大专
70,,大专
71,,大专
72,,大专
73,,大专
74,,大专
75,,大专
76,,大专
77,,大专
78,,大专
79,,大专
80,,大专
81,,大专
82,,大专
83,,大专
84,,大专
85,,大专
86,,大专
87,,大专
88,,大专
89,,大专
90,,大专
91,,大专
92,,大专
93,,大专
94,,大专
95,,大专
96,,大专
97,,大专
98,,大专
99,,大专
100,,大专
101,,大专
102,,大专
103,,大专
104,,大专
105,,大专
106,,大专
107,,大专
108,,大专
109,,大专
110,,大专
111,,大专
112,,大专
113,,大专
114,,大专
115,,大专
116,,大专
117,,大专
118,,大专
119,,大专
120,,大专
121,,大专
122,,大专
123,,大专
124,,大专
125,,大专
126,,大专
127,,大专
128,,大专
129,,大专
130,,大专
131,,大专
132,,大专
133,,大专
134,,大专
135,,大专
136,,大专
137,,大专
138,,大专
139,,大专
140,,大专
141,,大专
142,,大专
143,,大专
144,,大专
145,,大专
146,,大专
147,,大专
148,,大专
149,,大专
150,,大专
151,,大专
152,,大专
153,,大专
154,,大专
155,,大专
156,,大专
157,,大专
158,,大专
159,,大专
160,,大专
161,,大专
162,,大专
163,,大专
164,,大专
165,,大专
166,,大专
167,,大专
168,,大专
169,,大专
170,,大专
171,,大专
172,,大专
173,,大专
174,,大专
175,,大专
176,,大专
177,,大专
178,,大专
179,,大专
180,,大专
181,,大专
182,,大专
183,,大专
184,,大专
185,,大专
186,,大专
187,,大专
188,,大专
189,,大专
190,,大专
191,,大专
192,,大专
193,,大专
194,,大专
195,,大专
196,,大专
197,,大专
198,,大专
199,,大专
200,,大专
201,,大专
202,,大专
203,,大专
204,,大专
205,,大专
206,,大专
207,,大专
208,,大专
209,,大专
210,,大专
211,,大专
212,,大专
213,,大专
214,,大专
215,,大专
216,,大专
217,,大专
218,,大专
219,,大专
220,,大专
221,,大专
222,,大专
223,,大专
224,,大专
225,,大专
226,,大专
227,,大专
228,,大专
229,,大专
230,,大专
231,,大专
232,,大专
233,,大专
234,,大专
235,,大专
236,,大专
237,,大专
238,,大专
239,,大专
240,,大专
241,,大专
242,,大专
243,,大专
244,,大专
245,,大专
246,,大专
247,,大专
248,,大专
249,,大专
250,,大专
251,,大专
252,,大专
253,,大专
254,,大专
255,,大专
256,,大专
257,,大专
258,,大专
259,,大专
260,,大专
261,,大专
262,,大专
263,,大专
264,,大专
265,,大专
266,,大专
267,,大专
268,,大专
269,,大专
270,,大专
271,,大专
272,,大专
273,,大专
274,,大专
275,,大专
276,,大专
277,,大专
278,,大专
279,,大专
280,,大专
281,,大专
282,,大专
283,,大专
284,,大专
285,,大专
286,,大专
287,,大专
288,,大专
289,,大专
290,,大专
291,,大专
292,,大专
293,,大专
294,,大专
295,,大专
296,,大专
297,,大专
298,,大专
299,,大专
300,,大专
301,,大专
302,,大专
303,,大专
304,,大专
305,,大专
306,,大专
307,,大专
308,,大专
309,,大专
310,,大专
311,,大专
312,,大专
313,,大专
314,,大专
315,,大专
316,,大专
317,,大专
318,,大专
319,,大专
320,,大专
321,,大专
322,,大专
323,,大专
324,,大专
325,,大专
326,,大专
327,,大专
328,,大专
329,,大专
330,,大专
331,,大专
332,,大专
333,,大专
334,,大专
335,,大专
336,,大专
337,,大专
338,,大专
339,,大专
340,,大专
341,,大专
342,,大专
343,,大专
344,,大专
345,,大专
346,,大专
347,,大专
348,,大专
349,,大专
350,,大专
351,,大专
352,,大专
353,,大专
354,,大专
355,,大专
356,,大专
357,,大专
358,,大专
359,,大专
360,,大专
361,,大专
362,,大专
363,,大专
364,,大专
365,,大专
366,,大专
367,,大专
368,,大专
369,,大专
370,,大专
371,,大专
372,,大专
373,,大专
374,,大专
375,,大专
376,,大专
377,,大专
378,,大专
379,,大专
380,,大专
381,,大专
382,,大专
383,,大专
384,,大专
385,,大专
386,,大专
387,,大专
388,,大专
389,,大专
390,,大专
391,,大专
392,,大专
393,,大专
394,,大专
395,,大专
396,,大专
397,,大专
398,,大专
399,,大专
400,,大专
401,,大专
402,,大专
403,,大专
404,,大专
405,,大专
406,,大专
407,,大专
408,,大专
409,,大专
410,,大专
411,,大专
412,,大专
413,,大专
414,,大专
415,,大专
416,,大专
417,,大专
418,,大专
419,,大专
420,,大专
421,,大专
422,,大专
423,,大专
424,,大专
425,,大专
426,,大专
427,,大专
428,,大专
429,,大专
430,,大专
431,,大专
432,,大专
433,,大专
434,,大专
435,,大专
436,,大专
437,,大专
438,,大专
439,,大专
440,,大专
441,,大专
442,,大专
443,,大专
444,,大专
445,,大专
446,,大专
447,,大专
448,,大专
449,,大专
450,,大专
451,,大专
452,,大专
453,,大专
454,,大专
455,,大专
456,,大专
457,,大专
458,,大专
459,,大专
460,,大专
461,,大专
462,,大专
463,,大专
464,,大专
465,,大专
466,,大专
467,,大专
468,,大专
469,,大专
470,,大专
471,,大专
472,,大专
473,,大专
474,,大专
475,,大专
476,,大专
477,,大专
478,,大专
479,,大专
480,,大专
481,,大专
482,,大专
483,,大专
484,,大专
485,,大专
486,,大专
487,,大专
488,,大专
489,,大专
490,,大专
491,,大专
492,,大专
493,,大专
494,,大专
495,,大专
496,,大专
497,,大专
498,,大专
499,,大专
500,,大专
501,,大专
502,,大专
503,,大专
504,,大专
505,,大专
506,,大专
507,,大专
508,,大专
509,,大专
510,,大专
511,,大专
512,,大专
513,,大专
514,,大专
515,,大专
516,,大专
517,,大专
518,,大专
519,,大专
520,,大专
521,,大专
522,,大专
523,,大专
524,,大专
525,,大专
526,,大专
527,,大专
528,,大专
529,,大专
530,,大专
531,,大专
532,,大专
533,,大专
534,,大专
535,,大专
536,,大专
537,,大专
538,,大专
539,,大专
540,,大专
541,,大专
542,,大专
543,,大专
544,,大专
545,,大专
546,,大专
547,,大专
548,,大专
549,,大专
550,,大专
551,,大专
552,,大专
553,,大专
554,,大专
555,,大专
556,,大专
557,,大专
558,,大专
559,,大专
560,,大专
561,,大专
562,,大专
563,,大专
564,,大专
565,,大专
566,,大专
567,,大专
568,,大专
569,,大专
570,,大专
571,,大专
572,,大专
573,,大专
574,,大专
575,,大专
576,,大专
577,,大专
578,,大专
579,,大专
580,,大专
581,,大专
582,,大专
583,,大专
584,,大专
585,,大专
586,,大专
587,,大专
588,,大专
589,,大专
590,,大专
591,,大专
592,,大专
593,,大专
594,,大专
595,,大专
596,,大专
597,,大专
598,,大专
599,,大专
600,,大专
601,,大专
602,,大专
603,,大专
604,,大专
605,,大专
606,,大专
607,,大专
608,,大专
609,,大专
610,,大专
611,,大专
612,,大专
613,,大专
614,,大专
615,,大专
616,,大专
617,,大专
618,,大专
619,,大专
620,,大专
621,,大专
622,,大专
623,,大专
624,,大专
625,,大专
626,,大专
627,,大专
628,,大专
629,,大专
630,,大专
631,,大专
632,,大专
633,,大专
634,,大专
635,,大专
636,,大专
637,,大专
638,,大专
639,,大专
640,,大专
641,,大专
642,,大专
643,,大专
644,,大专
645,,大专
646,,大专
647,,大专
648,,大专
649,,大专
650,,大专
651,,大专
652,,大专
653,,大专
654,,大专
655,,大专
656,,大专
657,,大专
658,,大专
659,,大专
660,,大专
661,,大专
662,,大专
663,,大专
664,,大专
665,,大专
666,,大专
667,,大专
668,,大专
669,,大专
670,,大专
671,,大专
672,,大专
673,,大专
674,,大专
675,,大专
676,,大专
677,,大专
678,,大专
679,,大专
680,,大专
681,,大专
682,,大专
683,,大专
684,,大专
685,,大专
686,,大专
687,,大专
688,,大专
689,,大专
690,,大专
691,,大专
692,,大专
693,,大专
694,,大专
695,,大专
696,,大专
697,,大专
698,,大专
699,,大专
700,,大专
701,,大专
702,,大专
703,,大专
704,,大专
705,,大专
706,,大专
707,,大专
708,,大专
709,,大专
710,,大专
711,,大专
712,,大专
713,,大专
714,,大专
715,,大专
716,,大专
717,,大专
718,,大专
719,,大专
720,,大专
721,,大专
722,,大专
723,,大专
724,,大专
725,,大专
726,,大专
727,,大专
728,,大专
729,,大专
730,,大专
731,,大专
732,,大专
733,,大专
734,,大专
735,,大专
736,,大专
737,,大专
738,,大专
739,,大专
740,,大专
741,,大专
742,,大专
743,,大专
744,,大专
745,,大专
746,,大专
747,,大专
748,,大专
749,,大专
750,,大专
751,,大专
752,,大专
753,,大专
754,,大专
755,,大专
756,,大专
757,,大专
758,,大专
759,,大专
760,,大专
761,,大专
762,,大专
763,,大专
764,,大专
765,,大专
766,,大专
767,,大专
768,,大专
769,,大专
770,,大专
771,,大专
772,,大专
773,,大专
774,,大专
775,,大专
776,,大专
777,,大专
778,,大专
779,,大专
780,,大专
781,,大专
782,,大专
783,,大专
784,,大专
785,,大专
786,,大专
787,,大专
788,,大专
789,,大专
790,,大专
791,,大专
792,,大专
793,,大专
794,,大专
795,,大专
796,,大专
797,,大专
798,,大专
799,,大专
800,,大专
801,,大专
802,,大专
803,,大专
804,,大专
805,,大专
806,,大专
807,,大专
808,,大专
809,,大专
810,,大专
811,,大专
812,,大专
813,,大专
814,,大专
815,,大专
816,,大专
817,,大专
818,,大专
819,,大专
820,,大专
821,,大专
822,,大专
823,,大专
824,,大专
825,,大专
826,,大专
827,,大专
828,,大专
829,,大专
830,,大专
831,,大专
832,,大专
833,,大专
834,,大专
835,,大专
836,,大专
837,,大专
838,,大专
839,,大专
840,,大专
841,,大专
842,,大专
843,,大专
844,,大专
845,,大专
846,,大专
847,,大专
848,,大专
849,,大专
850,,大专
851,,大专
852,,大专
853,,大专
854,,大专
855,,大专
856,,大专
857,,大专
858,,大专
859,,大专
860,,大专
861,,大专
862,,大专
863,,大专
864,,大专
865,,大专
866,,大专
867,,大专
868,,大专
869,,大专
870,,大专
871,,大专
872,,大专
873,,大专
874,,大专
875,,大专
876,,大专
877,,大专
878,,大专
879,,大专
880,,大专
881,,大专
882,,大专
883,,大专
884,,大专
885,,大专
886,,大专
887,,大专
888,,大专
889,,大专
890,,大专
891,,大专
892,,大专
893,,大专
894,,大专
895,,大专
896,,大专
897,,大专
898,,大专
899,,大专
900,,大专
901,,大专
902,,大专
903,,大专
904,,大专
905,,大专
906,,大专
907,,大专
908,,大专
909,,大专
910,,大专
911,,大专
912,,大专
913,,大专
914,,大专
915,,大专
916,,大专
917,,大专
918,,大专
919,,大专
920,,大专
921,,大专
922,,大专
923,,大专
924,,大专
925,,大专
926,,大专
927,,大专
928,,大专
929,,大专
930,,大专
931,,大专
932,,大专
933,,大专
934,,大专
935,,大专
936,,大专
937,,大专
938,,大专
939,,大专
940,,大专
941,,大专
942,,大专
943,,大专
944,,大专
945,,大专
946,,大专
947,,大专
948,,大专
949,,大专
950,,大专
951,,大专
952,,大专
953,,大专
954,,大专
955,,大专
956,,大专
957,,大专
958,,大专
959,,大专
960,,大专
961,,大专
962,,大专
963,,大专
964,,大专
965,,大专
966,,大专
967,,大专
968,,大专
969,,大专
970,,大专
971,,大专
972,,大专
973,,大专
974,,大专
975,,大专
976,,大专
977,,大专
978,,大专
979,,大专
980,,大专
981,,大专
982,,大专
983,,大专
984,,大专
985,,大专
986,,大专
987,,大专
988,,大专
989,,大专
990,,大专
991,,大专
992,,大专
993,,大专
994,,大专
995,,大专
996,,大专
997,,大专
998,,大专
999,,大专
1000,,大专
1001,,大专
1002,,大专
1003,,大专
1004,,大专
1005,,大专
1006,,大专
1007,,大专
1008,,大专
1009,,大专
1010,,大专
1011,,大专
1012,,大专
1013,,大专
1014,,大专
1015,,大专
1016,,大专
1017,,大专
1018,,大专
1019,,大专
1020,,大专
1021,,大专
1022,,大专
1023,,大专
1024,,大专
1025,,大专
1026,,大专
1027,,大专
1028,,大专
1029,,大专
1030,,大专
1031,,大专
1032,,大专
1033,,大专
1034,,大专
1035,,大专
1036,,大专
1037,,大专
1038,,大专
1039,,大专
1040,,大专
1041,,大专
1042,,大专
1043,,大专
1044,,大专
1045,,大专
1046,,大专
1047,,大专
1048,,大专
1049,,大专
1050,,大专
1051,,大专
1052,,大专
1053,,大专
1054,,大专
1055,,大专
1056,,大专
1057,,大专
1058,,大专
1059,,大专
1060,,大专
1061,,大专
1062,,大专
1063,,大专
1064,,大专
1065,,大专
1066,,大专
1067,,大专
1068,,大专
1069,,大专
1070,,大专
1071,,大专
1072,,大专
1073,,大专
1074,,大专
1075,,大专
1076,,大专
1077,,大专
1078,,大专
1079,,大专
1080,,大专
1081,,大专
1082,,大专
1083,,大专
1084,,大专
1085,,大专
1086,,大专
1087,,大专
1088,,大专
1089,,大专
1090,,大专
1091,,大专
1092,,大专
1093,,大专
1094,,大专
1095,,大专
1096,,大专
1097,,大专
1098,,大专
1099,,大专
1100,,大专
1101,,大专
1102,,大专
1103,,大专
1104,,大专
1105,,大专
1106,,大专
1107,,大专
1108,,大专
1109,,大专
1110,,大专
1111,,大专
1112,,大专
1113,,大专
1114,,大专
1115,,大专
1116,,大专
1117,,大专
1118,,大专
1119,,大专
1120,,大专
1121,,大专
1122,,大专
1123,,大专
1124,,大专
1125,,大专
1126,,大专
1127,,大专
1128,,大专
1129,,大专
1130,,大专
1131,,大专
1132,,大专
1133,,大专
1134,,大专
1135,,大专
1136,,大专
1137,,大专
1138,,大专
1139,,大专
1140,,大专
1141,,大专
1142,,大专
1143,,大专
1144,,大专
1145,,大专
1146,,大专
1147,,大专
1148,,大专
1149,,大专
1150,,大专
1151,,大专
1152,,大专
1153,,大专
1154,,大专
1155,,大专
1156,,大专
1157,,大专
1158,,大专
1159,,大专
1160,,大专
1161,,大专
1162,,大专
1163,,大专
1164,,大专
1165,,大专
1166,,大专
1167,,大专
1168,,大专
1169,,大专
1170,,大专
1171,,大专
1172,,大专
1173,,大专
1174,,大专
1175,,大专
1176,,大专
1177,,大专
1178,,大专
1179,,大专
1180,,大专
1181,,大专
1182,,大专
1183,,大专
1184,,大专
1185,,大专
1186,,大专
1187,,大专
1188,,大专
1189,,大专
1190,,大专
1191,,大专
1192,,大专
1193,,大专
1194,,大专
1195,,大专
1196,,大专
1197,,大专
1198,,大专
1199,,大专
1200,,大专
1201,,大专
1202,,大专
1203,,大专
1204,,大专
1205,,大专
1206,,大专
1207,,大专
1208,,大专
1209,,大专
1210,,大专
1211,,大专
1212,,大专
1213,,大专
1214,,大专
1215,,大专
1216,,大专
1217,,大专
1218,,大专
1219,,大专
1220,,大专
1221,,大专
1222,,大专
1223,,大专
1224,,大专
1225,,大专
1226,,大专
1227,,大专
1228,,大专
1229,,大专
1230,,大专
1231,,大专
1232,,大专
1233,,大专
1234,,大专
1235,,大专
1236,,大专
1237,,大专
1238,,大专
1239,,大专
1240,,大专
1241,,大专
1242,,大专
1243,,大专
1244,,大专
1245,,大专
1246,,大专
1247,,大专
1248,,大专
1249,,大专
1250,,大专
1251,,大专
1252,,大专
1253,,大专
1254,,大专
1255,,大专
1256,,大专
1257,,大专
1258,,大专
1259,,大专
1260,,大专
1261,,大专
1262,,大专
1263,,大专
1264,,大专
1265,,大专
1266,,大专
1267,,大专
1268,,大专
1269,,大专
1270,,大专
1271,,大专
1272,,大专
1273,,大专
1274,,大专
1275,,大专
1276,,大专
1277,,大专
1278,,大专
1279,,大专
1280,,大专
1281,,大专
1282,,大专
1283,,大专
1284,,大专
1285,,大专
1286,,大专
1287,,大专
1288,,大专
1289,,大专
1290,,大专
1291,,大专
1292,,大专
1293,,大专
1294,,大专
1295,,大专
1296,,大专
1297,,大专
1298,,大专
1299,,大专
1300,,大专
1301,,大专
1302,,大专
1303,,大专
1304,,大专
1305,,大专
1306,,大专
1307,,大专
1308,,大专
1309,,大专
1310,,大专
1311,,大专
1312,,大专
1313,,大专
1314,,大专
1315,,大专
1316,,大专
1317,,大专
1318,,大专
1319,,大专
1320,,大专
1321,,大专
1322,,大专
1323,,大专
1324,,大专
1325,,大专
1326,,大专
1327,,大专
1328,,大专
1329,,大专
1330,,大专
1331,,大专
1332,,大专
1333,,大专
1334,,大专
1335,,大专
1336,,大专
1337,,大专
1338,,大专
1339,,大专
1340,,大专
1341,,大专
1342,,大专
1343,,大专
1344,,大专
1345,,大专
1346,,大专
1347,,大专
1348,,大专
1349,,大专
1350,,大专
1351,,大专
1352,,大专
1353,,大专
1354,,大专
1355,,大专
1356,,大专
1357,,大专
1358,,大专
1359,,大专
1360,,大专
1361,,大专
1362,,大专
1363,,大专
1364,,大专
1365,,大专
1366,,大专
1367,,大专
1368,,大专
1369,,大专
1370,,大专
1371,,大专
1372,,大专
1373,,大专
1374,,大专
1375,,大专
1376,,大专
1377,,大专
1378,,大专
1379,,大专
1380,,大专
1381,,大专
1382,,大专
1383,,大专
1384,,大专
1385,,大专
1386,,大专
1387,,大专
1388,,大专
1389,,大专
1390,,大专
1391,,大专
1392,,大专
1393,,大专
1394,,大专
1395,,大专
1396,,大专
1397,,大专
1398,,大专
1399,,大专
1400,,大专
1401,,大专
1402,,大专
1403,,大专
1404,,大专
1405,,大专
1406,,大专
1407,,大专
1408,,大专
1409,,大专
1410,,大专
1411,,大专
1412,,大专
1413,,大专
1414,,大专
1415,,大专
1416,,大专
1417,,大专
1418,,大专
1419,,大专
1420,,大专
1421,,大专
1422,,大专
1423,,大专
1424,,大专
1425,,大专
1426,,大专
1427,,大专
1428,,大专
1429,,大专
1430,,大专
1431,,大专
1432,,大专
1433,,大专
1434,,大专
1435,,大专
1436,,大专
1437,,大专
1438,,大专
1439,,大专
1440,,大专
1441,,大专
1442,,大专
1443,,大专
1444,,大专
1445,,大专
1446,,大专
1447,,大专
1448,,大专
1449,,大专
1450,,大专
1451,,大专
1452,,大专
1453,,大专
1454,,大专
1455,,大专
1456,,大专
1457,,大专
1458,,大专
1459,,大专
1460,,大专
1461,,大专
1462,,大专
1463,,大专
1464,,大专
1465,,大专
1466,,大专
1467,,大专
1468,,大专
1469,,大专
1470,,大专
1471,,大专
1472,,大专
1473,,大专
1474,,大专
1475,,大专
1476,,大专
1477,,大专
1478,,大专
1479,,大专
1480,,大专
1481,,大专
1482,,大专
1483,,大专
1484,,大专
1485,,大专
1486,,大专
1487,,大专
1488,,大专
1489,,大专
1490,,大专
1491,,大专
1492,,大专
1493,,大专
1494,,大专
1495,,大专
1496,,大专
1497,,大专
1498,,大专
1499,,大专
1500,,大专
1501,,大专
1502,,大专
1503,,大专
1504,,大专
1505,,大专
1506,,大专
1507,,大专
1508,,大专
1509,,大专
1510,,大专
1511,,大专
1512,,大专
1513,,大专
1514,,大专
1515,,大专
1516,,大专
1517,,大专
1518,,大专
1519,,大专
1520,,大专
1521,,大专
1522,,大专
1523,,大专
1524,,大专
1525,,大专
1526,,大专
1527,,大专
1528,,大专
1529,,大专
1530,,大专
1531,,大专
1532,,大专
1533,,大专
1534,,大专
1535,,大专
1536,,大专
1537,,大专
1538,,大专
1539,,大专
1540,,大专
1541,,大专
1542,,大专
1543,,大专
1544,,大专
1545,,大专
1546,,大专
1547,,大专
1548,,大专
1549,,大专
1550,,大专
1551,,大专
1552,,大专
1553,,大专
1554,,大专
1555,,大专
1556,,大专
1557,,大专
1558,,大专
1559,,大专
1560,,大专
1561,,大专
1562,,大专
1563,,大专
1564,,大专
1565,,大专
1566,,大专
1567,,大专
1568,,大专
1569,,大专
1570,,大专
1571,,大专
1572,,大专
1573,,大专
1574,,大专
1575,,大专
1576,,大专
1577,,大专
1578,,大专
1579,,大专
1580,,大专
1581,,大专
1582,,大专
1583,,大专
1584,,大专
1585,,大专
1586,,大专
1587,,大专
1588,,大专
1589,,大专
1590,,大专
1591,,大专
1592,,大专
1593,,大专
1594,,大专
1595,,大专
1596,,大专
1597,,大专
1598,,大专
1599,,大专
1600,,大专
1601,,大专
1602,,大专
1603,,大专
1604,,大专
1605,,大专
1606,,大专
1607,,大专
1608,,大专
1609,,大专
1610,,大专
1611,,大专
1612,,大专
1613,,大专
1614,,大专
1615,,大专
1616,,大专
1617,,大专
1618,,大专
1619,,大专
1620,,大专
1621,,大专
1622,,大专
1623,,大专
1624,,大专
1625,,大专
1626,,大专
1627,,大专
1628,,大专
1629,,大专
1630,,大专
1631,,大专
1632,,大专
1633,,大专
1634,,大专
1635,,大专
1636,,大专
1637,,大专
1638,,大专
1639,,大专
1640,,大专
1641,,大专
1642,,大专
1643,,大专
1644,,大专
1645,,大专
1646,,大专
1647,,大专
1648,,大专
1649,,大专
1650,,大专
1651,,大专
1652,,大专
1653,,大专
1654,,大专
1655,,大专
1656,,大专
1657,,大专
1658,,大专
1659,,大专
1660,,大专
1661,,大专
1662,,大专
1663,,大专
1664,,大专
1665,,大专
1666,,大专
1667,,大专
1668,,大专
1669,,大专
1670,,大专
1671,,大专
1672,,大专
1673,,大专
1674,,大专
1675,,大专
1676,,大专
1677,,大专
1678,,大专
1679,,大专
1680,,大专
1681,,大专
1682,,大专
1683,,大专
1684,,大专
1685,,大专
1686,,大专
1687,,大专
1688,,大专
1689,,大专
1690,,大专
1691,,大专
1692,,大专
1693,,大专
1694,,大专
1695,,大专
1696,,大专
1697,,大专
1698,,大专
1699,,大专
1700,,大专
1701,,大专
1702,,大专
1703,,大专
1704,,大专
1705,,大专
1706,,大专
1707,,大专
1708,,大专
1709,,大专
1710,,大专
1711,,大专
1712,,大专
1713,,大专
1714,,大专
1715,,大专
1716,,大专
1717,,大专
1718,,大专
1719,,大专
1720,,大专
1721,,大专
1722,,大专
1723,,大专
1724,,大专
1725,,大专
1726,,大专
1727,,大专
1728,,大专
1729,,大专
1730,,大专
1731,,大专
1732,,大专
1733,,大专
1734,,大专
1735,,大专
1736,,大专
1737,,大专
1738,,大专
1739,,大专
1740,,大专
1741,,大专
1742,,大专
1743,,大专
1744,,大专
1745,,大专
1746,,大专
1747,,大专
1748,,大专
1749,,大专
1750,,大专
1751,,大专
1752,,大专
1753,,大专
1754,,大专
1755,,大专
1756,,大专
1757,,大专
1758,,大专
1759,,大专
1760,,大专
1761,,大专
1762,,大专
1763,,大专
1764,,大专
1765,,大专
1766,,大专
1767,,大专
1768,,大专
1769,,大专
1770,,大专
1771,,大专
1772,,大专
1773,,大专
1774,,大专
1775,,大专
1776,,大专
1777,,大专
1778,,大专
1779,,大专
1780,,大专
1781,,大专
1782,,大专
1783,,大专
1784,,大专
1785,,大专
1786,,大专
1787,,大专
1788,,大专
1789,,大专
1790,,大专
1791,,大专
1792,,大专
1793,,大专
1794,,大专
1795,,大专
1796,,大专
1797,,大专
1798,,大专
1799,,大专
1800,,大专
1801,,大专
1802,,大专
1803,,大专
1804,,大专
1805,,大专
1806,,大专
1807,,大专
1808,,大专
1809,,大专
1810,,大专
1811,,大专
1812,,大专
1813,,大专
1814,,大专
1815,,大专
1816,,大专
1817,,大专
1818,,大专
1819,,大专
1820,,大专
1821,,大专
1822,,大专
1823,,大专
1824,,大专
1825,,大专
1826,,大专
1827,,大专
1828,,大专
1829,,大专
1830,,大专
1831,,大专
1832,,大专
1833,,大专
1834,,大专
1835,,大专
1836,,大专
1837,,大专
1838,,大专
1839,,大专
1840,,大专
1841,,大专
1842,,大专
1843,,大专
1844,,大专
1845,,大专
1846,,大专
1847,,大专
1848,,大专
1849,,大专
1850,,大专
1851,,大专
1852,,大专
1853,,大专
1854,,大专
1855,,大专
1856,,大专
1857,,大专
1858,,大专
1859,,大专
1860,,大专
1861,,大专
1862,,大专
1863,,大专
1864,,大专
1865,,大专
1866,,大专
1867,,大专
1868,,大专
1869,,大专
1870,,大专
1871,,大专
1872,,大专
1873,,大专
1874,,大专
1875,,大专
1876,,大专
1877,,大专
1878,,大专
1879,,大专
1880,,大专
1881,,大专
1882,,大专
1883,,大专
1884,,大专
1885,,大专
1886,,大专
1887,,大专
1888,,大专
1889,,大专
1890,,大专
1891,,大专
1892,,大专
1893,,大专
1894,,大专
1895,,大专
1896,,大专
1897,,大专
1898,,大专
1899,,大专
1900,,大专
1901,,大专
1902,,大专
1903,,大专
1904,,大专
1905,,大专
1906,,大专
1907,,大专
1908,,大专
1909,,大专
1910,,大专
1911,,大专
1912,,大专
1913,,大专
1914,,大专
1915,,大专
1916,,大专
1917,,大专
1918,,大专
1919,,大专
1920,,大专
1921,,大专
1922,,大专
1923,,大专
1924,,大专
1925,,大专
1926,,大专
1927,,大专
1928,,大专
1929,,大专
1930,,大专
1931,,大专
1932,,大专
1933,,大专
1934,,大专
1935,,大专
1936,,大专
1937,,大专
1938,,大专
1939,,大专
1940,,大专
1941,,大专
1942,,大专
1943,,大专
1944,,大专
1945,,大专
1946,,大专
1947,,大专
1948,,大专
1949,,大专
1950,,大专
1951,,大专
1952,,大专
1953,,大专
1954,,大专
1955,,大专
1956,,大专
1957,,大专
1958,,大专
1959,,大专
1960,,大专
1961,,大专
1962,,大专
1963,,大专
1964,,大专
1965,,大专
1966,,大专
1967,,大专
1968,,大专
1969,,大专
1970,,大专
1971,,大专
1972,,大专
1973,,大专
1974,,大专
1975,,大专
1976,,大专
1977,,大专
1978,,大专
1979,,大专
1980,,大专
1981,,大专
1982,,大专
1983,,大专
1984,,大专
1985,,大专
1986,,大专
1987,,大专
1988,,大专
1989,,大专
1990,,大专
1991,,大专
1992,,大专
1993,,大专
1994,,大专
1995,,大专
1996,,大专
1997,,大专
1998,,大专
1999,,大专
2000,,大专
2001,,大专
2002,,大专
2003,,大专
2004,,大专
2005,,大专
2006,,大专
2007,,大专
2008,,大专
2009,,大专
2010,,大专
2011,,大专
2012,,大专
2013,,大专
2014,,大专
2015,,大专
2016,,大专
2017,,大专
2018,,大专
2019,,大专
2020,,大专
2021,,大专
2022,,大专
2023,,大专
2024,,大专
2025,,大专
2026,,大专
2027,,大专
2028,,大专
2029,,大专
2030,,大专
2031,,大专
2032,,大专
2033,,大专
2034,,大专
2035,,大专
2036,,大专
2037,,大专
2038,,大专
2039,,大专
2040,,大专
2041,,大专
2042,,大专
2043,,大专
2044,,大专
2045,,大专
2046,,大专
2047,,大专
2048,,大专
2049,,大专
2050,,大专
2051,,大专
2052,,大专
2053,,大专
2054,,大专
2055,,大专
2056,,大专
2057,,大专
2058,,大专
2059,,大专
2060,,大专
2061,,大专
2062,,大专
2063,,大专
2064,,大专
2065,,大专
2066,,大专
2067,,大专
2068,,大专
2069,,大专
2070,,大专
2071,,大专
2072,,大专
2073,,大专
2074,,大专
2075,,大专
2076,,大专
2077,,大专
2078,,大专
2079,,大专
2080,,大专
2081,,大专
2082,,大专
2083,,大专
2084,,大专
2085,,大专
2086,,大专
2087,,大专
2088,,大专
2089,,大专
2090,,大专
2091,,大专
2092,,大专
2093,,大专
2094,,大专
2095,,大专
2096,,大专
2097,,大专
2098,,大专
2099,,大专
2100,,大专
2101,,大专
2102,,大专
2103,,大专
2104,,大专
2105,,大专
2106,,大专
2107,,大专
2108,,大专
2109,,大专
2110,,大专
2111,,大专
2112,,大专
2113,,大专
2114,,大专
2115,,大专
2116,,大专
2117,,大专
2118,,大专
2119,,大专
2120,,大专
2121,,大专
2122,,大专
2123,,大专
2124,,大专
2125,,大专
2126,,大专
2127,,大专
2128,,大专
2129,,大专
2130,,大专
2131,,大专
2132,,大专
2133,,大专
2134,,大专
2135,,大专
2136,,大专
2137,,大专
2138,,大专
2139,,大专
2140,,大专
2141,,大专
2142,,大专
2143,,大专
2144,,大专
2145,,大专
2146,,大专
2147,,大专
2148,,大专
2149,,大专
2150,,大专
2151,,大专
2152,,大专
2153,,大专
2154,,大专
2155,,大专
2156,,大专
2157,,大专
2158,,大专
2159,,大专
2160,,大专
2161,,大专
2162,,大专
2163,,大专
2164,,大专
2165,,大专
2166,,大专
2167,,大专
2168,,大专
2169,,大专
2170,,大专
2171,,大专
2172,,大专
2173,,大专
2174,,大专
2175,,大专
2176,,大专
2177,,大专
2178,,大专
2179,,大专
2180,,大专
2181,,大专
2182,,大专
2183,,大专
2184,,大专
2185,,大专
2186,,大专
2187,,大专
2188,,大专
2189,,大专
2190,,大专
2191,,大专
2192,,大专
2193,,大专
2194,,大专
2195,,大专
2196,,大专
2197,,大专
2198,,大专
2199,,大专
2200,,大专
2201,,大专
2202,,大专
2203,,大专
2204,,大专
2205,,大专
2206,,大专
2207,,大专
2208,,大专
2209,,大专
2210,,大专
2211,,大专
2212,,大专
2213,,大专
2214,,大专
2215,,大专
2216,,大专
2217,,大专
2218,,大专
2219,,大专
2220,,大专
2221,,大专
2222,,大专
2223,,大专
2224,,大专
2225,,大专
2226,,大专
2227,,大专
2228,,大专
2229,,大专
2230,,大专
2231,,大专
2232,,大专
2233,,大专
2234,,大专
2235,,大专
2236,,大专
2237,,大专
2238,,大专
2239,,大专
2240,,大专
2241,,大专
2242,,大专
2243,,大专
2244,,大专
2245,,大专
2246,,大专
2247,,大专
2248,,大专
2249,,大专
2250,,大专
2251,,大专
2252,,大专
2253,,大专
2254,,大专
2255,,大专
2256,,大专
2257,,大专
2258,,大专
2259,,大专
2260,,大专
2261,,大专
2262,,大专
2263,,大专
2264,,大专
2265,,大专
2266,,大专
2267,,大专
2268,,大专
2269,,大专
2270,,大专
2271,,大专
2272,,大专
2273,,大专
2274,,大专
2275,,大专
2276,,大专
2277,,大专
2278,,大专
2279,,大专
2280,,大专
2281,,大专
2282,,大专
2283,,大专
2284,,大专
2285,,大专
2286,,大专
2287,,大专
2288,,大专
2289,,大专
2290,,大专
2291,,大专
2292,,大专
2293,,大专
2294,,大专
2295,,大专
2296,,大专
2297,,大专
2298,,大专
2299,,大专
2300,,大专
2301,,大专
2302,,大专
2303,,大专
2304,,大专
2305,,大专
2306,,大专
2307,,大专
2308,,大专
2309,,大专
2310,,大专
2311,,大专
2312,,大专
2313,,大专
2314,,大专
2315,,大专
2316,,大专
2317,,大专
2318,,大专
2319,,大专
2320,,大专
2321,,大专
2322,,大专
2323,,大专
2324,,大专
2325,,大专
2326,,大专
2327,,大专
2328,,大专
2329,,大专
2330,,大专
2331,,大专
2332,,大专
2333,,大专
2334,,大专
2335,,大专
2336,,大专
2337,,大专
2338,,大专
2339,,大专
2340,,大专
2341,,大专
2342,,大专
2343,,大专
2344,,大专
2345,,大专
2346,,大专
2347,,大专
2348,,大专
2349,,大专
2350,,大专
2351,,大专
2352,,大专
2353,,大专
2354,,大专
2355,,大专
2356,,大专
2357,,大专
2358,,大专
2359,,大专
2360,,大专
2361,,大专
2362,,大专
2363,,大专
2364,,大专
2365,,大专
2366,,大专
2367,,大专
2368,,大专
2369,,大专
2370,,大专
2371,,大专
2372,,大专
2373,,大专
2374,,大专
2375,,大专
2376,,大专
2377,,大专
2378,,大专
2379,,大专
2380,,大专
2381,,大专
2382,,大专
2383,,大专
2384,,大专
2385,,大专
2386,,大专
2387,,大专
2388,,大专
2389,,大专
2390,,大专
2391,,大专
2392,,大专
2393,,大专
2394,,大专
2395,,大专
2396,,大专
2397,,大专
2398,,大专
2399,,大专
2400,,大专
2401,,大专
2402,,大专
2403,,大专
2404,,大专
2405,,大专
2406,,大专
2407,,大专
2408,,大专
2409,,大专
2410,,大专
2411,,大专
2412,,大专
2413,,大专
2414,,大专
2415,,大专
2416,,大专
2417,,大专
2418,,大专
2419,,大专
2420,,大专
2421,,大专
2422,,大专
2423,,大专
2424,,大专
2425,,大专
2426,,大专
2427,,大专
2428,,大专
2429,,大专
2430,,大专
2431,,大专
2432,,大专
2433,,大专
2434,,大专
2435,,大专
2436,,大专
2437,,大专
2438,,大专
2439,,大专
2440,,大专
2441,,大专
2442,,大专
2443,,大专
2444,,大专
2445,,大专
2446,,大专
2447,,大专
2448,,大专
2449,,大专
2450,,大专
2451,,大专
2452,,大专
2453,,大专
2454,,大专
2455,,大专
2456,,大专
2457,,大专
2458,,大专
2459,,大专
2460,,大专
2461,,大专
2462,,大专
2463,,大专
2464,,大专
2465,,大专
2466,,大专
2467,,大专
2468,,大专
2469,,大专
2470,,大专
2471,,大专
2472,,大专
2473,,大专
2474,,大专
2475,,大专
2476,,大专
2477,,大专
2478,,大专
2479,,大专
2480,,大专
2481,,大专
2482,,大专
2483,,大专
2484,,大专
2485,,大专
2486,,大专
2487,,大专
2488,,大专
2489,,大专
2490,,大专
2491,,大专
2492,,大专
2493,,大专
2494,,大专
2495,,大专
2496,,大专
2497,,大专
2498,,大专
2499,,大专
2500,,大专
2501,,大专
2502,,大专
2503,,大专
2504,,大专
2505,,大专
2506,,大专
2507,,大专
2508,,大专
2509,,大专
2510,,大专
2511,,大专
2512,,大专
2513,,大专
2514,,大专
2515,,大专
2516,,大专
2517,,大专
2518,,大专
2519,,大专
2520,,大专
2521,,大专
2522,,大专
2523,,大专
2524,,大专
2525,,大专
2526,,大专
2527,,大专
2528,,大专
2529,,大专
2530,,大专
2531,,大专
2532,,大专
2533,,大专
2534,,大专
2535,,大专
2536,,大专
2537,,大专
2538,,大专
2539,,大专
2540,,大专
2541,,大专
2542,,大专
2543,,大专
2544,,大专
2545,,大专
2546,,大专
2547,,大专
2548,,大专
2549,,大专
2550,,大专
2551,,大专
2552,,大专
2553,,大专
2554,,大专
2555,,大专
2556,,大专
2557,,大专
2558,,大专
2559,,大专
2560,,大专
2561,,大专
2562,,大专
2563,,大专
2564,,大专
2565,,大专
2566,,大专
2567,,大专
2568,,大专
2569,,大专
2570,,大专
2571,,大专
2572,,大专
2573,,大专
2574,,大专
2575,,大专
2576,,大专
2577,,大专
2578,,大专
2579,,大专
2580,,大专
2581,,大专
2582,,大专
2583,,大专
2584,,大专
2585,,大专
2586,,大专
2587,,大专
2588,,大专
2589,,大专
2590,,大专
2591,,大专
2592,,大专
2593,,大专
2594,,大专
2595,,大专
2596,,大专
2597,,大专
2598,,大专
2599,,大专
2600,,大专
2601,,大专
2602,,大专
2603,,大专
2604,,大专
2605,,大专
2606,,大专
2607,,大专
2608,,大专
2609,,大专
2610,,大专
2611,,大专
2612,,大专
2613,,大专
2614,,大专
2615,,大专
2616,,大专
2617,,大专
2618,,大专
2619,,大专
2620,,大专
2621,,大专
2622,,大专
2623,,大专
2624,,大专
2625,,大专
2626,,大专
2627,,大专
2628,,大专
2629,,大专
2630,,大专
2631,,大专
2632,,大专
2633,,大专
2634,,大专
2635,,大专
2636,,大专
2637,,大专
2638,,大专
2639,,大专
2640,,大专
2641,,大专
2642,,大专
2643,,大专
2644,,大专
2645,,大专
2646,,大专
2647,,大专
2648,,大专
2649,,大专
2650,,大专
2651,,大专
2652,,大专
2653,,大专
2654,,大专
2655,,大专
2656,,大专
2657,,大专
2658,,大专
2659,,大专
2660,,大专
2661,,大专
2662,,大专
2663,,大专
2664,,大专
2665,,大专
2666,,大专
2667,,大专
2668,,大专
2669,,大专
2670,,大专
2671,,大专
2672,,大专
2673,,大专
2674,,大专
2675,,大专
2676,,大专
2677,,大专
2678,,大专
2679,,大专
2680,,大专
2681,,大专
2682,,大专
2683,,大专
2684,,大专
2685,,大专
2686,,大专
2687,,大专
2688,,大专
2689,,大专
2690,,大专
2691,,大专
2692,,大专
2693,,大专
2694,,大专
2695,,大专
2696,,大专
2697,,大专
2698,,大专
2699,,大专
2700,,大专
2701,,大专
2702,,大专
2703,,大专
2704,,大专
2705,,大专
2706,,大专
2707,,大专
2708,,大专
2709,,大专
2710,,大专
2711,,大专
2712,,大专
2713,,大专
2714,,大专
2715,,大专
2716,,大专
2717,,大专
2718,,大专
2719,,大专
2720,,大专
2721,,大专
2722,,大专
2723,,大专
2724,,大专
2725,,大专
2726,,大专
2727,,大专
2728,,大专
2729,,大专
2730,,大专
2731,,大专
2732,,大专
2733,,大专
2734,,大专
2735,,大专
2736,,大专
2737,,大专
2738,,大专
2739,,大专
2740,,大专
2741,,大专
2742,,大专
2743,,大专
2744,,大专
2745,,大专
2746,,大专
2747,,大专
2748,,大专
2749,,大专
2750,,大专
2751,,大专
2752,,大专
2753,,大专
2754,,大专
2755,,大专
2756,,大专
2757,,大专
2758,,大专
2759,,大专
2760,,大专
2761,,大专
2762,,大专
2763,,大专
2764,,大专
2765,,大专
2766,,大专
2767,,大专
2768,,本科
2769,,本科
2770,,本科
2771,,本科
2772,,本科
2773,,本科
2774,,本科
2775,,本科
2776,,本科
2777,,本科
2778,,本科
2779,,本科
2780,,本科
2781,,本科
2782,,本科
2783,,本科
2784,,本科
2785,,本科
2786,,本科
2787,,本科
2788,,本科
2789,,本科
2790,,本科
2791,,本科
2792,,本科
2793,,本科
2794,,本科
2795,,本科
2796,,本科
2797,,本科
2798,,本科
2799,,本科
2800,,本科
2801,,本科
2802,,本科
2803,,本科
2804,,本科
2805,,本科
2806,,本科
2807,,本科
2808,,本科
2809,,本科
2810,,本科
2811,,本科
2812,,本科
2813,,本科
2814,,本科
2815,,本科
2816,,本科
2817,,本科
2818,,本科
2819,,本科
2820,,本科
2821,,本科
2822,,本科
2823,,本科
2824,,本科
2825,,本科
2826,,本科
2827,,本科
2828,,本科
2829,,本科
2830,,本科
2831,,本科
2832,,本科
2833,,本科
2834,,本科
2835,,本科
2836,,本科
2837,,本科
2838,,本科
2839,,本科
2840,,本科
2841,,本科
2842,,本科
2843,,本科
2844,,本科
2845,,本科
2846,,本科
2847,,本科
2848,,本科
2849,,本科
2850,,本科
2851,,本科
2852,,本科
2853,,本科
2854,,本科
2855,,本科
2856,,本科
2857,,本科
2858,,本科
2859,,本科
2860,,本科
2861,,本科
2862,,本科
2863,,本科
2864,,本科
2865,,本科
2866,,本科
2867,,本科
2868,,本科
2869,,本科
2870,,本科
2871,,本科
2872,,本科
2873,,本科
2874,,本科
2875,,本科
2876,,本科
2877,,本科
2878,,本科
2879,,本科
2880,,本科
2881,,本科
2882,,本科
2883,,本科
2884,,本科
2885,,本科
2886,,本科
2887,,本科
2888,,本科
2889,,本科
2890,,本科
2891,,本科
2892,,本科
2893,,本科
2894,,本科
2895,,本科
2896,,本科
2897,,本科
2898,,本科
2899,,本科
2900,,本科
2901,,本科
2902,,本科
2903,,本科
2904,,本科
2905,,本科
2906,,本科
2907,,本科
2908,,本科
2909,,本科
2910,,本科
2911,,本科
2912,,本科
2913,,本科
2914,,本科
2915,,本科
2916,,本科
2917,,本科
2918,,本科
2919,,本科
2920,,本科
2921,,本科
2922,,本科
2923,,本科
2924,,本科
2925,,本科
2926,,本科
2927,,本科
2928,,本科
2929,,本科
2930,,本科
2931,,本科
2932,,本科
2933,,本科
2934,,本科
2935,,本科
2936,,本科
2937,,本科
2938,,本科
2939,,本科
2940,,本科
2941,,本科
2942,,本科
2943,,本科
2944,,本科
2945,,本科
2946,,本科
2947,,本科
2948,,本科
2949,,本科
2950,,本科
2951,,本科
2952,,本科
2953,,本科
2954,,本科
2955,,本科
2956,,本科
2957,,本科
2958,,本科
2959,,本科
2960,,本科
2961,,本科
2962,,本科
2963,,本科
2964,,本科
2965,,本科
2966,,本科
2967,,本科
2968,,本科
2969,,本科
2970,,本科
2971,,本科
2972,,本科
2973,,本科
2974,,本科
2975,,本科
2976,,本科
2977,,本科
2978,,本科
2979,,本科
2980,,本科
2981,,本科
2982,,本科
2983,,本科
2984,,本科
2985,,本科
2986,,本科
2987,,本科
2988,,本科
2989,,本科
2990,,本科
2991,,本科
2992,,本科
2993,,本科
2994,,本科
2995,,本科
2996,,本科
2997,,本科
2998,,本科
2999,,本科
3000,,本科
3001,,本科
3002,,本科
3003,,本科
3004,,本科
3005,,本科
3006,,本科
3007,,本科
3008,,本科
3009,,本科
3010,,本科
3011,,本科
3012,,本科
3013,,本科
3014,,本科
3015,,本科
3016,,本科
3017,,本科
3018,,本科
3019,,本科
3020,,本科
3021,,本科
3022,,本科
3023,,本科
3024,,本科
3025,,本科
3026,,本科
3027,,本科
3028,,本科
3029,,本科
3030,,本科
3031,,本科
3032,,本科
3033,,本科
3034,,本科
3035,,本科
3036,,本科
3037,,本科
3038,,本科
3039,,本科
3040,,本科
3041,,本科
3042,,本科
3043,,本科
3044,,本科
3045,,本科
3046,,本科
3047,,本科
3048,,本科
3049,,本科
3050,,本科
3051,,本科
3052,,本科
3053,,本科
3054,,本科
3055,,本科
3056,,本科
3057,,本科
3058,,本科
3059,,本科
3060,,本科
3061,,本科
3062,,本科
3063,,本科
3064,,本科
3065,,本科
3066,,本科
3067,,本科
3068,,本科
3069,,本科
3070,,本科
3071,,本科
3072,,本科
3073,,本科
3074,,本科
3075,,本科
3076,,本科
3077,,本科
3078,,本科
3079,,本科
3080,,本科
3081,,本科
3082,,本科
3083,,本科
3084,,本科
3085,,本科
3086,,本科
3087,,本科
3088,,本科
3089,,本科
3090,,本科
3091,,本科
3092,,本科
3093,,本科
3094,,本科
3095,,本科
3096,,本科
3097,,本科
3098,,本科
3099,,本科
3100,,本科
3101,,本科
3102,,本科
3103,,本科
3104,,本科
3105,,本科
3106,,本科
3107,,本科
3108,,本科
3109,,本科
3110,,本科
3111,,本科
3112,,本科
3113,,本科
3114,,本科
3115,,本科
3116,,本科
3117,,本科
3118,,本科
3119,,本科
3120,,本科
3121,,本科
3122,,本科
3123,,本科
3124,,本科
3125,,本科
3126,,本科
3127,,本科
3128,,本科
3129,,本科
3130,,本科
3131,,本科
3132,,本科
3133,,本科
3134,,本科
3135,,本科
3136,,本科
3137,,本科
3138,,本科
3139,,本科
3140,,本科
3141,,本科
3142,,本科
3143,,本科
3144,,本科
3145,,本科
3146,,本科
3147,,本科
3148,,本科
3149,,本科
3150,,本科
3151,,本科
3152,,本科
3153,,本科
3154,,本科
3155,,本科
3156,,本科
3157,,本科
3158,,本科
3159,,本科
3160,,本科
3161,,本科
3162,,本科
3163,,本科
3164,,本科
3165,,本科
3166,,本科
3167,,本科
3168,,本科
3169,,本科
3170,,本科
3171,,本科
3172,,本科
3173,,本科
3174,,本科
3175,,本科
3176,,本科
3177,,本科
3178,,本科
3179,,本科
3180,,本科
3181,,本科
3182,,本科
3183,,本科
3184,,本科
3185,,本科
3186,,本科
3187,,本科
3188,,本科
3189,,本科
3190,,本科
3191,,本科
3192,,本科
3193,,本科
3194,,本科
3195,,本科
3196,,本科
3197,,本科
3198,,本科
3199,,本科
3200,,本科
3201,,本科
3202,,本科
3203,,本科
3204,,本科
3205,,本科
3206,,本科
3207,,本科
3208,,本科
3209,,本科
3210,,本科
3211,,本科
3212,,本科
3213,,本科
3214,,本科
3215,,本科
3216,,本科
3217,,本科
3218,,本科
3219,,本科
3220,,本科
3221,,本科
3222,,本科
3223,,本科
3224,,本科
3225,,本科
3226,,本科
3227,,本科
3228,,本科
3229,,本科
3230,,本科
3231,,本科
3232,,本科
3233,,本科
3234,,本科
3235,,本科
3236,,本科
3237,,本科
3238,,本科
3239,,本科
3240,,本科
3241,,本科
3242,,本科
3243,,本科
3244,,本科
3245,,本科
3246,,本科
3247,,本科
3248,,本科
3249,,本科
3250,,本科
3251,,本科
3252,,本科
3253,,本科
3254,,本科
3255,,本科
3256,,本科
3257,,本科
3258,,本科
3259,,本科
3260,,本科
3261,,本科
3262,,本科
3263,,本科
3264,,本科
3265,,本科
3266,,本科
3267,,本科
3268,,本科
3269,,本科
3270,,本科
3271,,本科
3272,,本科
3273,,本科
3274,,本科
3275,,本科
3276,,本科
3277,,本科
3278,,本科
3279,,本科
3280,,本科
3281,,本科
3282,,本科
3283,,本科
3284,,本科
3285,,本科
3286,,本科
3287,,本科
3288,,本科
3289,,本科
3290,,本科
3291,,本科
3292,,本科
3293,,本科
3294,,本科
3295,,本科
3296,,本科
3297,,本科
3298,,本科
3299,,本科
3300,,本科
3301,,本科
3302,,本科
3303,,本科
3304,,本科
3305,,本科
3306,,本科
3307,,本科
3308,,本科
3309,,本科
3310,,本科
3311,,本科
3312,,本科
3313,,本科
3314,,本科
3315,,本科
3316,,本科
3317,,本科
3318,,本科
3319,,本科
3320,,本科
3321,,本科
3322,,本科
3323,,本科
3324,,本科
3325,,本科
3326,,本科
3327,,本科
3328,,本科
3329,,本科
3330,,本科
3331,,本科
3332,,本科
3333,,本科
3334,,本科
3335,,本科
3336,,本科
3337,,本科
3338,,本科
3339,,本科
3340,,本科
3341,,本科
3342,,本科
3343,,本科
3344,,本科
3345,,本科
3346,,本科
3347,,本科
3348,,本科
3349,,本科
3350,,本科
3351,,本科
3352,,本科
3353,,本科
3354,,本科
3355,,本科
3356,,本科
3357,,本科
3358,,本科
3359,,本科
3360,,本科
3361,,本科
3362,,本科
3363,,本科
3364,,本科
3365,,本科
3366,,本科
3367,,本科
3368,,本科
3369,,本科
3370,,本科
3371,,本科
3372,,本科
3373,,本科
3374,,本科
3375,,本科
3376,,本科
3377,,本科
3378,,本科
3379,,本科
3380,,本科
3381,,本科
3382,,本科
3383,,本科
3384,,本科
3385,,本科
3386,,本科
3387,,本科
3388,,本科
3389,,本科
3390,,本科
3391,,本科
3392,,本科
3393,,本科
3394,,本科
3395,,本科
3396,,本科
3397,,本科
3398,,本科
3399,,本科
3400,,本科
3401,,本科
3402,,本科
3403,,本科
3404,,本科
3405,,本科
3406,,本科
3407,,本科
3408,,本科
3409,,本科
3410,,本科
3411,,本科
3412,,本科
3413,,本科
3414,,本科
3415,,本科
3416,,本科
3417,,本科
3418,,本科
3419,,本科
3420,,本科
3421,,本科
3422,,本科
3423,,本科
3424,,本科
3425,,本科
3426,,本科
3427,,本科
3428,,本科
3429,,本科
3430,,本科
3431,,本科
3432,,本科
3433,,本科
3434,,本科
3435,,本科
3436,,本科
3437,,本科
3438,,本科
3439,,本科
3440,,本科
3441,,本科
3442,,本科
3443,,本科
3444,,本科
3445,,本科
3446,,本科
3447,,本科
3448,,本科
3449,,本科
3450,,本科
3451,,本科
3452,,本科
3453,,本科
3454,,本科
3455,,本科
3456,,本科
3457,,本科
3458,,本科
3459,,本科
3460,,本科
3461,,本科
3462,,本科
3463,,本科
3464,,本科
3465,,本科
3466,,本科
3467,,本科
3468,,本科
3469,,本科
3470,,本科
3471,,本科
3472,,本科
3473,,本科
3474,,本科
3475,,本科
3476,,本科
3477,,本科
3478,,本科
3479,,本科
3480,,本科
3481,,本科
3482,,本科
3483,,本科
3484,,本科
3485,,本科
3486,,本科
3487,,本科
3488,,本科
3489,,本科
3490,,本科
3491,,本科
3492,,本科
3493,,本科
3494,,本科
3495,,本科
3496,,本科
3497,,本科
3498,,本科
3499,,本科
3500,,本科
3501,,本科
3502,,本科
3503,,本科
3504,,本科
3505,,本科
3506,,本科
3507,,本科
3508,,本科
3509,,本科
3510,,本科
3511,,本科
3512,,本科
3513,,本科
3514,,本科
3515,,本科
3516,,本科
3517,,本科
3518,,本科
3519,,本科
3520,,本科
3521,,本科
3522,,本科
3523,,本科
3524,,本科
3525,,本科
3526,,本科
3527,,本科
3528,,本科
3529,,本科
3530,,本科
3531,,本科
3532,,本科
3533,,本科
3534,,本科
3535,,本科
3536,,本科
3537,,本科
3538,,本科
3539,,本科
3540,,本科
3541,,本科
3542,,本科
3543,,本科
3544,,本科
3545,,本科
3546,,本科
3547,,本科
3548,,本科
3549,,本科
3550,,本科
3551,,本科
3552,,本科
3553,,本科
3554,,本科
3555,,本科
3556,,本科
3557,,本科
3558,,本科
3559,,本科
3560,,本科
3561,,本科
3562,,本科
3563,,本科
3564,,本科
3565,,本科
3566,,本科
3567,,本科
3568,,本科
3569,,本科
3570,,本科
3571,,本科
3572,,本科
3573,,本科
3574,,本科
3575,,本科
3576,,本科
3577,,本科
3578,,本科
3579,,本科
3580,,本科
3581,,本科
3582,,本科
3583,,本科
3584,,本科
3585,,本科
3586,,本科
3587,,本科
3588,,本科
3589,,本科
3590,,本科
3591,,本科
3592,,本科
3593,,本科
3594,,本科
3595,,本科
3596,,本科
3597,,本科
3598,,本科
3599,,本科
3600,,本科
3601,,本科
3602,,本科
3603,,本科
3604,,本科
3605,,本科
3606,,本科
3607,,本科
3608,,本科
3609,,本科
3610,,本科
3611,,本科
3612,,本科
3613,,本科
3614,,本科
3615,,本科
3616,,本科
3617,,本科
3618,,本科
3619,,本科
3620,,本科
3621,,本科
3622,,本科
3623,,本科
3624,,本科
3625,,本科
3626,,本科
3627,,本科
3628,,本科
3629,,本科
3630,,本科
3631,,本科
3632,,本科
3633,,本科
3634,,本科
3635,,本科
3636,,本科
3637,,本科
3638,,本科
3639,,本科
3640,,本科
3641,,本科
3642,,本科
3643,,本科
3644,,本科
3645,,本科
3646,,本科
3647,,本科
3648,,本科
3649,,本科
3650,,本科
3651,,本科
3652,,本科
3653,,本科
3654,,本科
3655,,本科
3656,,本科
3657,,本科
3658,,本科
3659,,本科
3660,,本科
3661,,本科
3662,,本科
3663,,本科
3664,,本科
3665,,本科
3666,,本科
3667,,本科
3668,,本科
3669,,本科
3670,,本科
3671,,本科
3672,,本科
3673,,本科
3674,,本科
3675,,本科
3676,,本科
3677,,本科
3678,,本科
3679,,本科
3680,,本科
3681,,本科
3682,,本科
3683,,本科
3684,,本科
3685,,本科
3686,,本科
3687,,本科
3688,,本科
3689,,本科
3690,,本科
3691,,本科
3692,,本科
3693,,本科
3694,,本科
3695,,本科
3696,,本科
3697,,本科
3698,,本科
3699,,本科
3700,,本科
3701,,本科
3702,,本科
3703,,本科
3704,,本科
3705,,本科
3706,,本科
3707,,本科
3708,,本科
3709,,本科
3710,,本科
3711,,本科
3712,,本科
3713,,本科
3714,,本科
3715,,本科
3716,,本科
3717,,本科
3718,,本科
3719,,本科
3720,,本科
3721,,本科
3722,,本科
3723,,本科
3724,,本科
3725,,本科
3726,,本科
3727,,本科
3728,,本科
3729,,本科
3730,,本科
3731,,本科
3732,,本科
3733,,本科
3734,,本科
3735,,本科
3736,,本科
3737,,本科
3738,,本科
3739,,本科
3740,,本科
3741,,本科
3742,,本科
3743,,本科
3744,,本科
3745,,本科
3746,,本科
3747,,本科
3748,,本科
3749,,本科
3750,,本科
3751,,本科
3752,,本科
3753,,本科
3754,,本科
3755,,本科
3756,,本科
3757,,本科
3758,,本科
3759,,本科
3760,,本科
3761,,本科
3762,,本科
3763,,本科
3764,,本科
3765,,本科
3766,,本科
3767,,本科
3768,,本科
3769,,本科
3770,,本科
3771,,本科
3772,,大专
3773,,大专
3774,,大专
3775,,大专
3776,,大专
3777,,大专
3778,,大专
3779,,大专
3780,,大专
3781,,大专
3782,,大专
3783,,大专
3784,,大专
3785,,大专
3786,,大专
3787,,大专
3788,,大专
3789,,大专
3790,,大专
3791,,大专
3792,,大专
3793,,大专
3794,,大专
3795,,大专
3796,,大专
3797,,大专
3798,,大专
3799,,大专
3800,,大专
3801,,大专
3802,,大专
3803,,大专
3804,,大专
3805,,大专
3806,,大专
3807,,大专
3808,,大专
3809,,大专
3810,,大专
3811,,大专
3812,,大专
3813,,大专
3814,,大专
3815,,大专
3816,,大专
3817,,大专
3818,,大专
3819,,大专
3820,,大专
3821,,大专
3822,,大专
3823,,大专
3824,,大专
3825,,大专
3826,,大专
3827,,大专
3828,,大专
3829,,大专
3830,,大专
3831,,大专
3832,,大专
3833,,大专
3834,,大专
3835,,大专
3836,,大专
3837,,大专
3838,,大专
3839,,大专
3840,,大专
3841,,大专
3842,,大专
3843,,大专
3844,,大专
3845,,大专
3846,,大专
3847,,大专
3848,,大专
3849,,大专
3850,,大专
3851,,大专
3852,,大专
3853,,大专
3854,,大专
3855,,大专
3856,,大专
3857,,大专
3858,,大专
3859,,大专
3860,,大专
3861,,大专
3862,,大专
3863,,大专
3864,,大专
3865,,大专
3866,,大专
3867,,大专
3868,,大专
3869,,大专
3870,,大专
3871,,大专
3872,,大专
3873,,大专
3874,,大专
3875,,大专
3876,,大专
3877,,大专
3878,,大专
3879,,大专
3880,,大专
3881,,大专
3882,,大专
3883,,大专
3884,,大专
3885,,大专
3886,,大专
3887,,大专
3888,,大专
3889,,大专
3890,,大专
3891,,大专
3892,,大专
3893,,大专
3894,,大专
3895,,大专
3896,,大专
3897,,大专
3898,,大专
3899,,大专
3900,,大专
3901,,大专
3902,,大专
3903,,大专
3904,,大专
3905,,大专
3906,,大专
3907,,大专
3908,,大专
3909,,大专
3910,,大专
3911,,大专
3912,,大专
3913,,大专
3914,,大专
3915,,大专
3916,,大专
3917,,大专
3918,,大专
3919,,大专
3920,,大专
3921,,大专
3922,,大专
3923,,大专
3924,,大专
3925,,大专
3926,,大专
3927,,大专
3928,,大专
3929,,大专
3930,,大专
3931,,大专
3932,,大专
3933,,大专
3934,,大专
3935,,大专
3936,,大专
3937,,大专
3938,,大专
3939,,大专
3940,,大专
3941,,大专
3942,,大专
3943,,大专
3944,,大专
3945,,大专
3946,,大专
3947,,大专
3948,,大专
3949,,大专
3950,,大专
3951,,大专
3952,,大专
3953,,大专
3954,,大专
3955,,大专
3956,,大专
3957,,大专
3958,,大专
3959,,大专
3960,,大专
3961,,大专
3962,,大专
3963,,大专
3964,,大专
3965,,大专
3966,,大专
3967,,大专
3968,,大专
3969,,大专
3970,,大专
3971,,大专
3972,,大专
3973,,大专
3974,,大专
3975,,大专
3976,,大专
3977,,大专
3978,,大专
3979,,大专
3980,,大专
3981,,大专
3982,,大专
3983,,大专
3984,,大专
3985,,大专
3986,,大专
3987,,大专
3988,,大专
3989,,大专
3990,,大专
3991,,大专
3992,,大专
3993,,大专
3994,,大专
3995,,大专
3996,,大专
3997,,大专
3998,,大专
3999,,大专
4000,,大专
4001,,大专
4002,,大专
4003,,大专
4004,,大专
4005,,大专
4006,,大专
4007,,大专
4008,,大专
4009,,大专
4010,,大专
4011,,大专
4012,,大专
4013,,大专
4014,,大专
4015,,大专
4016,,大专
4017,,大专
4018,,大专
4019,,大专
4020,,大专
4021,,大专
4022,,大专
4023,,大专
4024,,大专
4025,,大专
4026,,大专
4027,,大专
4028,,大专
4029,,大专
4030,,大专
4031,,大专
4032,,大专
4033,,大专
4034,,大专
4035,,大专
4036,,大专
4037,,大专
4038,,大专
4039,,大专
4040,,大专
4041,,大专
4042,,大专
4043,,大专
4044,,大专
4045,,大专
4046,,大专
4047,,大专
4048,,大专
4049,,大专
4050,,大专
4051,,大专
4052,,大专
4053,,大专
4054,,大专
4055,,大专
4056,,大专
4057,,大专
4058,,大专
4059,,大专
4060,,大专
4061,,大专
4062,,大专
4063,,大专
4064,,大专
4065,,大专
4066,,大专
4067,,大专
4068,,大专
4069,,大专
4070,,大专
4071,,大专
4072,,大专
4073,,大专
4074,,大专
4075,,大专
4076,,大专
4077,,大专
4078,,大专
4079,,大专
4080,,大专
4081,,大专
4082,,大专
4083,,大专
4084,,大专
4085,,大专
4086,,大专
4087,,大专
4088,,大专
4089,,大专
4090,,大专
4091,,大专
4092,,大专
4093,,大专
4094,,大专
4095,,大专
4096,,大专
4097,,大专
4098,,大专
4099,,大专
4100,,大专
4101,,大专
4102,,大专
4103,,大专
4104,,大专
4105,,大专
4106,,大专
4107,,大专
4108,,大专
4109,,大专
4110,,大专
4111,,大专
4112,,大专
4113,,大专
4114,,大专
4115,,大专
4116,,大专
4117,,大专
4118,,大专
4119,,大专
4120,,大专
4121,,大专
4122,,大专
4123,,大专
4124,,大专
4125,,大专
4126,,大专
4127,,大专
4128,,大专
4129,,大专
4130,,大专
4131,,大专
4132,,大专
4133,,大专
4134,,大专
4135,,大专
4136,,大专
4137,,大专
4138,,大专
4139,,大专
4140,,大专
4141,,大专
4142,,大专
4143,,大专
4144,,大专
4145,,大专
4146,,大专
4147,,大专
4148,,大专
4149,,大专
4150,,大专
4151,,大专
4152,,大专
4153,,大专
4154,,大专
4155,,大专
4156,,大专
4157,,大专
4158,,大专
4159,,大专
4160,,大专
4161,,大专
4162,,大专
4163,,大专
4164,,大专
4165,,大专
4166,,大专
4167,,大专
4168,,大专
4169,,大专
4170,,大专
4171,,大专
4172,,大专
4173,,大专
4174,,大专
4175,,大专
4176,,大专
4177,,大专
4178,,大专
4179,,大专
4180,,大专
4181,,大专
4182,,大专
4183,,大专
4184,,大专
4185,,大专
4186,,大专
4187,,大专
4188,,大专
4189,,大专
4190,,大专
4191,,大专
4192,,大专
4193,,大专
4194,,大专
4195,,大专
4196,,大专
4197,,大专
4198,,大专
4199,,大专
4200,,大专
4201,,大专
4202,,大专
4203,,大专
4204,,大专
4205,,大专
4206,,大专
4207,,大专
4208,,大专
4209,,大专
4210,,大专
4211,,大专
4212,,大专
4213,,大专
4214,,大专
4215,,大专
4216,,大专
4217,,大专
4218,,大专
4219,,大专
4220,,大专
4221,,大专
4222,,大专
4223,,大专
4224,,大专
4225,,大专
4226,,大专
4227,,大专
4228,,大专
4229,,大专
4230,,大专
4231,,大专
4232,,大专
4233,,大专
4234,,大专
4235,,大专
4236,,大专
4237,,大专
4238,,大专
4239,,大专
4240,,大专
4241,,大专
4242,,大专
4243,,大专
4244,,大专
4245,,大专
4246,,大专
4247,,大专
4248,,大专
4249,,大专
4250,,大专
4251,,大专
4252,,大专
4253,,大专
4254,,大专
4255,,大专
4256,,大专
4257,,大专
4258,,大专
4259,,大专
4260,,大专
4261,,大专
4262,,大专
4263,,大专
4264,,大专
4265,,大专
4266,,大专
4267,,大专
4268,,大专
4269,,大专
4270,,大专
4271,,大专
4272,,大专
4273,,大专
4274,,大专
4275,,大专
4276,,大专
4277,,大专
4278,,大专
4279,,大专
4280,,大专
4281,,大专
4282,,大专
4283,,大专
4284,,大专
4285,,大专
4286,,大专
4287,,大专
4288,,大专
4289,,大专
4290,,大专
4291,,大专
4292,,大专
4293,,大专
4294,,大专
4295,,大专
4296,,大专
4297,,大专
4298,,大专
4299,,大专
4300,,大专
4301,,大专
4302,,大专
4303,,大专
4304,,大专
4305,,大专
4306,,大专
4307,,大专
4308,,大专
4309,,大专
4310,,大专
4311,,大专
4312,,大专
4313,,大专
4314,,大专
4315,,大专
4316,,大专
4317,,大专
4318,,大专
4319,,大专
4320,,大专
4321,,大专
4322,,大专
4323,,大专
4324,,大专
4325,,大专
4326,,大专
4327,,大专
4328,,大专
4329,,大专
4330,,大专
4331,,大专
4332,,大专
4333,,大专
4334,,大专
4335,,大专
4336,,大专
4337,,大专
4338,,大专
4339,,大专
4340,,大专
4341,,大专
4342,,大专
4343,,大专
4344,,大专
4345,,大专
4346,,大专
4347,,大专
4348,,大专
4349,,大专
4350,,大专
4351,,大专
4352,,大专
4353,,大专
4354,,大专
4355,,大专
4356,,大专
4357,,大专
4358,,大专
4359,,大专
4360,,大专
4361,,大专
4362,,大专
4363,,大专
4364,,大专
4365,,大专
4366,,大专
4367,,大专
4368,,大专
4369,,大专
4370,,大专
4371,,大专
4372,,大专
4373,,大专
4374,,大专
4375,,大专
4376,,大专
4377,,大专
4378,,大专
4379,,大专
4380,,大专
4381,,大专
4382,,大专
4383,,大专
4384,,大专
4385,,大专
4386,,大专
4387,,大专
4388,,大专
4389,,大专
4390,,大专
4391,,大专
4392,,大专
4393,,大专
4394,,大专
4395,,大专
4396,,大专
4397,,大专
4398,,大专
4399,,大专
4400,,大专
4401,,大专
4402,,大专
4403,,大专
4404,,大专
4405,,大专
4406,,大专
4407,,大专
4408,,大专
4409,,大专
4410,,大专
4411,,大专
4412,,大专
4413,,大专
4414,,大专
4415,,大专
4416,,大专
4417,,大专
4418,,大专
4419,,大专
4420,,大专
4421,,大专
4422,,大专
4423,,大专
4424,,大专
4425,,大专
4426,,大专
4427,,大专
4428,,大专
4429,,大专
4430,,大专
4431,,大专
4432,,大专
4433,,大专
4434,,大专
4435,,大专
4436,,大专
4437,,大专
4438,,大专
4439,,大专
4440,,大专
4441,,大专
4442,,大专
4443,,大专
4444,,大专
4445,,大专
4446,,大专
4447,,大专
4448,,大专
4449,,大专
4450,,大专
4451,,大专
4452,,大专
4453,,大专
4454,,大专
4455,,大专
4456,,大专
4457,,大专
4458,,大专
4459,,大专
4460,,大专
4461,,大专
4462,,大专
4463,,大专
4464,,大专
4465,,大专
4466,,大专
4467,,大专
4468,,大专
4469,,大专
4470,,大专
4471,,大专
4472,,大专
4473,,大专
4474,,大专
4475,,大专
4476,,大专
4477,,大专
4478,,大专
4479,,大专
4480,,大专
4481,,大专
4482,,大专
4483,,大专
4484,,大专
4485,,大专
4486,,大专
4487,,大专
4488,,大专
4489,,大专
4490,,大专
4491,,大专
4492,,大专
4493,,大专
4494,,大专
4495,,大专
4496,,大专
4497,,大专
4498,,大专
4499,,大专
4500,,大专
4501,,大专
4502,,大专
4503,,大专
4504,,大专
4505,,大专
4506,,大专
4507,,大专
4508,,大专
4509,,大专
4510,,大专
4511,,大专
4512,,大专
4513,,大专
4514,,大专
4515,,大专
4516,,大专
4517,,大专
4518,,大专
4519,,大专
4520,,大专
4521,,大专
4522,,大专
4523,,大专
4524,,大专
4525,,大专
4526,,大专
4527,,大专
4528,,大专
4529,,大专
4530,,大专
4531,,大专
4532,,大专
4533,,大专
4534,,大专
4535,,大专
4536,,大专
4537,,大专
4538,,大专
4539,,大专
4540,,大专
4541,,大专
4542,,大专
4543,,大专
4544,,大专
4545,,大专
4546,,大专
4547,,大专
4548,,大专
4549,,大专
4550,,大专
4551,,大专
4552,,大专
4553,,大专
4554,,大专
4555,,大专
4556,,大专
4557,,大专
4558,,大专
4559,,大专
4560,,大专
4561,,大专
4562,,大专
4563,,大专
4564,,大专
4565,,大专
4566,,大专
4567,,大专
4568,,大专
4569,,大专
4570,,大专
4571,,大专
4572,,大专
4573,,大专
4574,,大专
4575,,大专
4576,,大专
4577,,大专
4578,,大专
4579,,大专
4580,,大专
4581,,大专
4582,,大专
4583,,大专
4584,,大专
4585,,大专
4586,,大专
4587,,大专
4588,,大专
4589,,大专
4590,,大专
4591,,大专
4592,,大专
4593,,大专
4594,,大专
4595,,大专
4596,,大专
4597,,大专
4598,,大专
4599,,大专
4600,,大专
4601,,大专
4602,,大专
4603,,大专
4604,,大专
4605,,大专
4606,,大专
4607,,大专
4608,,大专
4609,,大专
4610,,大专
4611,,大专
4612,,大专
4613,,大专
4614,,大专
4615,,大专
4616,,大专
4617,,大专
4618,,大专
4619,,大专
4620,,大专
4621,,大专
4622,,大专
4623,,大专
4624,,大专
4625,,大专
4626,,大专
4627,,大专
4628,,大专
4629,,大专
4630,,大专
4631,,大专
4632,,大专
4633,,大专
4634,,大专
4635,,大专
4636,,大专
4637,,大专
4638,,大专
4639,,大专
4640,,大专
4641,,大专
4642,,大专
4643,,大专
4644,,大专
4645,,大专
4646,,大专
4647,,大专
4648,,大专
4649,,大专
4650,,大专
4651,,大专
4652,,大专
4653,,大专
4654,,大专
4655,,大专
4656,,大专
4657,,大专
4658,,大专
4659,,大专
4660,,大专
4661,,大专
4662,,大专
4663,,大专
4664,,大专
4665,,大专
4666,,大专
4667,,大专
4668,,大专
4669,,大专
4670,,大专
4671,,大专
4672,,大专
4673,,大专
4674,,大专
4675,,大专
4676,,大专
4677,,大专
4678,,大专
4679,,大专
4680,,大专
4681,,大专
4682,,大专
4683,,大专
4684,,大专
4685,,大专
4686,,大专
4687,,大专
4688,,大专
4689,,大专
4690,,大专
4691,,大专
4692,,大专
4693,,大专
4694,,大专
4695,,大专
4696,,大专
4697,,大专
4698,,大专
4699,,大专
4700,,大专
4701,,大专
4702,,大专
4703,,大专
4704,,大专
4705,,大专
4706,,大专
4707,,大专
4708,,大专
4709,,大专
4710,,大专
4711,,大专
4712,,大专
4713,,大专
4714,,大专
4715,,大专
4716,,大专
4717,,大专
4718,,大专
4719,,大专
4720,,大专
4721,,大专
4722,,大专
4723,,大专
4724,,大专
4725,,大专
4726,,大专
4727,,大专
4728,,大专
4729,,大专
4730,,大专
4731,,大专
4732,,大专
4733,,大专
4734,,大专
4735,,大专
4736,,大专
4737,,大专
4738,,大专
4739,,大专
4740,,大专
4741,,大专
4742,,大专
4743,,大专
4744,,大专
4745,,大专
4746,,大专
4747,,大专
4748,,大专
4749,,大专
4750,,大专
4751,,大专
4752,,大专
4753,,大专
4754,,大专
4755,,大专
4756,,大专
4757,,大专
4758,,大专
4759,,大专
4760,,大专
4761,,大专
4762,,大专
4763,,大专
4764,,大专
4765,,大专
4766,,大专
4767,,大专
4768,,大专
4769,,大专
4770,,大专
4771,,大专
4772,,大专
4773,,大专
4774,,大专
4775,,大专
4776,,大专
4777,,大专
4778,,大专
4779,,大专
4780,,大专
4781,,大专
4782,,大专
4783,,大专
4784,,大专
4785,,大专
4786,,大专
4787,,大专
4788,,大专
4789,,大专
4790,,大专
4791,,大专
4792,,大专
4793,,大专
4794,,大专
4795,,大专
4796,,大专
4797,,大专
4798,,大专
4799,,大专
4800,,大专
4801,,大专
4802,,大专
4803,,大专
4804,,大专
4805,,大专
4806,,大专
4807,,大专
4808,,大专
4809,,大专
4810,,大专
4811,,大专
4812,,大专
4813,,大专
4814,,大专
4815,,大专
4816,,大专
4817,,大专
4818,,大专
4819,,大专
4820,,大专
4821,,大专
4822,,大专
4823,,大专
4824,,大专
4825,,大专
4826,,大专
4827,,大专
4828,,大专
4829,,大专
4830,,大专
4831,,大专
4832,,大专
4833,,大专
4834,,大专
4835,,大专
4836,,大专
4837,,大专
4838,,大专
4839,,大专
4840,,大专
4841,,大专
4842,,大专
4843,,大专
4844,,大专
4845,,大专
4846,,大专
4847,,大专
4848,,大专
4849,,大专
4850,,大专
4851,,大专
4852,,大专
4853,,大专
4854,,大专
4855,,大专
4856,,大专
4857,,大专
4858,,大专
4859,,大专
4860,,大专
4861,,大专
4862,,大专
4863,,大专
4864,,大专
4865,,大专
4866,,大专
4867,,大专
4868,,大专
4869,,大专
4870,,大专
4871,,大专
4872,,大专
4873,,大专
4874,,大专
4875,,大专
4876,,大专
4877,,大专
4878,,大专
4879,,大专
4880,,大专
4881,,大专
4882,,大专
4883,,大专
4884,,大专
4885,,大专
4886,,大专
4887,,大专
4888,,大专
4889,,大专
4890,,大专
4891,,大专
4892,,大专
4893,,大专
4894,,大专
4895,,大专
4896,,大专
4897,,大专
4898,,大专
4899,,大专
4900,,大专
4901,,大专
4902,,大专
4903,,大专
4904,,大专
4905,,大专
4906,,大专
4907,,大专
4908,,大专
4909,,大专
4910,,大专
4911,,大专
4912,,大专
4913,,大专
4914,,大专
4915,,大专
4916,,大专
4917,,大专
4918,,大专
4919,,大专
4920,,大专
4921,,大专
4922,,大专
4923,,大专
4924,,大专
4925,,大专
4926,,大专
4927,,大专
4928,,大专
4929,,大专
4930,,大专
4931,,大专
4932,,大专
4933,,大专
4934,,大专
4935,,大专
4936,,大专
4937,,大专
4938,,大专
4939,,大专
4940,,大专
4941,,大专
4942,,大专
4943,,大专
4944,,大专
4945,,大专
4946,,大专
4947,,大专
4948,,大专
4949,,大专
4950,,大专
4951,,大专
4952,,大专
4953,,大专
4954,,大专
4955,,大专
4956,,大专
4957,,大专
4958,,大专
4959,,大专
4960,,大专
4961,,大专
4962,,大专
4963,,大专
4964,,大专
4965,,大专
4966,,大专
4967,,大专
4968,,大专
4969,,大专
4970,,大专
4971,,大专
4972,,大专
4973,,大专
4974,,大专
4975,,大专
4976,,大专
4977,,大专
4978,,大专
4979,,大专
4980,,大专
4981,,大专
4982,,大专
4983,,大专
4984,,大专
4985,,大专
4986,,大专
4987,,大专
4988,,大专
4989,,大专
4990,,大专
4991,,大专
4992,,大专
4993,,大专
4994,,大专
4995,,大专
4996,,大专
4997,,大专
4998,,大专
4999,,大专
5000,,大专
5001,,大专
5002,,大专
5003,,大专
5004,,大专
5005,,大专
5006,,大专
5007,,大专
5008,,大专
5009,,大专
5010,,大专
5011,,大专
5012,,大专
5013,,大专
5014,,大专
5015,,大专
5016,,大专
5017,,大专
5018,,大专
5019,,大专
5020,,大专
5021,,大专
5022,,大专
5023,,大专
5024,,大专
5025,,大专
5026,,大专
5027,,大专
5028,,大专
5029,,大专
5030,,大专
5031,,大专
5032,,大专
5033,,大专
5034,,大专
5035,,大专
5036,,大专
5037,,大专
5038,,大专
5039,,大专
5040,,大专
5041,,大专
5042,,大专
5043,,大专
5044,,大专
5045,,大专
5046,,大专
5047,,大专
5048,,大专
5049,,大专
5050,,大专
5051,,大专
5052,,大专
5053,,大专
5054,,大专
5055,,大专
5056,,大专
5057,,大专
5058,,大专
5059,,大专
5060,,大专
5061,,大专
5062,,大专
5063,,大专
5064,,大专
5065,,大专
5066,,大专
5067,,大专
5068,,大专
5069,,大专
5070,,大专
5071,,大专
5072,,大专
5073,,大专
5074,,大专
5075,,大专
5076,,大专
5077,,大专
5078,,大专
5079,,大专
5080,,大专
5081,,大专
5082,,本科
5083,,本科
5084,,本科
5085,,本科
5086,,本科
5087,,本科
5088,,本科
5089,,本科
5090,,本科
5091,,本科
5092,,本科
5093,,本科
5094,,本科
5095,,本科
5096,,本科
5097,,本科
5098,,本科
5099,,本科
5100,,本科
5101,,本科
5102,,本科
5103,,本科
5104,,本科
5105,,本科
5106,,本科
5107,,本科
5108,,本科
5109,,本科
5110,,本科
5111,,本科
5112,,本科
5113,,本科
5114,,本科
5115,,本科
5116,,本科
5117,,本科
5118,,本科
5119,,本科
5120,,本科
5121,,本科
5122,,本科
5123,,本科
5124,,本科
5125,,本科
5126,,本科
5127,,本科
5128,,本科
5129,,本科
5130,,本科
5131,,本科
5132,,本科
5133,,本科
5134,,本科
5135,,本科
5136,,本科
5137,,本科
5138,,本科
5139,,本科
5140,,本科
5141,,本科
5142,,本科
5143,,本科
5144,,本科
5145,,本科
5146,,本科
5147,,本科
5148,,本科
5149,,本科
5150,,本科
5151,,本科
5152,,本科
5153,,本科
5154,,本科
5155,,本科
5156,,本科
5157,,本科
5158,,本科
5159,,本科
5160,,本科
5161,,本科
5162,,本科
5163,,本科
5164,,本科
5165,,本科
5166,,本科
5167,,本科
5168,,本科
5169,,本科
5170,,本科
5171,,本科
5172,,本科
5173,,本科
5174,,本科
5175,,本科
5176,,本科
5177,,本科
5178,,本科
5179,,本科
5180,,本科
5181,,本科
5182,,本科
5183,,本科
5184,,本科
5185,,本科
5186,,本科
5187,,本科
5188,,本科
5189,,本科
5190,,本科
5191,,本科
5192,,本科
5193,,本科
5194,,本科
5195,,本科
5196,,本科
5197,,本科
5198,,本科
5199,,本科
5200,,本科
5201,,本科
5202,,本科
5203,,本科
5204,,本科
5205,,本科
5206,,本科
5207,,本科
5208,,本科
5209,,本科
5210,,本科
5211,,本科
5212,,本科
5213,,本科
5214,,本科
5215,,本科
5216,,本科
5217,,本科
5218,,本科
5219,,本科
5220,,本科
5221,,本科
5222,,本科
5223,,本科
5224,,本科
5225,,本科
5226,,本科
5227,,本科
5228,,本科
5229,,本科
5230,,本科
5231,,本科
5232,,本科
5233,,本科
5234,,本科
5235,,本科
5236,,本科
5237,,本科
5238,,本科
5239,,本科
5240,,本科
5241,,本科
5242,,本科
5243,,本科
5244,,本科
5245,,本科
5246,,本科
5247,,本科
5248,,本科
5249,,本科
5250,,本科
5251,,本科
5252,,本科
5253,,本科
5254,,本科
5255,,本科
5256,,本科
5257,,本科
5258,,本科
5259,,本科
5260,,本科
5261,,本科
5262,,本科
5263,,本科
5264,,本科
5265,,本科
5266,,本科
5267,,本科
5268,,本科
5269,,本科
5270,,本科
5271,,本科
5272,,本科
5273,,本科
5274,,本科
5275,,本科
5276,,本科
5277,,本科
5278,,本科
5279,,本科
5280,,本科
5281,,本科
5282,,本科
5283,,本科
5284,,本科
5285,,本科
5286,,本科
5287,,本科
5288,,本科
5289,,本科
5290,,本科
5291,,本科
5292,,本科
5293,,本科
5294,,本科
5295,,本科
5296,,本科
5297,,本科
5298,,本科
5299,,本科
5300,,本科
5301,,本科
5302,,本科
5303,,本科
5304,,本科
5305,,本科
5306,,本科
5307,,本科
5308,,本科
5309,,本科
5310,,本科
5311,,本科
5312,,本科
5313,,本科
5314,,本科
5315,,本科
5316,,本科
5317,,本科
5318,,本科
5319,,本科
5320,,本科
5321,,本科
5322,,本科
5323,,本科
5324,,本科
5325,,本科
5326,,本科
5327,,本科
5328,,本科
5329,,本科
5330,,本科
5331,,本科
5332,,本科
5333,,本科
5334,,本科
5335,,本科
5336,,本科
5337,,本科
5338,,本科
5339,,本科
5340,,本科
5341,,本科
5342,,本科
5343,,本科
5344,,本科
5345,,本科
5346,,本科
5347,,本科
5348,,本科
5349,,本科
5350,,本科
5351,,本科
5352,,本科
5353,,本科
5354,,本科
5355,,本科
5356,,本科
5357,,本科
5358,,本科
5359,,本科
5360,,本科
5361,,本科
5362,,本科
5363,,本科
5364,,本科
5365,,本科
5366,,本科
5367,,本科
5368,,本科
5369,,本科
5370,,本科
5371,,本科
5372,,本科
5373,,本科
5374,,本科
5375,,本科
5376,,本科
5377,,本科
5378,,本科
5379,,本科
5380,,本科
5381,,本科
5382,,本科
5383,,本科
5384,,本科
5385,,本科
5386,,本科
5387,,本科
5388,,本科
5389,,本科
5390,,本科
5391,,本科
5392,,本科
5393,,本科
5394,,本科
5395,,本科
5396,,本科
5397,,本科
5398,,本科
5399,,本科
5400,,本科
5401,,本科
5402,,本科
5403,,本科
5404,,本科
5405,,本科
5406,,本科
5407,,本科
5408,,本科
5409,,本科
5410,,本科
5411,,本科
5412,,本科
5413,,本科
5414,,本科
5415,,本科
5416,,本科
5417,,本科
5418,,本科
5419,,本科
5420,,本科
5421,,本科
5422,,本科
5423,,本科
5424,,本科
5425,,本科
5426,,本科
5427,,本科
5428,,本科
5429,,本科
5430,,本科
5431,,本科
5432,,本科
5433,,本科
5434,,本科
5435,,本科
5436,,本科
5437,,本科
5438,,本科
5439,,本科
5440,,本科
5441,,本科
5442,,本科
5443,,本科
5444,,本科
5445,,本科
5446,,本科
5447,,本科
5448,,本科
5449,,本科
5450,,本科
5451,,本科
5452,,本科
5453,,本科
5454,,本科
5455,,本科
5456,,本科
5457,,本科
5458,,本科
5459,,本科
5460,,本科
5461,,本科
5462,,本科
5463,,本科
5464,,本科
5465,,本科
5466,,本科
5467,,本科
5468,,本科
5469,,本科
5470,,本科
5471,,本科
5472,,本科
5473,,本科
5474,,本科
5475,,本科
5476,,本科
5477,,本科
5478,,本科
5479,,本科
5480,,本科
5481,,本科
5482,,本科
5483,,本科
5484,,本科
5485,,本科
5486,,本科
5487,,本科
5488,,本科
5489,,本科
5490,,本科
5491,,本科
5492,,本科
5493,,本科
5494,,本科
5495,,本科
5496,,本科
5497,,本科
5498,,本科
5499,,本科
5500,,本科
5501,,本科
5502,,本科
5503,,本科
5504,,本科
5505,,本科
5506,,本科
5507,,本科
5508,,本科
5509,,本科
5510,,本科
5511,,本科
5512,,本科
5513,,本科
5514,,本科
5515,,本科
5516,,本科
5517,,本科
5518,,本科
5519,,本科
5520,,本科
5521,,本科
5522,,本科
5523,,本科
5524,,本科
5525,,本科
5526,,本科
5527,,本科
5528,,本科
5529,,本科
5530,,本科
5531,,本科
5532,,本科
5533,,本科
5534,,本科
5535,,本科
5536,,本科
5537,,本科
5538,,本科
5539,,本科
5540,,本科
5541,,本科
5542,,本科
5543,,本科
5544,,本科
5545,,本科
5546,,本科
5547,,本科
5548,,本科
5549,,本科
5550,,本科
5551,,本科
5552,,本科
5553,,本科
5554,,本科
5555,,本科
5556,,本科
5557,,本科
5558,,本科
5559,,本科
5560,,本科
5561,,本科
5562,,本科
5563,,本科
5564,,本科
5565,,本科
5566,,本科
5567,,本科
5568,,本科
5569,,本科
5570,,本科
5571,,本科
5572,,本科
5573,,本科
5574,,本科
5575,,本科
5576,,本科
5577,,本科
5578,,本科
5579,,本科
5580,,本科
5581,,本科
5582,,本科
5583,,本科
5584,,本科
5585,,本科
5586,,本科
5587,,本科
5588,,本科
5589,,本科
5590,,本科
5591,,本科
5592,,本科
5593,,本科
5594,,本科
5595,,本科
5596,,本科
5597,,本科
5598,,本科
5599,,本科
5600,,本科
5601,,本科
5602,,本科
5603,,本科
5604,,本科
5605,,本科
5606,,本科
5607,,本科
5608,,本科
5609,,本科
5610,,本科
5611,,本科
5612,,本科
5613,,本科
5614,,本科
5615,,本科
5616,,本科
5617,,本科
5618,,本科
5619,,本科
5620,,本科
5621,,本科
5622,,本科
5623,,本科
5624,,本科
5625,,本科
5626,,本科
5627,,本科
5628,,本科
5629,,本科
5630,,本科
5631,,本科
5632,,本科
5633,,本科
5634,,本科
5635,,本科
5636,,本科
5637,,本科
5638,,本科
5639,,本科
5640,,本科
5641,,本科
5642,,本科
5643,,本科
5644,,本科
5645,,本科
5646,,本科
5647,,本科
5648,,本科
5649,,本科
5650,,本科
5651,,本科
5652,,本科
5653,,本科
5654,,本科
5655,,本科
5656,,本科
5657,,本科
5658,,本科
5659,,本科
5660,,本科
5661,,本科
5662,,本科
5663,,本科
5664,,本科
5665,,本科
5666,,本科
5667,,本科
5668,,本科
5669,,本科
5670,,本科
5671,,本科
5672,,本科
5673,,本科
5674,,本科
5675,,本科
5676,,本科
5677,,本科
5678,,本科
5679,,本科
5680,,本科
5681,,本科
5682,,本科
5683,,本科
5684,,本科
5685,,本科
5686,,本科
5687,,本科
5688,,本科
5689,,本科
5690,,本科
5691,,本科
5692,,本科
5693,,本科
5694,,本科
5695,,本科
5696,,本科
5697,,本科
5698,,本科
5699,,本科
5700,,本科
5701,,本科
5702,,本科
5703,,本科
5704,,本科
5705,,本科
5706,,本科
5707,,本科
5708,,本科
5709,,本科
5710,,本科
5711,,本科
5712,,本科
5713,,本科
5714,,本科
5715,,本科
5716,,本科
5717,,本科
5718,,本科
5719,,本科
5720,,本科
5721,,本科
5722,,本科
5723,,本科
5724,,本科
5725,,本科
5726,,本科
5727,,本科
5728,,本科
5729,,本科
5730,,本科
5731,,本科
5732,,本科
5733,,本科
5734,,本科
5735,,本科
5736,,本科
5737,,本科
5738,,本科
5739,,本科
5740,,本科
5741,,本科
5742,,本科
5743,,本科
5744,,本科
5745,,本科
5746,,本科
5747,,本科
5748,,本科
5749,,本科
5750,,本科
5751,,本科
5752,,本科
5753,,本科
5754,,本科
5755,,本科
5756,,本科
5757,,本科
5758,,本科
5759,,本科
5760,,本科
5761,,本科
5762,,本科
5763,,本科
5764,,本科
5765,,本科
5766,,本科
5767,,本科
5768,,本科
5769,,本科
5770,,本科
5771,,本科
5772,,本科
5773,,本科
5774,,本科
5775,,本科
5776,,本科
5777,,本科
5778,,本科
5779,,本科
5780,,本科
5781,,本科
5782,,本科
5783,,本科
5784,,本科
5785,,本科
5786,,本科
5787,,本科
5788,,本科
5789,,本科
5790,,本科
5791,,本科
5792,,本科
5793,,本科
5794,,本科
5795,,本科
5796,,本科
5797,,本科
5798,,本科
5799,,本科
5800,,本科
5801,,本科
5802,,本科
5803,,本科
5804,,本科
5805,,本科
5806,,本科
5807,,本科
5808,,本科
5809,,本科
5810,,本科
5811,,本科
5812,,本科
5813,,本科
5814,,本科
5815,,本科
5816,,本科
5817,,本科
5818,,本科
5819,,本科
5820,,本科
5821,,本科
5822,,本科
5823,,本科
5824,,本科
5825,,本科
5826,,本科
5827,,本科
5828,,本科
5829,,本科
5830,,本科
5831,,本科
5832,,本科
5833,,本科
5834,,本科
5835,,本科
5836,,本科
5837,,本科
5838,,本科
5839,,本科
5840,,本科
5841,,本科
5842,,本科
5843,,本科
5844,,本科
5845,,本科
5846,,本科
5847,,本科
5848,,本科
5849,,本科
5850,,本科
5851,,本科
5852,,本科
5853,,本科
5854,,本科
5855,,本科
5856,,本科
5857,,本科
5858,,本科
5859,,本科
5860,,本科
5861,,本科
5862,,本科
5863,,本科
5864,,本科
5865,,本科
5866,,本科
5867,,本科
5868,,本科
5869,,本科
5870,,本科
5871,,本科
5872,,本科
5873,,本科
5874,,本科
5875,,本科
5876,,本科
5877,,本科
5878,,本科
5879,,本科
5880,,本科
5881,,本科
5882,,本科
5883,,本科
5884,,本科
5885,,本科
5886,,本科
5887,,本科
5888,,本科
5889,,本科
5890,,本科
5891,,本科
5892,,本科
5893,,本科
5894,,本科
5895,,本科
5896,,本科
5897,,本科
5898,,本科
5899,,本科
5900,,本科
5901,,本科
5902,,本科
5903,,本科
5904,,本科
5905,,本科
5906,,本科
5907,,本科
5908,,本科
5909,,本科
5910,,本科
5911,,本科
5912,,本科
5913,,本科
5914,,本科
5915,,本科
5916,,本科
5917,,本科
5918,,本科
5919,,本科
5920,,本科
5921,,本科
5922,,本科
5923,,本科
5924,,本科
5925,,本科
5926,,本科
5927,,本科
5928,,本科
5929,,本科
5930,,本科
5931,,本科
5932,,本科
5933,,本科
5934,,本科
5935,,本科
5936,,本科
5937,,本科
5938,,本科
5939,,本科
5940,,本科
5941,,本科
5942,,本科
5943,,本科
5944,,本科
5945,,本科
5946,,本科
5947,,本科
5948,,本科
5949,,本科
5950,,本科
5951,,本科
5952,,本科
5953,,本科
5954,,本科
5955,,本科
5956,,本科
5957,,本科
5958,,本科
5959,,本科
5960,,本科
5961,,本科
5962,,本科
5963,,本科
5964,,本科
5965,,本科
5966,,本科
5967,,本科
5968,,本科
5969,,本科
5970,,本科
5971,,本科
5972,,本科
5973,,本科
5974,,本科
5975,,本科
5976,,本科
5977,,本科
5978,,本科
5979,,本科
5980,,本科
5981,,本科
5982,,本科
5983,,本科
5984,,本科
5985,,本科
5986,,本科
5987,,本科
5988,,本科
5989,,本科
5990,,本科
5991,,本科
5992,,本科
5993,,本科
5994,,本科
5995,,本科
5996,,本科
5997,,本科
5998,,本科
5999,,本科
6000,,本科
6001,,本科
6002,,本科
6003,,本科
6004,,本科
6005,,本科
6006,,本科
6007,,本科
6008,,本科
6009,,本科
6010,,本科
6011,,本科
6012,,本科
6013,,本科
6014,,本科
6015,,本科
6016,,本科
6017,,本科
6018,,本科
6019,,本科
6020,,本科
6021,,本科
6022,,本科
6023,,本科
6024,,本科
6025,,本科
6026,,本科
6027,,本科
6028,,本科
6029,,本科
6030,,本科
6031,,本科
6032,,本科
6033,,本科
6034,,本科
6035,,本科
6036,,本科
6037,,本科
6038,,本科
6039,,本科
6040,,本科
6041,,本科
6042,,本科
6043,,本科
6044,,本科
6045,,本科
6046,,本科
6047,,本科
6048,,本科
6049,,本科
6050,,本科
6051,,本科
6052,,本科
6053,,本科
6054,,本科
6055,,本科
6056,,本科
6057,,本科
6058,,本科
6059,,本科
6060,,本科
6061,,本科
6062,,本科
6063,,本科
6064,,本科
6065,,本科
6066,,本科
6067,,本科
6068,,本科
6069,,本科
6070,,本科
6071,,本科
6072,,本科
6073,,本科
6074,,本科
6075,,本科
6076,,本科
6077,,本科
6078,,本科
6079,,本科
6080,,本科
6081,,本科
6082,,本科
6083,,本科
6084,,本科
6085,,本科
6086,,本科
6087,,本科
6088,,本科
6089,,本科
6090,,本科
6091,,本科
6092,,本科
6093,,本科
6094,,本科
6095,,本科
6096,,本科
6097,,本科
6098,,本科
6099,,本科
6100,,本科
6101,,本科
6102,,本科
6103,,本科
6104,,本科
6105,,本科
6106,,本科
6107,,本科
6108,,本科
6109,,本科
6110,,本科
6111,,本科
6112,,本科
6113,,本科
6114,,本科
6115,,本科
6116,,本科
6117,,本科
6118,,本科
6119,,本科
6120,,本科
6121,,本科
6122,,本科
6123,,本科
6124,,本科
6125,,本科
6126,,本科
6127,,本科
6128,,本科
6129,,本科
6130,,本科
6131,,本科
6132,,本科
6133,,本科
6134,,本科
6135,,本科
6136,,本科
6137,,本科
6138,,本科
6139,,本科
6140,,本科
6141,,本科
6142,,本科
6143,,本科
6144,,本科
6145,,本科
6146,,本科
6147,,本科
6148,,本科
6149,,本科
6150,,本科
6151,,本科
6152,,本科
6153,,本科
6154,,本科
6155,,本科
6156,,本科
6157,,本科
6158,,本科
6159,,本科
6160,,本科
6161,,本科
6162,,本科
6163,,本科
6164,,本科
6165,,本科
6166,,本科
6167,,本科
6168,,本科
6169,,本科
6170,,本科
6171,,本科
6172,,本科
6173,,本科
6174,,本科
6175,,本科
6176,,本科
6177,,本科
6178,,本科
6179,,本科
6180,,本科
6181,,本科
6182,,本科
6183,,本科
6184,,本科
6185,,本科
6186,,本科
6187,,本科
6188,,本科
6189,,本科
6190,,本科
6191,,本科
6192,,本科
6193,,本科
6194,,本科
6195,,本科
6196,,本科
6197,,本科
6198,,本科
6199,,本科
6200,,本科
6201,,本科
6202,,本科
6203,,本科
6204,,本科
6205,,本科
6206,,本科
6207,,本科
6208,,本科
6209,,本科
6210,,本科
6211,,本科
6212,,本科
6213,,本科
6214,,本科
6215,,本科
6216,,本科
6217,,本科
6218,,本科
6219,,本科
6220,,本科
6221,,本科
6222,,本科
6223,,本科
6224,,本科
6225,,本科
6226,,本科
6227,,本科
6228,,本科
6229,,本科
6230,,本科
6231,,本科
6232,,本科
6233,,本科
6234,,本科
6235,,本科
6236,,本科
6237,,本科
6238,,本科
6239,,本科
6240,,本科
6241,,本科
6242,,本科
6243,,本科
6244,,本科
6245,,本科
6246,,本科
6247,,本科
6248,,本科
6249,,本科
6250,,本科
6251,,本科
6252,,本科
6253,,本科
6254,,本科
6255,,本科
6256,,本科
6257,,本科
6258,,本科
6259,,本科
6260,,本科
6261,,本科
6262,,本科
6263,,本科
6264,,本科
6265,,本科
6266,,本科
6267,,本科
6268,,本科
6269,,本科
6270,,本科
6271,,本科
6272,,本科
6273,,本科
6274,,本科
6275,,本科
6276,,本科
6277,,本科
6278,,本科
6279,,本科
6280,,本科
6281,,本科
6282,,本科
6283,,本科
6284,,本科
6285,,本科
6286,,本科
6287,,本科
6288,,本科
6289,,本科
6290,,本科
6291,,本科
6292,,本科
6293,,本科
6294,,本科
6295,,本科
6296,,本科
6297,,本科
6298,,本科
6299,,本科
6300,,本科
6301,,本科
6302,,本科
6303,,本科
6304,,本科
6305,,本科
6306,,本科
6307,,本科
6308,,本科
6309,,本科
6310,,本科
6311,,本科
6312,,硕士
6313,,硕士
6314,,硕士
6315,,硕士
6316,,硕士
6317,,硕士
6318,,硕士
6319,,硕士
6320,,硕士
6321,,硕士
6322,,硕士
6323,,硕士
6324,,硕士
6325,,硕士
6326,,硕士
6327,,硕士
6328,,硕士
6329,,硕士
6330,,硕士
6331,,硕士
6332,,硕士
6333,,硕士
6334,,硕士
6335,,硕士
6336,,硕士
6337,,硕士
6338,,硕士
6339,,硕士
6340,,硕士
6341,,硕士
6342,,硕士
6343,,硕士
6344,,硕士
6345,,硕士
6346,,硕士
6347,,硕士
6348,,硕士
6349,,硕士
6350,,硕士
6351,,硕士
6352,,硕士
6353,,硕士
6354,,硕士
6355,,硕士
6356,,硕士
6357,,硕士
6358,,硕士
6359,,硕士
6360,,硕士
6361,,硕士
6362,,硕士
6363,,硕士
6364,,硕士
6365,,硕士
6366,,硕士
6367,,硕士
6368,,硕士
6369,,硕士
6370,,硕士
6371,,硕士
6372,,硕士
6373,,硕士
6374,,硕士
6375,,硕士
6376,,硕士
6377,,硕士
6378,,硕士
6379,,硕士
6380,,硕士
6381,,硕士
6382,,硕士
6383,,硕士
6384,,硕士
6385,,硕士
6386,,硕士
6387,,硕士
6388,,硕士
6389,,硕士
6390,,硕士
6391,,硕士
6392,,硕士
6393,,硕士
6394,,硕士
6395,,硕士
6396,,硕士
6397,,硕士
6398,,硕士
6399,,硕士
6400,,硕士
6401,,硕士
6402,,硕士
6403,,硕士
6404,,硕士
6405,,硕士
6406,,硕士
6407,,硕士
6408,,硕士
6409,,硕士
6410,,硕士
6411,,硕士
6412,,硕士
6413,,硕士
6414,,硕士
6415,,硕士
6416,,硕士
6417,,硕士
6418,,硕士
6419,,硕士
6420,,硕士
6421,,硕士
6422,,硕士
6423,,硕士
6424,,硕士
6425,,硕士
6426,,硕士
6427,,硕士
6428,,硕士
6429,,硕士
6430,,硕士
6431,,硕士
6432,,硕士
6433,,硕士
6434,,硕士
6435,,硕士
6436,,硕士
6437,,硕士
6438,,硕士
6439,,硕士
6440,,硕士
6441,,硕士
6442,,硕士
6443,,硕士
6444,,硕士
6445,,硕士
6446,,硕士
6447,,硕士
6448,,硕士
6449,,硕士
6450,,硕士
6451,,硕士
6452,,硕士
6453,,硕士
6454,,硕士
6455,,硕士
6456,,硕士
6457,,硕士
6458,,硕士
6459,,硕士
6460,,硕士
6461,,硕士
6462,,硕士
6463,,硕士
6464,,硕士
6465,,硕士
6466,,硕士
6467,,硕士
6468,,硕士
6469,,硕士
6470,,硕士
6471,,硕士
6472,,硕士
6473,,硕士
6474,,硕士
6475,,硕士
6476,,硕士
6477,,硕士
6478,,硕士
6479,,硕士
6480,,硕士
6481,,硕士
6482,,硕士
6483,,硕士
6484,,硕士
6485,,硕士
6486,,硕士
6487,,硕士
6488,,硕士
6489,,硕士
6490,,硕士
6491,,硕士
6492,,硕士
6493,,硕士
6494,,硕士
6495,,硕士
6496,,硕士
6497,,硕士
6498,,硕士
6499,,硕士
6500,,硕士
6501,,硕士
6502,,硕士
6503,,硕士
6504,,硕士
6505,,硕士
6506,,硕士
6507,,硕士
6508,,硕士
6509,,硕士
6510,,硕士
6511,,硕士
6512,,硕士
6513,,硕士
6514,,硕士
6515,,硕士
6516,,硕士
6517,,硕士
6518,,硕士
6519,,硕士
6520,,硕士
6521,,硕士
6522,,硕士
6523,,硕士
6524,,硕士
6525,,硕士
6526,,硕士
6527,,硕士
6528,,硕士
6529,,硕士
6530,,硕士
6531,,硕士
6532,,硕士
6533,,硕士
6534,,硕士
6535,,硕士
6536,,硕士
6537,,硕士
6538,,硕士
6539,,硕士
6540,,硕士
6541,,硕士
6542,,硕士
6543,,硕士
6544,,硕士
6545,,硕士
6546,,硕士
6547,,硕士
6548,,硕士
6549,,硕士
6550,,硕士
6551,,硕士
6552,,硕士
6553,,硕士
6554,,硕士
6555,,硕士
6556,,硕士
6557,,硕士
6558,,硕士
6559,,硕士
6560,,硕士
6561,,硕士
6562,,硕士
6563,,硕士
6564,,硕士
6565,,硕士
6566,,硕士
6567,,硕士
6568,,硕士
6569,,硕士
6570,,硕士
6571,,硕士
6572,,硕士
6573,,硕士
6574,,硕士
6575,,硕士
6576,,硕士
6577,,硕士
6578,,硕士
6579,,硕士
6580,,硕士
6581,,硕士
6582,,硕士
6583,,硕士
6584,,硕士
6585,,硕士
6586,,硕士
6587,,硕士
6588,,硕士
6589,,硕士
6590,,硕士
6591,,硕士
6592,,硕士
6593,,硕士
6594,,硕士
6595,,硕士
6596,,硕士
6597,,硕士
6598,,硕士
6599,,硕士
6600,,硕士
6601,,硕士
6602,,硕士
6603,,硕士
6604,,硕士
6605,,硕士
6606,,硕士
6607,,硕士
6608,,硕士
6609,,硕士
6610,,硕士
6611,,硕士
6612,,硕士
6613,,硕士
6614,,硕士
6615,,硕士
6616,,硕士
6617,,硕士
6618,,硕士
6619,,硕士
6620,,硕士
6621,,硕士
6622,,硕士
6623,,硕士
6624,,硕士
6625,,硕士
6626,,硕士
6627,,硕士
6628,,硕士
6629,,硕士
6630,,硕士
6631,,硕士
6632,,硕士
6633,,硕士
6634,,硕士
6635,,硕士
6636,,硕士
6637,,硕士
6638,,硕士
6639,,硕士
6640,,硕士
6641,,硕士
6642,,硕士
6643,,硕士
6644,,硕士
6645,,硕士
6646,,硕士
6647,,硕士
6648,,硕士
6649,,硕士
6650,,硕士
6651,,硕士
6652,,硕士
6653,,硕士
6654,,硕士
6655,,硕士
6656,,硕士
6657,,硕士
6658,,硕士
6659,,硕士
6660,,硕士
6661,,硕士
6662,,硕士
6663,,硕士
6664,,硕士
6665,,硕士
6666,,硕士
6667,,硕士
6668,,硕士
6669,,硕士
6670,,硕士
6671,,硕士
6672,,硕士
6673,,硕士
6674,,硕士
6675,,硕士
6676,,硕士
6677,,硕士
6678,,硕士
6679,,硕士
6680,,硕士
6681,,硕士
6682,,硕士
6683,,硕士
6684,,硕士
6685,,硕士
6686,,硕士
6687,,硕士
6688,,硕士
6689,,硕士
6690,,硕士
6691,,硕士
6692,,硕士
6693,,硕士
6694,,硕士
6695,,硕士
6696,,硕士
6697,,硕士
6698,,硕士
6699,,硕士
6700,,硕士
6701,,硕士
6702,,硕士
6703,,硕士
6704,,硕士
6705,,硕士
6706,,硕士
6707,,硕士
6708,,硕士
6709,,硕士
6710,,硕士
6711,,硕士
6712,,硕士
6713,,硕士
6714,,硕士
6715,,硕士
6716,,硕士
6717,,硕士
6718,,硕士
6719,,硕士
6720,,硕士
6721,,硕士
6722,,硕士
6723,,硕士
6724,,硕士
6725,,硕士
6726,,硕士
6727,,硕士
6728,,硕士
6729,,硕士
6730,,硕士
6731,,硕士
6732,,硕士
6733,,硕士
6734,,硕士
6735,,硕士
6736,,硕士
6737,,硕士
6738,,硕士
6739,,硕士
6740,,硕士
6741,,硕士
6742,,硕士
6743,,硕士
6744,,硕士
6745,,硕士
6746,,硕士
6747,,硕士
6748,,硕士
6749,,硕士
6750,,硕士
6751,,硕士
6752,,硕士
6753,,硕士
6754,,硕士
6755,,硕士
6756,,硕士
6757,,硕士
6758,,硕士
6759,,硕士
6760,,硕士
6761,,硕士
6762,,硕士
6763,,硕士
6764,,硕士
6765,,硕士
6766,,硕士
6767,,硕士
6768,,硕士
6769,,硕士
6770,,硕士
6771,,硕士
6772,,硕士
6773,,硕士
6774,,硕士
6775,,硕士
6776,,硕士
6777,,硕士
6778,,硕士
6779,,硕士
6780,,硕士
6781,,硕士
6782,,硕士
6783,,硕士
6784,,硕士
6785,,硕士
6786,,硕士
6787,,硕士
6788,,硕士
6789,,硕士
6790,,硕士
6791,,硕士
6792,,硕士
6793,,硕士
6794,,硕士
6795,,硕士
6796,,硕士
6797,,硕士
6798,,硕士
6799,,硕士
6800,,硕士
6801,,硕士
6802,,硕士
6803,,硕士
6804,,硕士
6805,,硕士
6806,,硕士
6807,,硕士
6808,,硕士
6809,,硕士
6810,,硕士
6811,,硕士
6812,,硕士
6813,,硕士
6814,,硕士
6815,,硕士
6816,,硕士
6817,,硕士
6818,,硕士
6819,,硕士
6820,,硕士
6821,,硕士
6822,,硕士
6823,,硕士
6824,,硕士
6825,,硕士
6826,,硕士
6827,,硕士
6828,,硕士
6829,,硕士
6830,,硕士
6831,,硕士
6832,,硕士
6833,,硕士
6834,,硕士
6835,,硕士
6836,,硕士
6837,,硕士
6838,,硕士
6839,,硕士
6840,,硕士
6841,,硕士
6842,,硕士
6843,,硕士
6844,,硕士
6845,,硕士
6846,,硕士
6847,,硕士
6848,,硕士
6849,,硕士
6850,,硕士
6851,,硕士
6852,,硕士
6853,,硕士
6854,,硕士
6855,,硕士
6856,,硕士
6857,,硕士
6858,,硕士
6859,,硕士
6860,,硕士
6861,,硕士
6862,,硕士
6863,,硕士
6864,,硕士
6865,,硕士
6866,,硕士
6867,,硕士
6868,,硕士
6869,,硕士
6870,,硕士
6871,,硕士
6872,,硕士
6873,,硕士
6874,,硕士
6875,,硕士
6876,,硕士
6877,,硕士
6878,,硕士
6879,,硕士
6880,,硕士
6881,,硕士
6882,,硕士
6883,,硕士
6884,,硕士
6885,,硕士
6886,,硕士
6887,,硕士
6888,,硕士
6889,,硕士
6890,,硕士
6891,,硕士
6892,,硕士
6893,,硕士
6894,,硕士
6895,,硕士
6896,,硕士
6897,,硕士
6898,,硕士
6899,,硕士
6900,,硕士
6901,,硕士
6902,,硕士
6903,,硕士
6904,,硕士
6905,,硕士
6906,,硕士
6907,,硕士
6908,,硕士
6909,,硕士
6910,,硕士
6911,,硕士
6912,,硕士
6913,,硕士
6914,,硕士
6915,,硕士
6916,,硕士
6917,,硕士
6918,,硕士
6919,,硕士
6920,,硕士
6921,,硕士
6922,,硕士
6923,,硕士
6924,,硕士
6925,,硕士
6926,,硕士
6927,,硕士
6928,,硕士
6929,,硕士
6930,,硕士
6931,,硕士
6932,,硕士
6933,,硕士
6934,,硕士
6935,,硕士
6936,,硕士
6937,,硕士
6938,,硕士
6939,,硕士
6940,,硕士
6941,,硕士
6942,,硕士
6943,,硕士
6944,,硕士
6945,,硕士
6946,,硕士
6947,,硕士
6948,,硕士
6949,,硕士
6950,,硕士
6951,,硕士
6952,,硕士
6953,,硕士
6954,,硕士
6955,,硕士
6956,,硕士
6957,,硕士
6958,,硕士
6959,,硕士
6960,,硕士
6961,,硕士
6962,,硕士
6963,,硕士
6964,,硕士
6965,,硕士
6966,,硕士
6967,,硕士
6968,,硕士
6969,,硕士
6970,,硕士
6971,,硕士
6972,,硕士
6973,,硕士
6974,,硕士
6975,,硕士
6976,,硕士
6977,,硕士
6978,,硕士
6979,,硕士
6980,,硕士
6981,,硕士
6982,,硕士
6983,,硕士
6984,,硕士
6985,,硕士
6986,,硕士
6987,,硕士
6988,,硕士
6989,,硕士
6990,,硕士
6991,,硕士
6992,,硕士
6993,,硕士
6994,,硕士
6995,,硕士
6996,,硕士
6997,,硕士
6998,,硕士
6999,,硕士
7000,,硕士
7001,,硕士
7002,,硕士
7003,,硕士
7004,,硕士
7005,,硕士
7006,,硕士
7007,,硕士
7008,,硕士
7009,,硕士
7010,,硕士
7011,,硕士
7012,,硕士
7013,,硕士
7014,,硕士
7015,,硕士
7016,,硕士
7017,,硕士
7018,,硕士
7019,,硕士
7020,,硕士
7021,,硕士
7022,,硕士
7023,,硕士
7024,,硕士
7025,,硕士
7026,,硕士
7027,,硕士
7028,,硕士
7029,,硕士
7030,,硕士
7031,,硕士
7032,,硕士
7033,,硕士
7034,,硕士
7035,,硕士
7036,,硕士
7037,,硕士
7038,,硕士
7039,,硕士
7040,,硕士
7041,,硕士
7042,,硕士
7043,,硕士
7044,,硕士
7045,,硕士
7046,,硕士
7047,,硕士
7048,,硕士
7049,,硕士
7050,,硕士
7051,,硕士
7052,,硕士
7053,,硕士
7054,,硕士
7055,,硕士
7056,,硕士
7057,,硕士
7058,,硕士
7059,,硕士
7060,,硕士
7061,,硕士
7062,,硕士
7063,,硕士
7064,,硕士
7065,,硕士
7066,,硕士
7067,,硕士
7068,,硕士
7069,,硕士
7070,,硕士
7071,,硕士
7072,,硕士
7073,,硕士
7074,,硕士
7075,,硕士
7076,,硕士
7077,,硕士
7078,,硕士
7079,,硕士
7080,,硕士
7081,,硕士
7082,,硕士
7083,,硕士
7084,,硕士
7085,,硕士
7086,,硕士
7087,,硕士
7088,,硕士
7089,,硕士
7090,,硕士
7091,,硕士
7092,,硕士
7093,,硕士
7094,,硕士
7095,,硕士
7096,,硕士
7097,,硕士
7098,,硕士
7099,,硕士
7100,,硕士
7101,,硕士
7102,,硕士
7103,,硕士
7104,,硕士
7105,,硕士
7106,,硕士
7107,,硕士
7108,,硕士
7109,,硕士
7110,,硕士
7111,,硕士
7112,,硕士
7113,,硕士
7114,,硕士
7115,,硕士
7116,,硕士
7117,,硕士
7118,,硕士
7119,,硕士
7120,,硕士
7121,,硕士
7122,,硕士
7123,,硕士
7124,,硕士
7125,,硕士
7126,,硕士
7127,,硕士
7128,,硕士
7129,,硕士
7130,,硕士
7131,,硕士
7132,,硕士
7133,,硕士
7134,,硕士
7135,,硕士
7136,,硕士
7137,,硕士
7138,,硕士
7139,,硕士
7140,,硕士
7141,,硕士
7142,,硕士
7143,,硕士
7144,,硕士
7145,,硕士
7146,,硕士
7147,,硕士
7148,,硕士
7149,,硕士
7150,,硕士
7151,,硕士
7152,,硕士
7153,,硕士
7154,,硕士
7155,,硕士
7156,,硕士
7157,,硕士
7158,,硕士
7159,,硕士
7160,,硕士
7161,,硕士
7162,,硕士
7163,,硕士
7164,,硕士
7165,,硕士
7166,,硕士
7167,,硕士
7168,,硕士
7169,,硕士
7170,,硕士
7171,,硕士
7172,,硕士
7173,,硕士
7174,,硕士
7175,,硕士
7176,,硕士
7177,,硕士
7178,,硕士
7179,,硕士
7180,,硕士
7181,,硕士
7182,,硕士
7183,,硕士
7184,,博士
7185,,博士
7186,,博士
7187,,博士
7188,,博士
7189,,博士
7190,,博士
7191,,博士
7192,,博士
7193,,博士
7194,,博士
7195,,博士
7196,,博士
7197,,博士
7198,,博士
7199,,博士
7200,,博士
7201,,博士
7202,,博士
7203,,博士
7204,,博士
7205,,博士
7206,,博士
7207,,博士
7208,,博士
7209,,博士
7210,,博士
7211,,博士
7212,,博士
7213,,博士
7214,,博士
7215,,博士
7216,,博士
7217,,博士
7218,,博士
7219,,博士
7220,,博士
7221,,博士
7222,,博士
7223,,博士
7224,,博士
7225,,博士
7226,,博士
7227,,博士
7228,,博士
7229,,博士
7230,,博士
7231,,博士
7232,,博士
7233,,博士
7234,,博士
7235,,博士
7236,,博士
7237,,博士
7238,,博士
7239,,博士
7240,,博士
7241,,博士
7242,,博士
7243,,博士
7244,,博士
7245,,博士
7246,,博士
7247,,博士
7248,,博士
7249,,博士
7250,,博士
7251,,博士
7252,,博士
7253,,博士
7254,,博士
7255,,博士
7256,,博士
7257,,博士
7258,,博士
7259,,博士
7260,,博士
7261,,博士
7262,,博士
7263,,博士
7264,,博士
7265,,博士
7266,,博士
7267,,博士
7268,,博士
7269,,博士
7270,,博士
7271,,博士
7272,,博士
7273,,博士
7274,,博士
7275,,博士
7276,,博士
7277,,博士
7278,,博士
7279,,博士
7280,,博士
7281,,博士
7282,,博士
7283,,博士
7284,,博士
7285,,博士
7286,,博士
7287,,博士
7288,,博士
7289,,博士
7290,,博士
7291,,博士
7292,,博士
7293,,博士
7294,,博士
7295,,博士
7296,,博士
7297,,博士
7298,,博士
7299,,博士
7300,,博士
7301,,博士
7302,,博士
7303,,博士
7304,,博士
7305,,博士
7306,,博士
7307,,博士
7308,,博士
7309,,博士
7310,,博士
7311,,博士
7312,,博士
7313,,博士
7314,,博士
7315,,博士
7316,,博士
7317,,博士
7318,,博士
7319,,博士
7320,,博士
7321,,博士
7322,,博士
7323,,博士
7324,,博士
7325,,博士
7326,,博士
7327,,博士
7328,,博士
7329,,博士
7330,,博士
7331,,博士
7332,,博士
7333,,博士
7334,,博士
7335,,博士
7336,,博士
7337,,博士
7338,,博士
7339,,博士
7340,,博士
7341,,博士
7342,,博士
7343,,博士
7344,,博士
7345,,博士
7346,,博士
7347,,博士
7348,,博士
7349,,博士
7350,,博士
7351,,博士
7352,,博士
7353,,博士
7354,,博士
7355,,博士
7356,,博士
7357,,博士
7358,,博士
7359,,博士
7360,,博士
7361,,博士
7362,,博士
7363,,博士
7364,,博士
7365,,博士
7366,,博士
7367,,博士
7368,,博士
7369,,博士
7370,,博士
7371,,博士
7372,,博士
7373,,博士
7374,,博士
7375,,博士
7376,,博士
7377,,博士
7378,,博士
7379,,博士
7380,,博士
7381,,博士
7382,,博士
7383,,博士
7384,,博士
7385,,博士
7386,,博士
7387,,博士
7388,,博士
7389,,博士
7390,,博士
7391,,博士
7392,,博士
7393,,博士
7394,,博士
7395,,博士
7396,,博士
7397,,博士
7398,,博士
7399,,博士
7400,,博士
7401,,博士
7402,,博士
7403,,博士
7404,,博士
7405,,博士
7406,,博士
7407,,博士
7408,,博士
7409,,博士
7410,,博士
7411,,博士
7412,,博士
7413,,博士
7414,,博士
7415,,博士
7416,,博士
7417,,博士
7418,,博士
7419,,博士
7420,,博士
7421,,博士
7422,,博士
7423,,博士
7424,,博士
7425,,博士
7426,,博士
7427,,博士
7428,,博士
7429,,博士
7430,,博士
7431,,博士
7432,,博士
7433,,博士
7434,,博士
7435,,博士
7436,,博士
7437,,博士
7438,,博士
7439,,博士
7440,,博士
7441,,博士
7442,,博士
7443,,博士
7444,,博士
7445,,博士
7446,,博士
7447,,博士
7448,,博士
7449,,博士
7450,,博士
7451,,博士
7452,,博士
7453,,博士
7454,,博士
7455,,博士
7456,,博士
7457,,博士
7458,,博士
7459,,博士
7460,,博士
7461,,博士
7462,,博士
7463,,博士
7464,,博士
7465,,博士
7466,,博士
7467,,博士
7468,,博士
7469,,博士
7470,,博士
7471,,博士
7472,,博士
7473,,博士
7474,,博士
7475,,博士
7476,,博士
7477,,博士
7478,,博士
7479,,博士
7480,,博士
7481,,博士
7482,,博士
7483,,博士
7484,,博士
7485,,博士
7486,,博士
7487,,博士
7488,,博士
7489,,博士
7490,,博士
7491,,博士
7492,,博士
7493,,博士
7494,,博士
7495,,博士
7496,,博士
7497,,博士
7498,,博士
7499,,博士
7500,,博士
7501,,博士
7502,,博士
7503,,博士
7504,,博士
7505,,博士
7506,,博士
7507,,博士
7508,,博士
7509,,博士
7510,,博士
7511,,博士
7512,,博士
7513,,博士
7514,,博士
7515,,博士
7516,,博士
7517,,博士
7518,,博士
7519,,博士
7520,,博士
7521,,博士
7522,,博士
7523,,博士
7524,,博士
7525,,博士
7526,,博士
7527,,博士
7528,,博士
7529,,博士
7530,,博士
7531,,博士
7532,,博士
7533,,博士
7534,,博士
7535,,博士
7536,,博士
7537,,博士
7538,,博士
7539,,博士
7540,,博士
7541,,博士
7542,,博士
7543,,博士
7544,,博士
7545,,博士
7546,,博士
7547,,博士
7548,,博士
7549,,博士
7550,,博士
7551,,博士
7552,,博士
7553,,博士
7554,,博士
7555,,博士
7556,,博士
7557,,博士
7558,,博士
7559,,博士
7560,,博士
7561,,博士
7562,,博士
7563,,博士
7564,,博士
7565,,博士
7566,,博士
7567,,博士
7568,,博士
7569,,博士
7570,,博士
7571,,博士
7572,,博士
7573,,博士
7574,,博士
7575,,博士
7576,,博士
7577,,博士
7578,,博士
7579,,博士
7580,,博士
7581,,博士
7582,,博士
7583,,博士
7584,,博士
7585,,博士
7586,,博士
7587,,博士
7588,,博士
7589,,博士
7590,,博士
7591,,博士
7592,,博士
7593,,博士
7594,,博士
7595,,博士
7596,,博士
7597,,博士
7598,,博士
7599,,博士
7600,,博士
7601,,博士
7602,,博士
7603,,博士
7604,,博士
7605,,博士
7606,,博士
7607,,博士
7608,,博士
7609,,博士
7610,,博士
7611,,博士
7612,,博士
7613,,博士
7614,,博士
7615,,博士
7616,,博士
7617,,博士
7618,,博士
7619,,博士
7620,,博士
7621,,博士
7622,,博士
7623,,博士
7624,,博士
7625,,博士
7626,,博士
7627,,博士
7628,,博士
7629,,博士
7630,,博士
7631,,博士
7632,,博士
7633,,博士
7634,,博士
7635,,博士
7636,,博士
7637,,博士
7638,,博士
7639,,博士
7640,,博士
7641,,博士
7642,,博士
7643,,博士
7644,,博士
7645,,博士
7646,,博士
7647,,博士
7648,,博士
7649,,博士
7650,,博士
7651,,博士
7652,,博士
7653,,博士
7654,,博士
7655,,博士
7656,,博士
7657,,博士
7658,,博士
7659,,博士
7660,,博士
7661,,博士
7662,,博士
7663,,博士
7664,,博士
7665,,博士
7666,,博士
7667,,博士
7668,,博士
7669,,博士
7670,,博士
7671,,博士
7672,,博士
7673,,博士
7674,,博士
7675,,博士
7676,,博士
7677,,博士
7678,,博士
7679,,博士
7680,,博士
7681,,博士
7682,,博士
7683,,博士
7684,,博士
7685,,博士
7686,,博士
7687,,博士
7688,,博士
7689,,博士
7690,,博士
7691,,博士
7692,,博士
7693,,博士
7694,,博士
7695,,博士
7696,,博士
7697,,博士
7698,,博士
7699,,博士
7700,,博士
7701,,博士
7702,,博士
7703,,博士
7704,,博士
7705,,博士
7706,,博士
7707,,博士
7708,,博士
7709,,博士
7710,,博士
7711,,博士
7712,,博士
7713,,博士
7714,,博士
7715,,博士
7716,,博士
7717,,博士
7718,,博士
7719,,博士
7720,,博士
7721,,博士
7722,,博士
7723,,博士
7724,,博士
7725,,博士
7726,,博士
7727,,博士
7728,,博士
7729,,博士
7730,,博士
7731,,博士
7732,,博士
7733,,博士
7734,,博士
7735,,博士
7736,,博士
7737,,博士
7738,,博士
7739,,博士
7740,,博士
7741,,博士
7742,,博士
7743,,博士
7744,,博士
7745,,博士
7746,,博士
7747,,博士
7748,,博士
7749,,博士
7750,,博士
7751,,博士
7752,,博士
7753,,博士
7754,,博士
7755,,博士
7756,,博士
7757,,博士
7758,,博士
7759,,博士
7760,,博士
7761,,博士
7762,,博士
7763,,博士
7764,,博士
7765,,博士
7766,,博士
7767,,博士
7768,,博士
7769,,博士
7770,,博士
7771,,博士
7772,,博士
7773,,博士
7774,,博士
7775,,博士
7776,,博士
7777,,博士
7778,,博士
7779,,博士
7780,,博士
7781,,博士
7782,,博士
7783,,博士
7784,,博士
7785,,博士
7786,,博士
7787,,博士
7788,,博士
7789,,博士
7790,,博士
7791,,博士
7792,,博士
7793,,博士
7794,,博士
7795,,博士
7796,,博士
7797,,博士
7798,,博士
7799,,博士
7800,,博士
7801,,博士
7802,,博士
7803,,博士
7804,,博士
7805,,博士
7806,,博士
7807,,博士
7808,,博士
7809,,博士
7810,,博士
7811,,博士
7812,,博士
7813,,博士
7814,,博士
7815,,博士
7816,,博士
7817,,博士
7818,,博士
7819,,博士
7820,,博士
7821,,博士
7822,,博士
7823,,博士
7824,,博士
7825,,博士
7826,,博士
7827,,博士
7828,,博士
7829,,博士
7830,,博士
7831,,博士
7832,,博士
7833,,博士
7834,,博士
7835,,博士
7836,,博士
7837,,博士
7838,,博士
7839,,博士
7840,,博士
7841,,博士
7842,,博士
7843,,博士
7844,,博士
7845,,博士
7846,,博士
7847,,博士
7848,,博士
7849,,博士
7850,,博士
7851,,博士
7852,,博士
7853,,博士
7854,,博士
7855,,博士
7856,,博士
7857,,博士
7858,,博士
7859,,博士
7860,,博士
7861,,博士
7862,,大专
7863,,大专
7864,,大专
7865,,大专
7866,,大专
7867,,大专
7868,,大专
7869,,大专
7870,,大专
7871,,大专
7872,,大专
7873,,大专
7874,,大专
7875,,大专
7876,,大专
7877,,大专
7878,,大专
7879,,大专
7880,,大专
7881,,大专
7882,,大专
7883,,大专
7884,,大专
7885,,大专
7886,,大专
7887,,大专
7888,,大专
7889,,大专
7890,,大专
7891,,大专
7892,,大专
7893,,大专
7894,,大专
7895,,大专
7896,,大专
7897,,大专
7898,,大专
7899,,大专
7900,,大专
7901,,大专
7902,,大专
7903,,大专
7904,,大专
7905,,大专
7906,,大专
7907,,大专
7908,,大专
7909,,大专
7910,,大专
7911,,大专
7912,,大专
7913,,大专
7914,,大专
7915,,大专
7916,,大专
7917,,大专
7918,,大专
7919,,大专
7920,,大专
7921,,大专
7922,,大专
7923,,大专
7924,,大专
7925,,大专
7926,,大专
7927,,大专
7928,,大专
7929,,大专
7930,,大专
7931,,大专
7932,,大专
7933,,大专
7934,,大专
7935,,大专
7936,,大专
7937,,大专
7938,,大专
7939,,大专
7940,,大专
7941,,大专
7942,,大专
7943,,大专
7944,,大专
7945,,大专
7946,,大专
7947,,大专
7948,,大专
7949,,大专
7950,,大专
7951,,大专
7952,,大专
7953,,大专
7954,,大专
7955,,大专
7956,,大专
7957,,大专
7958,,大专
7959,,大专
7960,,大专
7961,,大专
7962,,大专
7963,,大专
7964,,大专
7965,,大专
7966,,大专
7967,,大专
7968,,大专
7969,,大专
7970,,大专
7971,,大专
7972,,大专
7973,,大专
7974,,大专
7975,,大专
7976,,大专
7977,,大专
7978,,大专
7979,,大专
7980,,大专
7981,,大专
7982,,大专
7983,,大专
7984,,大专
7985,,大专
7986,,大专
7987,,大专
7988,,大专
7989,,大专
7990,,大专
7991,,大专
7992,,大专
7993,,大专
7994,,大专
7995,,大专
7996,,大专
7997,,大专
7998,,大专
7999,,大专
8000,,大专
8001,,大专
8002,,大专
8003,,大专
8004,,大专
8005,,大专
8006,,大专
8007,,大专
8008,,大专
8009,,大专
8010,,大专
8011,,大专
8012,,大专
8013,,大专
8014,,大专
8015,,大专
8016,,大专
8017,,大专
8018,,大专
8019,,大专
8020,,大专
8021,,大专
8022,,大专
8023,,大专
8024,,大专
8025,,大专
8026,,大专
8027,,大专
8028,,大专
8029,,大专
8030,,大专
8031,,大专
8032,,大专
8033,,大专
8034,,大专
8035,,大专
8036,,大专
8037,,大专
8038,,大专
8039,,大专
8040,,大专
8041,,大专
8042,,大专
8043,,大专
8044,,大专
8045,,大专
8046,,大专
8047,,大专
8048,,大专
8049,,大专
8050,,大专
8051,,大专
8052,,大专
8053,,大专
8054,,大专
8055,,大专
8056,,大专
8057,,大专
8058,,大专
8059,,大专
8060,,大专
8061,,大专
8062,,大专
8063,,大专
8064,,大专
8065,,大专
8066,,大专
8067,,大专
8068,,大专
8069,,大专
8070,,大专
8071,,大专
8072,,大专
8073,,大专
8074,,大专
8075,,大专
8076,,大专
8077,,大专
8078,,大专
8079,,大专
8080,,大专
8081,,大专
8082,,大专
8083,,大专
8084,,大专
8085,,大专
8086,,大专
8087,,大专
8088,,大专
8089,,大专
8090,,大专
8091,,大专
8092,,大专
8093,,大专
8094,,大专
8095,,大专
8096,,大专
8097,,大专
8098,,大专
8099,,大专
8100,,大专
8101,,大专
8102,,大专
8103,,大专
8104,,大专
8105,,大专
8106,,大专
8107,,大专
8108,,大专
8109,,大专
8110,,大专
8111,,大专
8112,,大专
8113,,大专
8114,,大专
8115,,大专
8116,,大专
8117,,大专
8118,,大专
8119,,大专
8120,,大专
8121,,大专
8122,,大专
8123,,大专
8124,,大专
8125,,大专
8126,,大专
8127,,大专
8128,,大专
8129,,大专
8130,,大专
8131,,大专
8132,,大专
8133,,大专
8134,,大专
8135,,大专
8136,,大专
8137,,大专
8138,,大专
8139,,大专
8140,,大专
8141,,大专
8142,,大专
8143,,大专
8144,,大专
8145,,大专
8146,,大专
8147,,大专
8148,,大专
8149,,大专
8150,,大专
8151,,大专
8152,,大专
8153,,大专
8154,,大专
8155,,大专
8156,,大专
8157,,大专
8158,,大专
8159,,大专
8160,,大专
8161,,大专
8162,,大专
8163,,大专
8164,,大专
8165,,大专
8166,,大专
8167,,大专
8168,,大专
8169,,大专
8170,,大专
8171,,大专
8172,,大专
8173,,大专
8174,,大专
8175,,大专
8176,,大专
8177,,大专
8178,,大专
8179,,大专
8180,,大专
8181,,大专
8182,,大专
8183,,大专
8184,,大专
8185,,大专
8186,,大专
8187,,大专
8188,,大专
8189,,大专
8190,,大专
8191,,大专
8192,,大专
8193,,大专
8194,,大专
8195,,大专
8196,,大专
8197,,大专
8198,,大专
8199,,大专
8200,,大专
8201,,大专
8202,,大专
8203,,大专
8204,,大专
8205,,大专
8206,,大专
8207,,大专
8208,,大专
8209,,大专
8210,,大专
8211,,大专
8212,,大专
8213,,大专
8214,,大专
8215,,大专
8216,,大专
8217,,大专
8218,,大专
8219,,大专
8220,,大专
8221,,大专
8222,,大专
8223,,大专
8224,,大专
8225,,大专
8226,,大专
8227,,大专
8228,,大专
8229,,大专
8230,,大专
8231,,大专
8232,,大专
8233,,大专
8234,,大专
8235,,大专
8236,,大专
8237,,大专
8238,,大专
8239,,大专
8240,,大专
8241,,大专
8242,,大专
8243,,大专
8244,,大专
8245,,大专
8246,,大专
8247,,大专
8248,,大专
8249,,大专
8250,,大专
8251,,大专
8252,,大专
8253,,大专
8254,,大专
8255,,大专
8256,,大专
8257,,大专
8258,,大专
8259,,大专
8260,,大专
8261,,大专
8262,,大专
8263,,大专
8264,,大专
8265,,大专
8266,,大专
8267,,大专
8268,,大专
8269,,大专
8270,,大专
8271,,大专
8272,,大专
8273,,大专
8274,,大专
8275,,大专
8276,,大专
8277,,大专
8278,,大专
8279,,大专
8280,,大专
8281,,大专
8282,,大专
8283,,大专
8284,,大专
8285,,大专
8286,,大专
8287,,大专
8288,,大专
8289,,大专
8290,,大专
8291,,大专
8292,,大专
8293,,大专
8294,,大专
8295,,大专
8296,,大专
8297,,大专
8298,,大专
8299,,大专
8300,,大专
8301,,大专
8302,,大专
8303,,大专
8304,,大专
8305,,大专
8306,,大专
8307,,大专
8308,,大专
8309,,大专
8310,,大专
8311,,大专
8312,,大专
8313,,大专
8314,,大专
8315,,大专
8316,,大专
8317,,大专
8318,,大专
8319,,大专
8320,,大专
8321,,大专
8322,,大专
8323,,大专
8324,,大专
8325,,大专
8326,,大专
8327,,大专
8328,,大专
8329,,大专
8330,,大专
8331,,大专
8332,,大专
8333,,大专
8334,,大专
8335,,大专
8336,,大专
8337,,大专
8338,,大专
8339,,大专
8340,,大专
8341,,大专
8342,,大专
8343,,大专
8344,,大专
8345,,大专
8346,,大专
8347,,大专
8348,,大专
8349,,大专
8350,,大专
8351,,大专
8352,,大专
8353,,大专
8354,,大专
8355,,大专
8356,,大专
8357,,大专
8358,,大专
8359,,大专
8360,,大专
8361,,大专
8362,,大专
8363,,大专
8364,,大专
8365,,大专
8366,,大专
8367,,大专
8368,,大专
8369,,大专
8370,,大专
8371,,大专
8372,,大专
8373,,大专
8374,,大专
8375,,大专
8376,,大专
8377,,大专
8378,,大专
8379,,大专
8380,,大专
8381,,大专
8382,,大专
8383,,大专
8384,,大专
8385,,大专
8386,,大专
8387,,大专
8388,,大专
8389,,大专
8390,,大专
8391,,大专
8392,,大专
8393,,大专
8394,,大专
8395,,大专
8396,,大专
8397,,大专
8398,,大专
8399,,大专
8400,,大专
8401,,大专
8402,,大专
8403,,大专
8404,,大专
8405,,大专
8406,,大专
8407,,大专
8408,,大专
8409,,大专
8410,,大专
8411,,大专
8412,,大专
8413,,大专
8414,,大专
8415,,大专
8416,,大专
8417,,大专
8418,,大专
8419,,大专
8420,,大专
8421,,大专
8422,,大专
8423,,大专
8424,,大专
8425,,大专
8426,,大专
8427,,大专
8428,,大专
8429,,大专
8430,,大专
8431,,大专
8432,,大专
8433,,大专
8434,,大专
8435,,大专
8436,,大专
8437,,大专
8438,,大专
8439,,大专
8440,,大专
8441,,大专
8442,,大专
8443,,大专
8444,,大专
8445,,大专
8446,,大专
8447,,大专
8448,,大专
8449,,大专
8450,,大专
8451,,大专
8452,,大专
8453,,大专
8454,,大专
8455,,大专
8456,,大专
8457,,大专
8458,,大专
8459,,大专
8460,,大专
8461,,大专
8462,,大专
8463,,大专
8464,,大专
8465,,大专
8466,,大专
8467,,大专
8468,,大专
8469,,大专
8470,,大专
8471,,大专
8472,,大专
8473,,大专
8474,,大专
8475,,大专
8476,,大专
8477,,大专
8478,,大专
8479,,大专
8480,,大专
8481,,大专
8482,,大专
8483,,大专
8484,,大专
8485,,大专
8486,,大专
8487,,大专
8488,,大专
8489,,大专
8490,,大专
8491,,大专
8492,,大专
8493,,大专
8494,,大专
8495,,大专
8496,,大专
8497,,大专
8498,,大专
8499,,大专
8500,,大专
8501,,大专
8502,,大专
8503,,大专
8504,,大专
8505,,大专
8506,,大专
8507,,大专
8508,,大专
8509,,大专
8510,,大专
8511,,大专
8512,,大专
8513,,大专
8514,,大专
8515,,大专
8516,,大专
8517,,大专
8518,,大专
8519,,大专
8520,,大专
8521,,大专
8522,,大专
8523,,大专
8524,,大专
8525,,大专
8526,,大专
8527,,大专
8528,,大专
8529,,大专
8530,,大专
8531,,大专
8532,,大专
8533,,大专
8534,,大专
8535,,大专
8536,,大专
8537,,大专
8538,,大专
8539,,大专
8540,,大专
8541,,大专
8542,,大专
8543,,大专
8544,,大专
8545,,大专
8546,,大专
8547,,大专
8548,,大专
8549,,大专
8550,,大专
8551,,大专
8552,,大专
8553,,大专
8554,,大专
8555,,大专
8556,,大专
8557,,大专
8558,,大专
8559,,大专
8560,,大专
8561,,大专
8562,,大专
8563,,大专
8564,,大专
8565,,大专
8566,,大专
8567,,大专
8568,,大专
8569,,大专
8570,,大专
8571,,大专
8572,,大专
8573,,大专
8574,,大专
8575,,大专
8576,,大专
8577,,大专
8578,,大专
8579,,大专
8580,,大专
8581,,大专
8582,,大专
8583,,大专
8584,,大专
8585,,大专
8586,,大专
8587,,大专
8588,,大专
8589,,大专
8590,,大专
8591,,大专
8592,,大专
8593,,大专
8594,,大专
8595,,大专
8596,,大专
8597,,大专
8598,,大专
8599,,大专
8600,,大专
8601,,大专
8602,,大专
8603,,大专
8604,,大专
8605,,大专
8606,,大专
8607,,大专
8608,,大专
8609,,大专
8610,,大专
8611,,大专
8612,,大专
8613,,大专
8614,,大专
8615,,大专
8616,,大专
8617,,大专
8618,,大专
8619,,大专
8620,,大专
8621,,大专
8622,,大专
8623,,大专
8624,,大专
8625,,大专
8626,,大专
8627,,大专
8628,,大专
8629,,大专
8630,,大专
8631,,大专
8632,,大专
8633,,大专
8634,,大专
8635,,大专
8636,,大专
8637,,大专
8638,,大专
8639,,大专
8640,,大专
8641,,大专
8642,,大专
8643,,大专
8644,,大专
8645,,大专
8646,,大专
8647,,大专
8648,,大专
8649,,大专
8650,,大专
8651,,大专
8652,,大专
8653,,大专
8654,,大专
8655,,大专
8656,,大专
8657,,大专
8658,,大专
8659,,大专
8660,,大专
8661,,大专
8662,,大专
8663,,大专
8664,,大专
8665,,大专
8666,,大专
8667,,大专
8668,,大专
8669,,大专
8670,,大专
8671,,大专
8672,,大专
8673,,大专
8674,,大专
8675,,大专
8676,,大专
8677,,大专
8678,,大专
8679,,大专
8680,,大专
8681,,大专
8682,,大专
8683,,大专
8684,,大专
8685,,大专
8686,,大专
8687,,大专
8688,,大专
8689,,大专
8690,,大专
8691,,大专
8692,,大专
8693,,大专
8694,,大专
8695,,大专
8696,,大专
8697,,大专
8698,,大专
8699,,大专
8700,,大专
8701,,大专
8702,,大专
8703,,大专
8704,,大专
8705,,大专
8706,,大专
8707,,大专
8708,,大专
8709,,大专
8710,,大专
8711,,大专
8712,,大专
8713,,大专
8714,,大专
8715,,大专
8716,,大专
8717,,大专
8718,,大专
8719,,大专
8720,,大专
8721,,大专
8722,,大专
8723,,大专
8724,,大专
8725,,大专
8726,,大专
8727,,大专
8728,,大专
8729,,大专
8730,,大专
8731,,大专
8732,,大专
8733,,大专
8734,,大专
8735,,大专
8736,,大专
8737,,大专
8738,,大专
8739,,大专
8740,,大专
8741,,大专
8742,,大专
8743,,大专
8744,,大专
8745,,大专
8746,,大专
8747,,大专
8748,,大专
8749,,大专
8750,,大专
8751,,大专
8752,,大专
8753,,大专
8754,,大专
8755,,大专
8756,,大专
8757,,大专
8758,,大专
8759,,大专
8760,,大专
8761,,大专
