职位id,是否实习,实习/全职
0,,全职
1,,全职
2,,实习
3,,实习
4,,全职
5,,实习
6,,实习
7,,实习
8,,实习
9,,全职
10,,实习
11,,实习
12,,实习
13,,全职
14,,全职
15,,实习
16,,实习
17,,全职
18,,全职
19,,实习
20,,全职
21,,全职
22,,实习
23,,实习
24,,实习
25,,实习
26,,全职
27,,实习
28,,全职
29,,全职
30,,实习
31,,实习
32,,全职
33,,实习
34,,实习
35,,实习
36,,全职
37,,全职
38,,实习
39,,全职
40,,全职
41,,实习
42,,实习
43,,全职
44,,实习
45,,全职
46,,实习
47,,实习
48,,实习
49,,全职
50,,全职
51,,全职
52,,全职
53,,全职
54,,实习
55,,实习
56,,实习
57,,全职
58,,实习
59,,全职
60,,全职
61,,全职
62,,全职
63,,全职
64,,全职
65,,全职
66,,全职
67,,全职
68,,实习
69,,全职
70,,全职
71,,全职
72,,实习
73,,实习
74,,实习
75,,全职
76,,全职
77,,实习
78,,全职
79,,实习
80,,实习
81,,全职
82,,全职
83,,全职
84,,全职
85,,全职
86,,全职
87,,全职
88,,实习
89,,实习
90,,全职
91,,实习
92,,全职
93,,全职
94,,全职
95,,全职
96,,全职
97,,全职
98,,全职
99,,实习
100,,实习
101,,全职
102,,实习
103,,全职
104,,全职
105,,实习
106,,全职
107,,全职
108,,实习
109,,实习
110,,全职
111,,全职
112,,全职
113,,全职
114,,全职
115,,全职
116,,实习
117,,全职
118,,全职
119,,实习
120,,全职
121,,全职
122,,全职
123,,实习
124,,实习
125,,全职
126,,全职
127,,全职
128,,全职
129,,全职
130,,全职
131,,全职
132,,全职
133,,全职
134,,全职
135,,全职
136,,实习
137,,全职
138,,全职
139,,全职
140,,全职
141,,全职
142,,全职
143,,全职
144,,全职
145,,全职
146,,全职
147,,全职
148,,全职
149,,全职
150,,全职
151,,实习
152,,全职
153,,实习
154,,全职
155,,全职
156,,实习
157,,全职
158,,实习
159,,全职
160,,实习
161,,实习
162,,全职
163,,全职
164,,实习
165,,全职
166,,全职
167,,全职
168,,全职
169,,实习
170,,全职
171,,实习
172,,全职
173,,全职
174,,全职
175,,全职
176,,全职
177,,全职
178,,全职
179,,全职
180,,全职
181,,全职
182,,全职
183,,全职
184,,实习
185,,全职
186,,全职
187,,全职
188,,全职
189,,全职
190,,全职
191,,全职
192,,全职
193,,全职
194,,全职
195,,全职
196,,全职
197,,实习
198,,全职
199,,全职
200,,实习
201,,全职
202,,实习
203,,全职
204,,实习
205,,全职
206,,全职
207,,全职
208,,实习
209,,全职
210,,全职
211,,全职
212,,全职
213,,全职
214,,全职
215,,全职
216,,全职
217,,实习
218,,全职
219,,全职
220,,全职
221,,全职
222,,全职
223,,全职
224,,全职
225,,全职
226,,全职
227,,全职
228,,实习
229,,全职
230,,全职
231,,全职
232,,全职
233,,全职
234,,全职
235,,全职
236,,全职
237,,全职
238,,全职
239,,全职
240,,全职
241,,实习
242,,全职
243,,实习
244,,实习
245,,全职
246,,全职
247,,全职
248,,全职
249,,全职
250,,全职
251,,全职
252,,全职
253,,全职
254,,全职
255,,全职
256,,全职
257,,全职
258,,全职
259,,全职
260,,全职
261,,全职
262,,全职
263,,全职
264,,全职
265,,全职
266,,全职
267,,全职
268,,实习
269,,全职
270,,全职
271,,实习
272,,全职
273,,全职
274,,实习
275,,实习
276,,实习
277,,实习
278,,全职
279,,全职
280,,全职
281,,全职
282,,全职
283,,实习
284,,实习
285,,全职
286,,实习
287,,全职
288,,实习
289,,实习
290,,实习
291,,全职
292,,全职
293,,实习
294,,全职
295,,全职
296,,全职
297,,实习
298,,全职
299,,全职
300,,实习
301,,实习
302,,全职
303,,全职
304,,实习
305,,全职
306,,全职
307,,全职
308,,实习
309,,实习
310,,全职
311,,全职
312,,全职
313,,全职
314,,全职
315,,全职
316,,全职
317,,实习
318,,实习
319,,全职
320,,实习
321,,实习
322,,实习
323,,全职
324,,实习
325,,全职
326,,全职
327,,实习
328,,全职
329,,实习
330,,实习
331,,全职
332,,全职
333,,全职
334,,全职
335,,实习
336,,全职
337,,实习
338,,全职
339,,实习
340,,实习
341,,全职
342,,全职
343,,实习
344,,实习
345,,实习
346,,全职
347,,全职
348,,全职
349,,全职
350,,实习
351,,全职
352,,全职
353,,全职
354,,全职
355,,全职
356,,全职
357,,全职
358,,实习
359,,全职
360,,实习
361,,全职
362,,全职
363,,实习
364,,全职
365,,全职
366,,实习
367,,全职
368,,全职
369,,全职
370,,全职
371,,全职
372,,实习
373,,全职
374,,全职
375,,全职
376,,全职
377,,全职
378,,全职
379,,实习
380,,全职
381,,全职
382,,全职
383,,全职
384,,全职
385,,全职
386,,全职
387,,实习
388,,实习
389,,实习
390,,全职
391,,全职
392,,全职
393,,全职
394,,全职
395,,全职
396,,全职
397,,全职
398,,全职
399,,全职
400,,全职
401,,全职
402,,全职
403,,实习
404,,实习
405,,全职
406,,全职
407,,全职
408,,全职
409,,实习
410,,全职
411,,全职
412,,全职
413,,全职
414,,全职
415,,全职
416,,全职
417,,全职
418,,全职
419,,全职
420,,全职
421,,全职
422,,全职
423,,全职
424,,实习
425,,全职
426,,全职
427,,全职
428,,实习
429,,全职
430,,全职
431,,全职
432,,全职
433,,全职
434,,全职
435,,全职
436,,全职
437,,实习
438,,全职
439,,全职
440,,全职
441,,全职
442,,实习
443,,实习
444,,全职
445,,全职
446,,全职
447,,全职
448,,全职
449,,全职
450,,全职
451,,全职
452,,实习
453,,全职
454,,全职
455,,全职
456,,全职
457,,全职
458,,全职
459,,全职
460,,全职
461,,全职
462,,全职
463,,全职
464,,全职
465,,全职
466,,全职
467,,全职
468,,全职
469,,全职
470,,全职
471,,全职
472,,全职
473,,全职
474,,全职
475,,全职
476,,全职
477,,全职
478,,全职
479,,全职
480,,全职
481,,全职
482,,全职
483,,全职
484,,全职
485,,全职
486,,全职
487,,全职
488,,全职
489,,全职
490,,全职
491,,全职
492,,全职
493,,全职
494,,全职
495,,全职
496,,全职
497,,全职
498,,全职
499,,全职
500,,全职
501,,实习
502,,全职
503,,全职
504,,实习
505,,全职
506,,实习
507,,全职
508,,全职
509,,全职
510,,全职
511,,全职
512,,全职
513,,全职
514,,全职
515,,全职
516,,全职
517,,全职
518,,全职
519,,全职
520,,全职
521,,全职
522,,全职
523,,全职
524,,全职
525,,全职
526,,全职
527,,全职
528,,全职
529,,全职
530,,全职
531,,全职
532,,全职
533,,全职
534,,全职
535,,全职
536,,全职
537,,全职
538,,全职
539,,全职
540,,全职
541,,全职
542,,全职
543,,全职
544,,全职
545,,全职
546,,全职
547,,全职
548,,全职
549,,全职
550,,全职
551,,全职
552,,全职
553,,全职
554,,全职
555,,全职
556,,全职
557,,全职
558,,全职
559,,全职
560,,全职
561,,全职
562,,全职
563,,全职
564,,全职
565,,全职
566,,全职
567,,全职
568,,全职
569,,全职
570,,全职
571,,全职
572,,全职
573,,全职
574,,全职
575,,全职
576,,全职
577,,全职
578,,全职
579,,全职
580,,全职
581,,全职
582,,全职
583,,全职
584,,全职
585,,全职
586,,全职
587,,全职
588,,全职
589,,全职
590,,全职
591,,全职
592,,全职
593,,全职
594,,全职
595,,全职
596,,全职
597,,全职
598,,全职
599,,全职
600,,全职
601,,全职
602,,全职
603,,全职
604,,全职
605,,全职
606,,全职
607,,全职
608,,全职
609,,全职
610,,全职
611,,全职
612,,全职
613,,全职
614,,全职
615,,全职
616,,全职
617,,全职
618,,全职
619,,全职
620,,全职
621,,全职
622,,全职
623,,全职
624,,全职
625,,全职
626,,全职
627,,全职
628,,全职
629,,全职
630,,全职
631,,全职
632,,全职
633,,全职
634,,全职
635,,全职
636,,全职
637,,全职
638,,全职
639,,全职
640,,全职
641,,全职
642,,全职
643,,全职
644,,全职
645,,全职
646,,全职
647,,全职
648,,全职
649,,全职
650,,全职
651,,全职
652,,全职
653,,全职
654,,全职
655,,全职
656,,全职
657,,全职
658,,全职
659,,全职
660,,全职
661,,全职
662,,全职
663,,全职
664,,全职
665,,全职
666,,全职
667,,全职
668,,全职
669,,全职
670,,全职
671,,全职
672,,全职
673,,全职
674,,全职
675,,全职
676,,全职
677,,全职
678,,全职
679,,全职
680,,全职
681,,全职
682,,全职
683,,全职
684,,全职
685,,全职
686,,全职
687,,全职
688,,全职
689,,全职
690,,全职
691,,全职
692,,全职
693,,全职
694,,全职
695,,全职
696,,全职
697,,全职
698,,全职
699,,全职
700,,全职
701,,全职
702,,全职
703,,全职
704,,全职
705,,全职
706,,全职
707,,全职
708,,全职
709,,全职
710,,全职
711,,全职
712,,全职
713,,全职
714,,全职
715,,全职
716,,全职
717,,全职
718,,全职
719,,全职
720,,全职
721,,全职
722,,全职
723,,全职
724,,全职
725,,全职
726,,全职
727,,全职
728,,全职
729,,全职
730,,全职
731,,全职
732,,全职
733,,全职
734,,全职
735,,全职
736,,全职
737,,全职
738,,全职
739,,全职
740,,全职
741,,全职
742,,全职
743,,全职
744,,全职
745,,全职
746,,全职
747,,全职
748,,全职
749,,全职
750,,全职
751,,全职
752,,全职
753,,全职
754,,全职
755,,全职
756,,全职
757,,全职
758,,全职
759,,全职
760,,全职
761,,全职
762,,全职
763,,全职
764,,全职
765,,全职
766,,全职
767,,全职
768,,全职
769,,全职
770,,全职
771,,全职
772,,全职
773,,全职
774,,全职
775,,全职
776,,全职
777,,全职
778,,全职
779,,全职
780,,全职
781,,全职
782,,全职
783,,全职
784,,全职
785,,全职
786,,全职
787,,全职
788,,全职
789,,全职
790,,全职
791,,全职
792,,全职
793,,全职
794,,全职
795,,全职
796,,全职
797,,全职
798,,全职
799,,全职
800,,全职
801,,全职
802,,全职
803,,全职
804,,全职
805,,全职
806,,全职
807,,全职
808,,全职
809,,全职
810,,全职
811,,全职
812,,全职
813,,全职
814,,全职
815,,全职
816,,全职
817,,全职
818,,全职
819,,全职
820,,全职
821,,全职
822,,全职
823,,全职
824,,全职
825,,全职
826,,全职
827,,全职
828,,全职
829,,全职
830,,全职
831,,全职
832,,全职
833,,全职
834,,全职
835,,全职
836,,全职
837,,全职
838,,全职
839,,全职
840,,全职
841,,全职
842,,全职
843,,全职
844,,全职
845,,全职
846,,全职
847,,全职
848,,全职
849,,全职
850,,全职
851,,全职
852,,全职
853,,全职
854,,全职
855,,全职
856,,全职
857,,全职
858,,全职
859,,全职
860,,全职
861,,全职
862,,全职
863,,全职
864,,全职
865,,全职
866,,全职
867,,全职
868,,全职
869,,全职
870,,全职
871,,全职
872,,全职
873,,全职
874,,全职
875,,全职
876,,全职
877,,全职
878,,全职
879,,全职
880,,全职
881,,全职
882,,全职
883,,全职
884,,全职
885,,全职
886,,全职
887,,全职
888,,全职
889,,全职
890,,全职
891,,全职
892,,全职
893,,全职
894,,全职
895,,全职
896,,全职
897,,全职
898,,全职
899,,全职
900,,全职
901,,全职
902,,全职
903,,全职
904,,全职
905,,全职
906,,全职
907,,全职
908,,全职
909,,全职
910,,全职
911,,全职
912,,全职
913,,全职
914,,全职
915,,全职
916,,全职
917,,全职
918,,全职
919,,全职
920,,全职
921,,全职
922,,全职
923,,全职
924,,全职
925,,全职
926,,全职
927,,全职
928,,全职
929,,全职
930,,全职
931,,全职
932,,全职
933,,全职
934,,全职
935,,全职
936,,全职
937,,全职
938,,全职
939,,全职
940,,全职
941,,全职
942,,全职
943,,全职
944,,全职
945,,全职
946,,全职
947,,全职
948,,全职
949,,全职
950,,全职
951,,全职
952,,全职
953,,全职
954,,全职
955,,全职
956,,全职
957,,全职
958,,全职
959,,全职
960,,全职
961,,全职
962,,全职
963,,全职
964,,全职
965,,全职
966,,全职
967,,全职
968,,全职
969,,全职
970,,全职
971,,全职
972,,全职
973,,全职
974,,全职
975,,全职
976,,全职
977,,全职
978,,全职
979,,全职
980,,全职
981,,全职
982,,全职
983,,全职
984,,全职
985,,全职
986,,全职
987,,全职
988,,全职
989,,全职
990,,全职
991,,全职
992,,全职
993,,全职
994,,全职
995,,全职
996,,全职
997,,全职
998,,全职
999,,全职
1000,,全职
1001,,全职
1002,,全职
1003,,全职
1004,,全职
1005,,全职
1006,,全职
1007,,全职
1008,,全职
1009,,全职
1010,,全职
1011,,全职
1012,,全职
1013,,全职
1014,,全职
1015,,全职
1016,,全职
1017,,全职
1018,,全职
1019,,全职
1020,,全职
1021,,全职
1022,,全职
1023,,全职
1024,,全职
1025,,全职
1026,,全职
1027,,全职
1028,,全职
1029,,全职
1030,,全职
1031,,全职
1032,,全职
1033,,全职
1034,,全职
1035,,全职
1036,,全职
1037,,全职
1038,,全职
1039,,全职
1040,,全职
1041,,全职
1042,,全职
1043,,全职
1044,,全职
1045,,全职
1046,,全职
1047,,全职
1048,,全职
1049,,全职
1050,,全职
1051,,全职
1052,,全职
1053,,全职
1054,,全职
1055,,全职
1056,,全职
1057,,全职
1058,,全职
1059,,全职
1060,,全职
1061,,全职
1062,,全职
1063,,全职
1064,,全职
1065,,全职
1066,,全职
1067,,全职
1068,,全职
1069,,全职
1070,,全职
1071,,全职
1072,,全职
1073,,全职
1074,,全职
1075,,全职
1076,,全职
1077,,全职
1078,,全职
1079,,全职
1080,,全职
1081,,全职
1082,,全职
1083,,全职
1084,,全职
1085,,全职
1086,,全职
1087,,全职
1088,,全职
1089,,全职
1090,,全职
1091,,全职
1092,,全职
1093,,全职
1094,,全职
1095,,全职
1096,,全职
1097,,全职
1098,,全职
1099,,全职
1100,,全职
1101,,全职
1102,,全职
1103,,全职
1104,,全职
1105,,全职
1106,,全职
1107,,全职
1108,,全职
1109,,全职
1110,,全职
1111,,全职
1112,,全职
1113,,全职
1114,,全职
1115,,全职
1116,,全职
1117,,全职
1118,,全职
1119,,全职
1120,,全职
1121,,全职
1122,,全职
1123,,全职
1124,,全职
1125,,全职
1126,,全职
1127,,全职
1128,,全职
1129,,全职
1130,,全职
1131,,全职
1132,,全职
1133,,全职
1134,,全职
1135,,全职
1136,,全职
1137,,全职
1138,,全职
1139,,全职
1140,,全职
1141,,全职
1142,,全职
1143,,全职
1144,,全职
1145,,全职
1146,,全职
1147,,全职
1148,,全职
1149,,全职
1150,,全职
1151,,全职
1152,,全职
1153,,全职
1154,,全职
1155,,全职
1156,,全职
1157,,全职
1158,,全职
1159,,全职
1160,,全职
1161,,全职
1162,,全职
1163,,全职
1164,,全职
1165,,全职
1166,,全职
1167,,全职
1168,,全职
1169,,全职
1170,,全职
1171,,全职
1172,,全职
1173,,全职
1174,,全职
1175,,全职
1176,,全职
1177,,全职
1178,,全职
1179,,全职
1180,,全职
1181,,全职
1182,,全职
1183,,全职
1184,,全职
1185,,全职
1186,,全职
1187,,全职
1188,,全职
1189,,全职
1190,,全职
1191,,全职
1192,,全职
1193,,全职
1194,,全职
1195,,全职
1196,,全职
1197,,全职
1198,,全职
1199,,全职
1200,,全职
1201,,全职
1202,,全职
1203,,全职
1204,,全职
1205,,全职
1206,,全职
1207,,全职
1208,,全职
1209,,全职
1210,,全职
1211,,全职
1212,,全职
1213,,全职
1214,,全职
1215,,全职
1216,,全职
1217,,全职
1218,,全职
1219,,全职
1220,,全职
1221,,全职
1222,,全职
1223,,全职
1224,,全职
1225,,全职
1226,,全职
1227,,全职
1228,,全职
1229,,全职
1230,,全职
1231,,全职
1232,,全职
1233,,全职
1234,,全职
1235,,全职
1236,,全职
1237,,全职
1238,,全职
1239,,全职
1240,,全职
1241,,全职
1242,,全职
1243,,全职
1244,,全职
1245,,全职
1246,,全职
1247,,全职
1248,,全职
1249,,全职
1250,,全职
1251,,全职
1252,,全职
1253,,全职
1254,,全职
1255,,全职
1256,,全职
1257,,全职
1258,,全职
1259,,全职
1260,,全职
1261,,全职
1262,,全职
1263,,全职
1264,,全职
1265,,全职
1266,,全职
1267,,全职
1268,,全职
1269,,全职
1270,,全职
1271,,全职
1272,,全职
1273,,全职
1274,,全职
1275,,全职
1276,,全职
1277,,全职
1278,,全职
1279,,全职
1280,,全职
1281,,全职
1282,,全职
1283,,全职
1284,,全职
1285,,全职
1286,,全职
1287,,全职
1288,,全职
1289,,全职
1290,,全职
1291,,全职
1292,,全职
1293,,全职
1294,,全职
1295,,全职
1296,,全职
1297,,全职
1298,,全职
1299,,全职
1300,,全职
1301,,全职
1302,,全职
1303,,全职
1304,,全职
1305,,全职
1306,,全职
1307,,全职
1308,,全职
1309,,全职
1310,,全职
1311,,全职
1312,,全职
1313,,全职
1314,,全职
1315,,全职
1316,,全职
1317,,全职
1318,,全职
1319,,全职
1320,,全职
1321,,全职
1322,,全职
1323,,全职
1324,,全职
1325,,全职
1326,,全职
1327,,全职
1328,,全职
1329,,全职
1330,,全职
1331,,全职
1332,,全职
1333,,全职
1334,,全职
1335,,全职
1336,,全职
1337,,全职
1338,,全职
1339,,全职
1340,,全职
1341,,全职
1342,,全职
1343,,全职
1344,,全职
1345,,全职
1346,,全职
1347,,全职
1348,,全职
1349,,全职
1350,,全职
1351,,全职
1352,,全职
1353,,全职
1354,,全职
1355,,全职
1356,,全职
1357,,全职
1358,,全职
1359,,全职
1360,,全职
1361,,全职
1362,,全职
1363,,全职
1364,,全职
1365,,全职
1366,,全职
1367,,全职
1368,,全职
1369,,全职
1370,,全职
1371,,全职
1372,,全职
1373,,全职
1374,,全职
1375,,全职
1376,,全职
1377,,全职
1378,,全职
1379,,全职
1380,,全职
1381,,全职
1382,,全职
1383,,全职
1384,,全职
1385,,全职
1386,,全职
1387,,全职
1388,,全职
1389,,全职
1390,,全职
1391,,全职
1392,,全职
1393,,全职
1394,,全职
1395,,全职
1396,,全职
1397,,全职
1398,,全职
1399,,全职
1400,,全职
1401,,全职
1402,,全职
1403,,全职
1404,,全职
1405,,全职
1406,,全职
1407,,全职
1408,,全职
1409,,全职
1410,,全职
1411,,全职
1412,,全职
1413,,全职
1414,,全职
1415,,全职
1416,,全职
1417,,全职
1418,,全职
1419,,全职
1420,,全职
1421,,全职
1422,,全职
1423,,全职
1424,,全职
1425,,全职
1426,,全职
1427,,全职
1428,,全职
1429,,全职
1430,,全职
1431,,全职
1432,,全职
1433,,全职
1434,,全职
1435,,全职
1436,,全职
1437,,全职
1438,,全职
1439,,全职
1440,,全职
1441,,全职
1442,,全职
1443,,全职
1444,,全职
1445,,全职
1446,,全职
1447,,全职
1448,,全职
1449,,全职
1450,,全职
1451,,全职
1452,,全职
1453,,全职
1454,,全职
1455,,全职
1456,,全职
1457,,全职
1458,,全职
1459,,全职
1460,,全职
1461,,全职
1462,,全职
1463,,全职
1464,,全职
1465,,全职
1466,,全职
1467,,全职
1468,,全职
1469,,全职
1470,,全职
1471,,全职
1472,,全职
1473,,全职
1474,,全职
1475,,全职
1476,,全职
1477,,全职
1478,,全职
1479,,全职
1480,,全职
1481,,全职
1482,,全职
1483,,全职
1484,,全职
1485,,全职
1486,,全职
1487,,全职
1488,,全职
1489,,全职
1490,,全职
1491,,全职
1492,,全职
1493,,全职
1494,,全职
1495,,全职
1496,,全职
1497,,全职
1498,,全职
1499,,全职
1500,,全职
1501,,全职
1502,,全职
1503,,全职
1504,,全职
1505,,全职
1506,,全职
1507,,全职
1508,,全职
1509,,全职
1510,,全职
1511,,全职
1512,,全职
1513,,全职
1514,,全职
1515,,全职
1516,,全职
1517,,全职
1518,,全职
1519,,全职
1520,,全职
1521,,全职
1522,,全职
1523,,全职
1524,,全职
1525,,全职
1526,,全职
1527,,全职
1528,,全职
1529,,全职
1530,,全职
1531,,全职
1532,,全职
1533,,全职
1534,,全职
1535,,全职
1536,,全职
1537,,全职
1538,,全职
1539,,全职
1540,,全职
1541,,全职
1542,,全职
1543,,全职
1544,,全职
1545,,全职
1546,,全职
1547,,全职
1548,,全职
1549,,全职
1550,,全职
1551,,全职
1552,,全职
1553,,全职
1554,,全职
1555,,全职
1556,,全职
1557,,全职
1558,,全职
1559,,全职
1560,,全职
1561,,全职
1562,,全职
1563,,实习
1564,,全职
1565,,全职
1566,,全职
1567,,全职
1568,,全职
1569,,实习
1570,,全职
1571,,全职
1572,,全职
1573,,全职
1574,,全职
1575,,全职
1576,,全职
1577,,全职
1578,,全职
1579,,全职
1580,,全职
1581,,全职
1582,,全职
1583,,全职
1584,,全职
1585,,实习
1586,,实习
1587,,全职
1588,,全职
1589,,全职
1590,,全职
1591,,全职
1592,,全职
1593,,全职
1594,,全职
1595,,全职
1596,,全职
1597,,全职
1598,,全职
1599,,全职
1600,,全职
1601,,全职
1602,,实习
1603,,全职
1604,,全职
1605,,全职
1606,,全职
1607,,全职
1608,,全职
1609,,全职
1610,,全职
1611,,全职
1612,,全职
1613,,全职
1614,,全职
1615,,实习
1616,,全职
1617,,全职
1618,,全职
1619,,全职
1620,,实习
1621,,全职
1622,,实习
1623,,全职
1624,,全职
1625,,全职
1626,,全职
1627,,全职
1628,,全职
1629,,全职
1630,,全职
1631,,全职
1632,,全职
1633,,全职
1634,,全职
1635,,全职
1636,,全职
1637,,全职
1638,,全职
1639,,全职
1640,,全职
1641,,全职
1642,,全职
1643,,全职
1644,,全职
1645,,全职
1646,,全职
1647,,全职
1648,,全职
1649,,全职
1650,,全职
1651,,全职
1652,,全职
1653,,全职
1654,,全职
1655,,全职
1656,,实习
1657,,全职
1658,,全职
1659,,全职
1660,,全职
1661,,全职
1662,,全职
1663,,全职
1664,,全职
1665,,全职
1666,,全职
1667,,全职
1668,,全职
1669,,全职
1670,,全职
1671,,全职
1672,,全职
1673,,全职
1674,,实习
1675,,全职
1676,,全职
1677,,全职
1678,,全职
1679,,全职
1680,,全职
1681,,全职
1682,,全职
1683,,全职
1684,,全职
1685,,全职
1686,,全职
1687,,实习
1688,,全职
1689,,全职
1690,,全职
1691,,全职
1692,,全职
1693,,全职
1694,,全职
1695,,全职
1696,,全职
1697,,全职
1698,,全职
1699,,全职
1700,,全职
1701,,全职
1702,,全职
1703,,全职
1704,,实习
1705,,全职
1706,,全职
1707,,全职
1708,,全职
1709,,全职
1710,,全职
1711,,全职
1712,,全职
1713,,全职
1714,,全职
1715,,全职
1716,,全职
1717,,全职
1718,,全职
1719,,全职
1720,,全职
1721,,全职
1722,,全职
1723,,全职
1724,,全职
1725,,全职
1726,,全职
1727,,全职
1728,,全职
1729,,全职
1730,,全职
1731,,全职
1732,,全职
1733,,全职
1734,,全职
1735,,全职
1736,,全职
1737,,全职
1738,,全职
1739,,全职
1740,,全职
1741,,全职
1742,,全职
1743,,全职
1744,,全职
1745,,全职
1746,,全职
1747,,全职
1748,,全职
1749,,全职
1750,,全职
1751,,全职
1752,,全职
1753,,实习
1754,,全职
1755,,全职
1756,,全职
1757,,全职
1758,,全职
1759,,全职
1760,,全职
1761,,全职
1762,,全职
1763,,全职
1764,,全职
1765,,全职
1766,,全职
1767,,全职
1768,,全职
1769,,全职
1770,,全职
1771,,全职
1772,,全职
1773,,全职
1774,,全职
1775,,全职
1776,,全职
1777,,全职
1778,,全职
1779,,全职
1780,,全职
1781,,全职
1782,,全职
1783,,全职
1784,,全职
1785,,全职
1786,,全职
1787,,全职
1788,,全职
1789,,全职
1790,,全职
1791,,全职
1792,,全职
1793,,全职
1794,,全职
1795,,全职
1796,,全职
1797,,全职
1798,,全职
1799,,全职
1800,,全职
1801,,全职
1802,,全职
1803,,全职
1804,,全职
1805,,全职
1806,,全职
1807,,全职
1808,,全职
1809,,全职
1810,,全职
1811,,全职
1812,,全职
1813,,全职
1814,,全职
1815,,全职
1816,,全职
1817,,全职
1818,,全职
1819,,全职
1820,,全职
1821,,全职
1822,,全职
1823,,全职
1824,,全职
1825,,全职
1826,,全职
1827,,全职
1828,,全职
1829,,全职
1830,,全职
1831,,全职
1832,,全职
1833,,全职
1834,,全职
1835,,全职
1836,,全职
1837,,全职
1838,,全职
1839,,全职
1840,,全职
1841,,全职
1842,,全职
1843,,全职
1844,,全职
1845,,全职
1846,,全职
1847,,全职
1848,,全职
1849,,实习
1850,,全职
1851,,全职
1852,,全职
1853,,全职
1854,,全职
1855,,全职
1856,,全职
1857,,全职
1858,,全职
1859,,全职
1860,,全职
1861,,全职
1862,,全职
1863,,全职
1864,,全职
1865,,全职
1866,,全职
1867,,全职
1868,,全职
1869,,全职
1870,,全职
1871,,全职
1872,,全职
1873,,实习
1874,,全职
1875,,全职
1876,,全职
1877,,全职
1878,,全职
1879,,全职
1880,,全职
1881,,全职
1882,,全职
1883,,全职
1884,,全职
1885,,全职
1886,,全职
1887,,全职
1888,,全职
1889,,全职
1890,,全职
1891,,全职
1892,,全职
1893,,全职
1894,,全职
1895,,全职
1896,,全职
1897,,全职
1898,,全职
1899,,全职
1900,,实习
1901,,全职
1902,,全职
1903,,全职
1904,,全职
1905,,全职
1906,,全职
1907,,全职
1908,,全职
1909,,全职
1910,,全职
1911,,全职
1912,,全职
1913,,全职
1914,,全职
1915,,全职
1916,,全职
1917,,全职
1918,,全职
1919,,全职
1920,,全职
1921,,全职
1922,,全职
1923,,全职
1924,,全职
1925,,全职
1926,,全职
1927,,全职
1928,,全职
1929,,全职
1930,,全职
1931,,全职
1932,,全职
1933,,全职
1934,,全职
1935,,全职
1936,,全职
1937,,全职
1938,,全职
1939,,全职
1940,,全职
1941,,全职
1942,,全职
1943,,全职
1944,,全职
1945,,全职
1946,,全职
1947,,全职
1948,,全职
1949,,全职
1950,,全职
1951,,全职
1952,,全职
1953,,全职
1954,,全职
1955,,全职
1956,,全职
1957,,全职
1958,,全职
1959,,全职
1960,,全职
1961,,全职
1962,,全职
1963,,全职
1964,,全职
1965,,全职
1966,,全职
1967,,全职
1968,,全职
1969,,全职
1970,,全职
1971,,全职
1972,,全职
1973,,全职
1974,,全职
1975,,全职
1976,,全职
1977,,全职
1978,,全职
1979,,全职
1980,,全职
1981,,全职
1982,,全职
1983,,全职
1984,,全职
1985,,全职
1986,,全职
1987,,全职
1988,,全职
1989,,全职
1990,,全职
1991,,全职
1992,,全职
1993,,全职
1994,,全职
1995,,全职
1996,,全职
1997,,全职
1998,,全职
1999,,全职
2000,,全职
2001,,全职
2002,,全职
2003,,全职
2004,,全职
2005,,全职
2006,,全职
2007,,全职
2008,,全职
2009,,全职
2010,,全职
2011,,全职
2012,,全职
2013,,全职
2014,,全职
2015,,全职
2016,,全职
2017,,全职
2018,,全职
2019,,全职
2020,,全职
2021,,全职
2022,,全职
2023,,全职
2024,,全职
2025,,全职
2026,,全职
2027,,全职
2028,,全职
2029,,全职
2030,,全职
2031,,全职
2032,,全职
2033,,全职
2034,,全职
2035,,全职
2036,,全职
2037,,全职
2038,,全职
2039,,全职
2040,,全职
2041,,全职
2042,,全职
2043,,全职
2044,,全职
2045,,全职
2046,,全职
2047,,全职
2048,,全职
2049,,全职
2050,,全职
2051,,全职
2052,,全职
2053,,全职
2054,,全职
2055,,全职
2056,,全职
2057,,全职
2058,,全职
2059,,全职
2060,,全职
2061,,全职
2062,,全职
2063,,全职
2064,,全职
2065,,全职
2066,,全职
2067,,全职
2068,,全职
2069,,全职
2070,,全职
2071,,全职
2072,,全职
2073,,全职
2074,,全职
2075,,全职
2076,,全职
2077,,全职
2078,,全职
2079,,全职
2080,,全职
2081,,全职
2082,,全职
2083,,全职
2084,,全职
2085,,全职
2086,,全职
2087,,全职
2088,,全职
2089,,全职
2090,,全职
2091,,全职
2092,,全职
2093,,全职
2094,,全职
2095,,全职
2096,,实习
2097,,实习
2098,,全职
2099,,全职
2100,,全职
2101,,全职
2102,,全职
2103,,全职
2104,,全职
2105,,全职
2106,,全职
2107,,全职
2108,,全职
2109,,全职
2110,,全职
2111,,全职
2112,,全职
2113,,全职
2114,,全职
2115,,全职
2116,,全职
2117,,全职
2118,,全职
2119,,全职
2120,,全职
2121,,全职
2122,,全职
2123,,全职
2124,,全职
2125,,全职
2126,,全职
2127,,全职
2128,,全职
2129,,全职
2130,,全职
2131,,全职
2132,,全职
2133,,全职
2134,,全职
2135,,全职
2136,,全职
2137,,全职
2138,,全职
2139,,全职
2140,,全职
2141,,全职
2142,,全职
2143,,全职
2144,,全职
2145,,全职
2146,,全职
2147,,全职
2148,,全职
2149,,全职
2150,,全职
2151,,全职
2152,,全职
2153,,全职
2154,,全职
2155,,全职
2156,,全职
2157,,全职
2158,,全职
2159,,全职
2160,,全职
2161,,全职
2162,,全职
2163,,全职
2164,,全职
2165,,全职
2166,,全职
2167,,全职
2168,,全职
2169,,全职
2170,,全职
2171,,全职
2172,,全职
2173,,全职
2174,,全职
2175,,全职
2176,,全职
2177,,全职
2178,,全职
2179,,全职
2180,,全职
2181,,全职
2182,,全职
2183,,全职
2184,,全职
2185,,全职
2186,,全职
2187,,全职
2188,,全职
2189,,全职
2190,,全职
2191,,全职
2192,,全职
2193,,全职
2194,,全职
2195,,全职
2196,,全职
2197,,全职
2198,,全职
2199,,全职
2200,,全职
2201,,全职
2202,,全职
2203,,全职
2204,,全职
2205,,全职
2206,,全职
2207,,全职
2208,,全职
2209,,全职
2210,,全职
2211,,全职
2212,,全职
2213,,全职
2214,,全职
2215,,全职
2216,,全职
2217,,全职
2218,,全职
2219,,全职
2220,,全职
2221,,全职
2222,,全职
2223,,全职
2224,,全职
2225,,全职
2226,,全职
2227,,全职
2228,,全职
2229,,全职
2230,,全职
2231,,全职
2232,,全职
2233,,全职
2234,,全职
2235,,全职
2236,,全职
2237,,全职
2238,,全职
2239,,全职
2240,,全职
2241,,全职
2242,,全职
2243,,全职
2244,,全职
2245,,全职
2246,,全职
2247,,全职
2248,,全职
2249,,全职
2250,,全职
2251,,全职
2252,,全职
2253,,全职
2254,,全职
2255,,全职
2256,,全职
2257,,全职
2258,,全职
2259,,全职
2260,,全职
2261,,全职
2262,,实习
2263,,全职
2264,,全职
2265,,全职
2266,,全职
2267,,全职
2268,,全职
2269,,全职
2270,,全职
2271,,全职
2272,,全职
2273,,全职
2274,,全职
2275,,全职
2276,,全职
2277,,全职
2278,,全职
2279,,全职
2280,,全职
2281,,全职
2282,,全职
2283,,全职
2284,,全职
2285,,全职
2286,,全职
2287,,全职
2288,,全职
2289,,全职
2290,,全职
2291,,全职
2292,,全职
2293,,全职
2294,,全职
2295,,全职
2296,,全职
2297,,全职
2298,,全职
2299,,全职
2300,,全职
2301,,全职
2302,,全职
2303,,全职
2304,,全职
2305,,全职
2306,,全职
2307,,全职
2308,,全职
2309,,全职
2310,,全职
2311,,全职
2312,,全职
2313,,全职
2314,,全职
2315,,全职
2316,,全职
2317,,全职
2318,,全职
2319,,全职
2320,,全职
2321,,全职
2322,,全职
2323,,全职
2324,,全职
2325,,全职
2326,,全职
2327,,全职
2328,,全职
2329,,全职
2330,,全职
2331,,全职
2332,,全职
2333,,全职
2334,,全职
2335,,全职
2336,,全职
2337,,全职
2338,,全职
2339,,全职
2340,,全职
2341,,全职
2342,,全职
2343,,全职
2344,,全职
2345,,全职
2346,,全职
2347,,全职
2348,,全职
2349,,全职
2350,,全职
2351,,全职
2352,,全职
2353,,全职
2354,,全职
2355,,全职
2356,,全职
2357,,全职
2358,,全职
2359,,全职
2360,,全职
2361,,全职
2362,,全职
2363,,全职
2364,,全职
2365,,全职
2366,,全职
2367,,全职
2368,,全职
2369,,全职
2370,,全职
2371,,全职
2372,,全职
2373,,全职
2374,,全职
2375,,全职
2376,,全职
2377,,全职
2378,,全职
2379,,全职
2380,,全职
2381,,全职
2382,,全职
2383,,全职
2384,,全职
2385,,全职
2386,,全职
2387,,全职
2388,,全职
2389,,全职
2390,,全职
2391,,全职
2392,,全职
2393,,全职
2394,,全职
2395,,全职
2396,,全职
2397,,全职
2398,,全职
2399,,全职
2400,,全职
2401,,全职
2402,,全职
2403,,全职
2404,,全职
2405,,全职
2406,,全职
2407,,全职
2408,,全职
2409,,全职
2410,,全职
2411,,全职
2412,,全职
2413,,全职
2414,,全职
2415,,全职
2416,,全职
2417,,全职
2418,,全职
2419,,全职
2420,,全职
2421,,全职
2422,,全职
2423,,全职
2424,,全职
2425,,全职
2426,,全职
2427,,全职
2428,,全职
2429,,全职
2430,,全职
2431,,全职
2432,,全职
2433,,全职
2434,,全职
2435,,全职
2436,,全职
2437,,全职
2438,,全职
2439,,全职
2440,,全职
2441,,全职
2442,,全职
2443,,全职
2444,,全职
2445,,全职
2446,,全职
2447,,全职
2448,,全职
2449,,全职
2450,,全职
2451,,全职
2452,,全职
2453,,全职
2454,,全职
2455,,全职
2456,,全职
2457,,全职
2458,,全职
2459,,全职
2460,,全职
2461,,全职
2462,,全职
2463,,全职
2464,,全职
2465,,全职
2466,,全职
2467,,全职
2468,,全职
2469,,全职
2470,,全职
2471,,全职
2472,,全职
2473,,全职
2474,,全职
2475,,全职
2476,,全职
2477,,全职
2478,,全职
2479,,全职
2480,,全职
2481,,全职
2482,,全职
2483,,全职
2484,,全职
2485,,全职
2486,,全职
2487,,全职
2488,,全职
2489,,全职
2490,,全职
2491,,全职
2492,,全职
2493,,全职
2494,,全职
2495,,全职
2496,,全职
2497,,全职
2498,,全职
2499,,全职
2500,,全职
2501,,全职
2502,,全职
2503,,全职
2504,,全职
2505,,全职
2506,,全职
2507,,全职
2508,,全职
2509,,全职
2510,,全职
2511,,全职
2512,,全职
2513,,全职
2514,,全职
2515,,全职
2516,,全职
2517,,全职
2518,,全职
2519,,全职
2520,,全职
2521,,全职
2522,,全职
2523,,全职
2524,,全职
2525,,全职
2526,,全职
2527,,全职
2528,,全职
2529,,全职
2530,,全职
2531,,全职
2532,,全职
2533,,全职
2534,,全职
2535,,全职
2536,,全职
2537,,全职
2538,,全职
2539,,全职
2540,,全职
2541,,全职
2542,,全职
2543,,全职
2544,,全职
2545,,全职
2546,,全职
2547,,全职
2548,,全职
2549,,全职
2550,,全职
2551,,全职
2552,,全职
2553,,全职
2554,,全职
2555,,全职
2556,,全职
2557,,全职
2558,,全职
2559,,全职
2560,,全职
2561,,全职
2562,,全职
2563,,全职
2564,,全职
2565,,全职
2566,,全职
2567,,全职
2568,,全职
2569,,全职
2570,,全职
2571,,全职
2572,,全职
2573,,全职
2574,,全职
2575,,全职
2576,,全职
2577,,全职
2578,,全职
2579,,全职
2580,,全职
2581,,全职
2582,,全职
2583,,全职
2584,,全职
2585,,全职
2586,,全职
2587,,全职
2588,,全职
2589,,全职
2590,,全职
2591,,全职
2592,,全职
2593,,全职
2594,,全职
2595,,全职
2596,,全职
2597,,全职
2598,,全职
2599,,全职
2600,,全职
2601,,全职
2602,,全职
2603,,全职
2604,,全职
2605,,全职
2606,,全职
2607,,全职
2608,,全职
2609,,全职
2610,,全职
2611,,全职
2612,,全职
2613,,全职
2614,,全职
2615,,全职
2616,,全职
2617,,全职
2618,,全职
2619,,全职
2620,,全职
2621,,全职
2622,,全职
2623,,全职
2624,,全职
2625,,全职
2626,,全职
2627,,全职
2628,,全职
2629,,全职
2630,,全职
2631,,全职
2632,,全职
2633,,全职
2634,,全职
2635,,全职
2636,,全职
2637,,全职
2638,,全职
2639,,全职
2640,,全职
2641,,全职
2642,,全职
2643,,全职
2644,,全职
2645,,全职
2646,,全职
2647,,全职
2648,,全职
2649,,全职
2650,,全职
2651,,全职
2652,,全职
2653,,全职
2654,,全职
2655,,全职
2656,,全职
2657,,全职
2658,,全职
2659,,全职
2660,,全职
2661,,全职
2662,,全职
2663,,全职
2664,,全职
2665,,全职
2666,,全职
2667,,全职
2668,,全职
2669,,全职
2670,,全职
2671,,全职
2672,,全职
2673,,全职
2674,,全职
2675,,全职
2676,,全职
2677,,全职
2678,,全职
2679,,全职
2680,,全职
2681,,全职
2682,,全职
2683,,全职
2684,,全职
2685,,全职
2686,,全职
2687,,全职
2688,,全职
2689,,全职
2690,,全职
2691,,全职
2692,,全职
2693,,全职
2694,,全职
2695,,全职
2696,,全职
2697,,全职
2698,,全职
2699,,全职
2700,,全职
2701,,全职
2702,,全职
2703,,全职
2704,,全职
2705,,全职
2706,,全职
2707,,全职
2708,,全职
2709,,全职
2710,,全职
2711,,全职
2712,,全职
2713,,全职
2714,,全职
2715,,全职
2716,,全职
2717,,全职
2718,,全职
2719,,全职
2720,,全职
2721,,全职
2722,,全职
2723,,全职
2724,,全职
2725,,全职
2726,,全职
2727,,全职
2728,,全职
2729,,全职
2730,,全职
2731,,全职
2732,,全职
2733,,全职
2734,,全职
2735,,全职
2736,,全职
2737,,全职
2738,,全职
2739,,全职
2740,,全职
2741,,全职
2742,,全职
2743,,全职
2744,,全职
2745,,全职
2746,,全职
2747,,全职
2748,,全职
2749,,全职
2750,,全职
2751,,全职
2752,,全职
2753,,全职
2754,,全职
2755,,全职
2756,,全职
2757,,全职
2758,,全职
2759,,全职
2760,,全职
2761,,全职
2762,,全职
2763,,全职
2764,,全职
2765,,全职
2766,,全职
2767,,全职
2768,,实习
2769,,全职
2770,,全职
2771,,实习
2772,,实习
2773,,实习
2774,,实习
2775,,实习
2776,,全职
2777,,实习
2778,,全职
2779,,全职
2780,,全职
2781,,全职
2782,,实习
2783,,全职
2784,,实习
2785,,全职
2786,,全职
2787,,实习
2788,,全职
2789,,全职
2790,,全职
2791,,全职
2792,,实习
2793,,全职
2794,,实习
2795,,全职
2796,,实习
2797,,全职
2798,,全职
2799,,实习
2800,,实习
2801,,全职
2802,,全职
2803,,全职
2804,,全职
2805,,实习
2806,,实习
2807,,全职
2808,,实习
2809,,全职
2810,,实习
2811,,实习
2812,,全职
2813,,实习
2814,,实习
2815,,全职
2816,,实习
2817,,全职
2818,,全职
2819,,全职
2820,,全职
2821,,实习
2822,,全职
2823,,全职
2824,,实习
2825,,全职
2826,,实习
2827,,实习
2828,,全职
2829,,实习
2830,,全职
2831,,实习
2832,,实习
2833,,全职
2834,,实习
2835,,全职
2836,,实习
2837,,全职
2838,,全职
2839,,全职
2840,,全职
2841,,实习
2842,,实习
2843,,实习
2844,,全职
2845,,全职
2846,,全职
2847,,全职
2848,,全职
2849,,实习
2850,,全职
2851,,全职
2852,,全职
2853,,实习
2854,,全职
2855,,实习
2856,,全职
2857,,全职
2858,,实习
2859,,实习
2860,,全职
2861,,全职
2862,,全职
2863,,全职
2864,,全职
2865,,全职
2866,,实习
2867,,全职
2868,,全职
2869,,全职
2870,,全职
2871,,全职
2872,,实习
2873,,全职
2874,,全职
2875,,实习
2876,,全职
2877,,全职
2878,,实习
2879,,实习
2880,,全职
2881,,全职
2882,,全职
2883,,实习
2884,,实习
2885,,实习
2886,,实习
2887,,全职
2888,,实习
2889,,全职
2890,,全职
2891,,全职
2892,,全职
2893,,全职
2894,,全职
2895,,全职
2896,,全职
2897,,实习
2898,,实习
2899,,实习
2900,,全职
2901,,全职
2902,,全职
2903,,全职
2904,,实习
2905,,实习
2906,,实习
2907,,实习
2908,,全职
2909,,全职
2910,,全职
2911,,全职
2912,,全职
2913,,全职
2914,,全职
2915,,全职
2916,,全职
2917,,全职
2918,,全职
2919,,全职
2920,,全职
2921,,全职
2922,,实习
2923,,实习
2924,,实习
2925,,全职
2926,,全职
2927,,全职
2928,,全职
2929,,全职
2930,,全职
2931,,全职
2932,,全职
2933,,全职
2934,,全职
2935,,全职
2936,,实习
2937,,实习
2938,,全职
2939,,全职
2940,,全职
2941,,全职
2942,,全职
2943,,全职
2944,,全职
2945,,全职
2946,,全职
2947,,实习
2948,,全职
2949,,全职
2950,,全职
2951,,实习
2952,,全职
2953,,实习
2954,,全职
2955,,全职
2956,,全职
2957,,全职
2958,,全职
2959,,实习
2960,,全职
2961,,全职
2962,,全职
2963,,全职
2964,,全职
2965,,实习
2966,,全职
2967,,全职
2968,,全职
2969,,全职
2970,,全职
2971,,全职
2972,,全职
2973,,全职
2974,,全职
2975,,全职
2976,,全职
2977,,全职
2978,,全职
2979,,全职
2980,,全职
2981,,全职
2982,,全职
2983,,全职
2984,,全职
2985,,全职
2986,,全职
2987,,全职
2988,,实习
2989,,全职
2990,,全职
2991,,全职
2992,,全职
2993,,全职
2994,,全职
2995,,全职
2996,,全职
2997,,全职
2998,,全职
2999,,全职
3000,,全职
3001,,全职
3002,,全职
3003,,全职
3004,,全职
3005,,全职
3006,,实习
3007,,全职
3008,,全职
3009,,全职
3010,,全职
3011,,全职
3012,,全职
3013,,全职
3014,,全职
3015,,全职
3016,,全职
3017,,全职
3018,,全职
3019,,全职
3020,,全职
3021,,全职
3022,,全职
3023,,全职
3024,,全职
3025,,全职
3026,,全职
3027,,全职
3028,,实习
3029,,全职
3030,,全职
3031,,实习
3032,,全职
3033,,全职
3034,,实习
3035,,全职
3036,,全职
3037,,全职
3038,,全职
3039,,全职
3040,,全职
3041,,全职
3042,,全职
3043,,全职
3044,,全职
3045,,实习
3046,,全职
3047,,全职
3048,,全职
3049,,全职
3050,,全职
3051,,全职
3052,,全职
3053,,全职
3054,,全职
3055,,全职
3056,,全职
3057,,全职
3058,,全职
3059,,全职
3060,,全职
3061,,全职
3062,,全职
3063,,全职
3064,,全职
3065,,全职
3066,,全职
3067,,全职
3068,,全职
3069,,全职
3070,,全职
3071,,全职
3072,,全职
3073,,全职
3074,,全职
3075,,全职
3076,,全职
3077,,全职
3078,,全职
3079,,全职
3080,,全职
3081,,全职
3082,,全职
3083,,全职
3084,,全职
3085,,全职
3086,,全职
3087,,全职
3088,,全职
3089,,全职
3090,,全职
3091,,全职
3092,,全职
3093,,全职
3094,,全职
3095,,全职
3096,,全职
3097,,全职
3098,,全职
3099,,全职
3100,,全职
3101,,实习
3102,,全职
3103,,全职
3104,,全职
3105,,全职
3106,,全职
3107,,全职
3108,,全职
3109,,全职
3110,,全职
3111,,全职
3112,,全职
3113,,全职
3114,,全职
3115,,全职
3116,,全职
3117,,实习
3118,,全职
3119,,实习
3120,,全职
3121,,全职
3122,,全职
3123,,全职
3124,,全职
3125,,全职
3126,,实习
3127,,全职
3128,,全职
3129,,全职
3130,,全职
3131,,全职
3132,,全职
3133,,全职
3134,,实习
3135,,全职
3136,,全职
3137,,全职
3138,,全职
3139,,实习
3140,,实习
3141,,全职
3142,,全职
3143,,全职
3144,,全职
3145,,全职
3146,,全职
3147,,全职
3148,,全职
3149,,全职
3150,,全职
3151,,全职
3152,,全职
3153,,全职
3154,,全职
3155,,全职
3156,,全职
3157,,全职
3158,,实习
3159,,全职
3160,,全职
3161,,全职
3162,,全职
3163,,实习
3164,,全职
3165,,全职
3166,,实习
3167,,全职
3168,,全职
3169,,全职
3170,,全职
3171,,全职
3172,,全职
3173,,全职
3174,,全职
3175,,全职
3176,,全职
3177,,全职
3178,,全职
3179,,全职
3180,,全职
3181,,实习
3182,,全职
3183,,全职
3184,,全职
3185,,全职
3186,,全职
3187,,全职
3188,,全职
3189,,全职
3190,,全职
3191,,全职
3192,,全职
3193,,全职
3194,,全职
3195,,全职
3196,,全职
3197,,全职
3198,,全职
3199,,全职
3200,,全职
3201,,全职
3202,,全职
3203,,全职
3204,,全职
3205,,全职
3206,,全职
3207,,全职
3208,,全职
3209,,全职
3210,,全职
3211,,全职
3212,,全职
3213,,实习
3214,,全职
3215,,全职
3216,,实习
3217,,全职
3218,,全职
3219,,全职
3220,,全职
3221,,全职
3222,,全职
3223,,全职
3224,,全职
3225,,全职
3226,,全职
3227,,实习
3228,,全职
3229,,全职
3230,,全职
3231,,全职
3232,,全职
3233,,全职
3234,,全职
3235,,全职
3236,,全职
3237,,全职
3238,,全职
3239,,全职
3240,,全职
3241,,全职
3242,,全职
3243,,全职
3244,,全职
3245,,全职
3246,,全职
3247,,全职
3248,,全职
3249,,全职
3250,,全职
3251,,全职
3252,,全职
3253,,全职
3254,,全职
3255,,全职
3256,,全职
3257,,全职
3258,,全职
3259,,全职
3260,,全职
3261,,全职
3262,,全职
3263,,全职
3264,,全职
3265,,全职
3266,,全职
3267,,全职
3268,,全职
3269,,全职
3270,,全职
3271,,全职
3272,,全职
3273,,全职
3274,,全职
3275,,全职
3276,,全职
3277,,全职
3278,,全职
3279,,全职
3280,,全职
3281,,全职
3282,,全职
3283,,全职
3284,,全职
3285,,全职
3286,,全职
3287,,全职
3288,,全职
3289,,全职
3290,,全职
3291,,全职
3292,,全职
3293,,全职
3294,,全职
3295,,全职
3296,,全职
3297,,全职
3298,,全职
3299,,全职
3300,,全职
3301,,全职
3302,,全职
3303,,全职
3304,,全职
3305,,全职
3306,,全职
3307,,全职
3308,,全职
3309,,全职
3310,,全职
3311,,全职
3312,,全职
3313,,全职
3314,,全职
3315,,全职
3316,,全职
3317,,全职
3318,,全职
3319,,全职
3320,,全职
3321,,全职
3322,,全职
3323,,全职
3324,,全职
3325,,全职
3326,,全职
3327,,全职
3328,,全职
3329,,全职
3330,,全职
3331,,全职
3332,,全职
3333,,全职
3334,,全职
3335,,全职
3336,,全职
3337,,全职
3338,,全职
3339,,全职
3340,,全职
3341,,全职
3342,,全职
3343,,全职
3344,,全职
3345,,全职
3346,,全职
3347,,全职
3348,,全职
3349,,全职
3350,,全职
3351,,全职
3352,,全职
3353,,全职
3354,,全职
3355,,全职
3356,,全职
3357,,全职
3358,,全职
3359,,全职
3360,,全职
3361,,全职
3362,,全职
3363,,全职
3364,,全职
3365,,全职
3366,,全职
3367,,全职
3368,,全职
3369,,全职
3370,,全职
3371,,全职
3372,,全职
3373,,全职
3374,,全职
3375,,全职
3376,,全职
3377,,全职
3378,,全职
3379,,全职
3380,,全职
3381,,全职
3382,,全职
3383,,全职
3384,,全职
3385,,全职
3386,,全职
3387,,全职
3388,,实习
3389,,全职
3390,,全职
3391,,全职
3392,,全职
3393,,全职
3394,,全职
3395,,全职
3396,,实习
3397,,全职
3398,,全职
3399,,全职
3400,,全职
3401,,全职
3402,,全职
3403,,全职
3404,,全职
3405,,全职
3406,,全职
3407,,全职
3408,,全职
3409,,全职
3410,,全职
3411,,全职
3412,,全职
3413,,全职
3414,,全职
3415,,全职
3416,,全职
3417,,全职
3418,,全职
3419,,全职
3420,,全职
3421,,全职
3422,,全职
3423,,全职
3424,,全职
3425,,全职
3426,,全职
3427,,全职
3428,,全职
3429,,全职
3430,,全职
3431,,全职
3432,,全职
3433,,全职
3434,,全职
3435,,全职
3436,,全职
3437,,全职
3438,,全职
3439,,全职
3440,,全职
3441,,全职
3442,,全职
3443,,全职
3444,,全职
3445,,全职
3446,,全职
3447,,全职
3448,,全职
3449,,全职
3450,,全职
3451,,全职
3452,,全职
3453,,全职
3454,,全职
3455,,全职
3456,,全职
3457,,全职
3458,,全职
3459,,全职
3460,,全职
3461,,全职
3462,,全职
3463,,全职
3464,,全职
3465,,全职
3466,,全职
3467,,全职
3468,,全职
3469,,全职
3470,,全职
3471,,全职
3472,,全职
3473,,全职
3474,,全职
3475,,全职
3476,,全职
3477,,全职
3478,,全职
3479,,全职
3480,,全职
3481,,全职
3482,,全职
3483,,全职
3484,,全职
3485,,全职
3486,,全职
3487,,全职
3488,,全职
3489,,全职
3490,,全职
3491,,全职
3492,,全职
3493,,全职
3494,,全职
3495,,全职
3496,,全职
3497,,全职
3498,,全职
3499,,全职
3500,,全职
3501,,全职
3502,,全职
3503,,全职
3504,,全职
3505,,全职
3506,,全职
3507,,全职
3508,,全职
3509,,全职
3510,,全职
3511,,全职
3512,,全职
3513,,全职
3514,,全职
3515,,全职
3516,,全职
3517,,全职
3518,,全职
3519,,全职
3520,,全职
3521,,全职
3522,,全职
3523,,全职
3524,,全职
3525,,全职
3526,,全职
3527,,全职
3528,,全职
3529,,全职
3530,,全职
3531,,全职
3532,,全职
3533,,全职
3534,,全职
3535,,全职
3536,,全职
3537,,全职
3538,,全职
3539,,全职
3540,,全职
3541,,全职
3542,,全职
3543,,全职
3544,,全职
3545,,全职
3546,,全职
3547,,全职
3548,,全职
3549,,全职
3550,,全职
3551,,全职
3552,,全职
3553,,全职
3554,,全职
3555,,全职
3556,,全职
3557,,全职
3558,,全职
3559,,全职
3560,,全职
3561,,全职
3562,,全职
3563,,全职
3564,,全职
3565,,全职
3566,,全职
3567,,全职
3568,,全职
3569,,全职
3570,,全职
3571,,全职
3572,,全职
3573,,全职
3574,,全职
3575,,全职
3576,,全职
3577,,全职
3578,,全职
3579,,全职
3580,,全职
3581,,全职
3582,,全职
3583,,全职
3584,,全职
3585,,全职
3586,,全职
3587,,全职
3588,,全职
3589,,全职
3590,,全职
3591,,全职
3592,,全职
3593,,全职
3594,,全职
3595,,全职
3596,,全职
3597,,全职
3598,,全职
3599,,全职
3600,,全职
3601,,全职
3602,,全职
3603,,全职
3604,,全职
3605,,全职
3606,,全职
3607,,全职
3608,,全职
3609,,全职
3610,,全职
3611,,全职
3612,,全职
3613,,全职
3614,,全职
3615,,全职
3616,,全职
3617,,全职
3618,,全职
3619,,全职
3620,,全职
3621,,全职
3622,,全职
3623,,全职
3624,,全职
3625,,全职
3626,,全职
3627,,全职
3628,,全职
3629,,全职
3630,,全职
3631,,全职
3632,,全职
3633,,全职
3634,,全职
3635,,全职
3636,,全职
3637,,全职
3638,,全职
3639,,全职
3640,,全职
3641,,全职
3642,,全职
3643,,全职
3644,,全职
3645,,全职
3646,,全职
3647,,全职
3648,,全职
3649,,全职
3650,,全职
3651,,全职
3652,,全职
3653,,全职
3654,,全职
3655,,全职
3656,,全职
3657,,全职
3658,,全职
3659,,全职
3660,,全职
3661,,全职
3662,,全职
3663,,全职
3664,,全职
3665,,全职
3666,,全职
3667,,全职
3668,,全职
3669,,全职
3670,,全职
3671,,全职
3672,,全职
3673,,全职
3674,,全职
3675,,全职
3676,,全职
3677,,全职
3678,,全职
3679,,全职
3680,,全职
3681,,全职
3682,,全职
3683,,全职
3684,,全职
3685,,全职
3686,,全职
3687,,全职
3688,,全职
3689,,全职
3690,,全职
3691,,全职
3692,,全职
3693,,全职
3694,,全职
3695,,全职
3696,,全职
3697,,全职
3698,,全职
3699,,全职
3700,,全职
3701,,全职
3702,,全职
3703,,全职
3704,,全职
3705,,全职
3706,,全职
3707,,全职
3708,,全职
3709,,全职
3710,,全职
3711,,全职
3712,,全职
3713,,全职
3714,,全职
3715,,全职
3716,,全职
3717,,全职
3718,,全职
3719,,全职
3720,,全职
3721,,全职
3722,,全职
3723,,全职
3724,,全职
3725,,全职
3726,,全职
3727,,全职
3728,,全职
3729,,全职
3730,,全职
3731,,全职
3732,,全职
3733,,全职
3734,,全职
3735,,全职
3736,,全职
3737,,全职
3738,,全职
3739,,全职
3740,,全职
3741,,全职
3742,,全职
3743,,全职
3744,,全职
3745,,全职
3746,,全职
3747,,全职
3748,,全职
3749,,全职
3750,,全职
3751,,全职
3752,,全职
3753,,全职
3754,,全职
3755,,全职
3756,,全职
3757,,全职
3758,,全职
3759,,全职
3760,,全职
3761,,全职
3762,,全职
3763,,全职
3764,,全职
3765,,全职
3766,,全职
3767,,全职
3768,,全职
3769,,全职
3770,,全职
3771,,全职
3772,,全职
3773,,全职
3774,,全职
3775,,全职
3776,,全职
3777,,全职
3778,,全职
3779,,全职
3780,,全职
3781,,实习
3782,,全职
3783,,实习
3784,,全职
3785,,全职
3786,,全职
3787,,全职
3788,,实习
3789,,全职
3790,,全职
3791,,全职
3792,,全职
3793,,全职
3794,,全职
3795,,全职
3796,,实习
3797,,全职
3798,,全职
3799,,全职
3800,,全职
3801,,全职
3802,,全职
3803,,全职
3804,,全职
3805,,全职
3806,,全职
3807,,全职
3808,,实习
3809,,全职
3810,,全职
3811,,全职
3812,,全职
3813,,全职
3814,,全职
3815,,全职
3816,,全职
3817,,全职
3818,,全职
3819,,全职
3820,,全职
3821,,全职
3822,,全职
3823,,全职
3824,,全职
3825,,全职
3826,,全职
3827,,全职
3828,,全职
3829,,全职
3830,,全职
3831,,全职
3832,,全职
3833,,实习
3834,,全职
3835,,实习
3836,,全职
3837,,全职
3838,,全职
3839,,全职
3840,,实习
3841,,全职
3842,,实习
3843,,全职
3844,,全职
3845,,全职
3846,,全职
3847,,全职
3848,,全职
3849,,全职
3850,,全职
3851,,全职
3852,,全职
3853,,全职
3854,,全职
3855,,全职
3856,,全职
3857,,全职
3858,,全职
3859,,全职
3860,,全职
3861,,全职
3862,,全职
3863,,全职
3864,,全职
3865,,全职
3866,,实习
3867,,全职
3868,,全职
3869,,全职
3870,,全职
3871,,全职
3872,,全职
3873,,全职
3874,,全职
3875,,全职
3876,,全职
3877,,全职
3878,,全职
3879,,全职
3880,,全职
3881,,全职
3882,,全职
3883,,全职
3884,,全职
3885,,全职
3886,,全职
3887,,全职
3888,,全职
3889,,全职
3890,,全职
3891,,全职
3892,,全职
3893,,全职
3894,,全职
3895,,全职
3896,,全职
3897,,全职
3898,,实习
3899,,全职
3900,,全职
3901,,全职
3902,,全职
3903,,全职
3904,,全职
3905,,全职
3906,,全职
3907,,全职
3908,,全职
3909,,全职
3910,,全职
3911,,全职
3912,,全职
3913,,全职
3914,,全职
3915,,全职
3916,,全职
3917,,全职
3918,,实习
3919,,实习
3920,,全职
3921,,实习
3922,,全职
3923,,全职
3924,,全职
3925,,全职
3926,,全职
3927,,实习
3928,,全职
3929,,全职
3930,,全职
3931,,实习
3932,,全职
3933,,全职
3934,,全职
3935,,全职
3936,,实习
3937,,全职
3938,,实习
3939,,全职
3940,,全职
3941,,实习
3942,,实习
3943,,全职
3944,,全职
3945,,实习
3946,,全职
3947,,全职
3948,,全职
3949,,实习
3950,,全职
3951,,全职
3952,,全职
3953,,全职
3954,,全职
3955,,实习
3956,,全职
3957,,实习
3958,,全职
3959,,全职
3960,,全职
3961,,全职
3962,,全职
3963,,全职
3964,,全职
3965,,全职
3966,,全职
3967,,全职
3968,,实习
3969,,全职
3970,,全职
3971,,全职
3972,,全职
3973,,全职
3974,,全职
3975,,全职
3976,,全职
3977,,全职
3978,,实习
3979,,全职
3980,,全职
3981,,实习
3982,,全职
3983,,全职
3984,,全职
3985,,实习
3986,,实习
3987,,全职
3988,,全职
3989,,实习
3990,,全职
3991,,全职
3992,,全职
3993,,全职
3994,,全职
3995,,全职
3996,,全职
3997,,全职
3998,,全职
3999,,全职
4000,,全职
4001,,全职
4002,,全职
4003,,全职
4004,,全职
4005,,实习
4006,,实习
4007,,全职
4008,,实习
4009,,全职
4010,,全职
4011,,全职
4012,,实习
4013,,全职
4014,,全职
4015,,全职
4016,,全职
4017,,实习
4018,,实习
4019,,实习
4020,,实习
4021,,全职
4022,,实习
4023,,实习
4024,,实习
4025,,全职
4026,,全职
4027,,全职
4028,,实习
4029,,全职
4030,,全职
4031,,全职
4032,,实习
4033,,全职
4034,,全职
4035,,全职
4036,,全职
4037,,全职
4038,,全职
4039,,全职
4040,,全职
4041,,全职
4042,,全职
4043,,全职
4044,,全职
4045,,全职
4046,,全职
4047,,全职
4048,,全职
4049,,全职
4050,,全职
4051,,全职
4052,,全职
4053,,全职
4054,,全职
4055,,全职
4056,,全职
4057,,全职
4058,,全职
4059,,全职
4060,,全职
4061,,全职
4062,,全职
4063,,全职
4064,,全职
4065,,全职
4066,,全职
4067,,全职
4068,,全职
4069,,全职
4070,,全职
4071,,全职
4072,,全职
4073,,全职
4074,,全职
4075,,全职
4076,,全职
4077,,全职
4078,,全职
4079,,全职
4080,,全职
4081,,全职
4082,,全职
4083,,全职
4084,,全职
4085,,全职
4086,,全职
4087,,全职
4088,,全职
4089,,全职
4090,,全职
4091,,全职
4092,,全职
4093,,全职
4094,,实习
4095,,全职
4096,,全职
4097,,全职
4098,,全职
4099,,全职
4100,,全职
4101,,全职
4102,,全职
4103,,全职
4104,,全职
4105,,全职
4106,,实习
4107,,实习
4108,,全职
4109,,全职
4110,,全职
4111,,全职
4112,,全职
4113,,全职
4114,,全职
4115,,全职
4116,,全职
4117,,全职
4118,,全职
4119,,全职
4120,,全职
4121,,实习
4122,,全职
4123,,全职
4124,,全职
4125,,全职
4126,,全职
4127,,全职
4128,,全职
4129,,全职
4130,,全职
4131,,全职
4132,,全职
4133,,全职
4134,,全职
4135,,全职
4136,,全职
4137,,全职
4138,,全职
4139,,全职
4140,,全职
4141,,全职
4142,,全职
4143,,全职
4144,,全职
4145,,全职
4146,,全职
4147,,全职
4148,,全职
4149,,全职
4150,,全职
4151,,全职
4152,,全职
4153,,全职
4154,,全职
4155,,全职
4156,,全职
4157,,全职
4158,,全职
4159,,全职
4160,,全职
4161,,全职
4162,,全职
4163,,全职
4164,,全职
4165,,全职
4166,,全职
4167,,全职
4168,,全职
4169,,全职
4170,,全职
4171,,全职
4172,,全职
4173,,全职
4174,,全职
4175,,全职
4176,,全职
4177,,全职
4178,,全职
4179,,全职
4180,,全职
4181,,全职
4182,,全职
4183,,全职
4184,,全职
4185,,全职
4186,,全职
4187,,全职
4188,,全职
4189,,全职
4190,,全职
4191,,全职
4192,,全职
4193,,全职
4194,,全职
4195,,全职
4196,,全职
4197,,全职
4198,,全职
4199,,全职
4200,,全职
4201,,全职
4202,,全职
4203,,全职
4204,,全职
4205,,全职
4206,,全职
4207,,全职
4208,,全职
4209,,全职
4210,,全职
4211,,全职
4212,,全职
4213,,全职
4214,,全职
4215,,全职
4216,,全职
4217,,全职
4218,,全职
4219,,全职
4220,,全职
4221,,全职
4222,,全职
4223,,全职
4224,,全职
4225,,全职
4226,,全职
4227,,全职
4228,,全职
4229,,全职
4230,,全职
4231,,全职
4232,,全职
4233,,全职
4234,,全职
4235,,全职
4236,,全职
4237,,全职
4238,,全职
4239,,全职
4240,,全职
4241,,全职
4242,,全职
4243,,全职
4244,,全职
4245,,全职
4246,,全职
4247,,全职
4248,,全职
4249,,全职
4250,,全职
4251,,全职
4252,,全职
4253,,全职
4254,,全职
4255,,全职
4256,,全职
4257,,全职
4258,,全职
4259,,全职
4260,,全职
4261,,全职
4262,,全职
4263,,全职
4264,,全职
4265,,全职
4266,,全职
4267,,全职
4268,,全职
4269,,全职
4270,,全职
4271,,全职
4272,,全职
4273,,全职
4274,,全职
4275,,全职
4276,,全职
4277,,全职
4278,,全职
4279,,全职
4280,,全职
4281,,全职
4282,,全职
4283,,全职
4284,,全职
4285,,全职
4286,,全职
4287,,全职
4288,,全职
4289,,全职
4290,,全职
4291,,全职
4292,,全职
4293,,全职
4294,,全职
4295,,全职
4296,,全职
4297,,全职
4298,,全职
4299,,全职
4300,,全职
4301,,全职
4302,,全职
4303,,全职
4304,,全职
4305,,全职
4306,,全职
4307,,全职
4308,,全职
4309,,全职
4310,,全职
4311,,全职
4312,,全职
4313,,全职
4314,,全职
4315,,全职
4316,,全职
4317,,全职
4318,,全职
4319,,全职
4320,,全职
4321,,全职
4322,,全职
4323,,全职
4324,,全职
4325,,全职
4326,,全职
4327,,全职
4328,,全职
4329,,全职
4330,,全职
4331,,全职
4332,,全职
4333,,全职
4334,,全职
4335,,全职
4336,,全职
4337,,全职
4338,,全职
4339,,实习
4340,,全职
4341,,全职
4342,,全职
4343,,全职
4344,,全职
4345,,全职
4346,,全职
4347,,全职
4348,,全职
4349,,全职
4350,,全职
4351,,全职
4352,,全职
4353,,全职
4354,,全职
4355,,全职
4356,,全职
4357,,全职
4358,,全职
4359,,全职
4360,,全职
4361,,全职
4362,,全职
4363,,全职
4364,,全职
4365,,全职
4366,,全职
4367,,全职
4368,,全职
4369,,全职
4370,,全职
4371,,全职
4372,,全职
4373,,全职
4374,,全职
4375,,全职
4376,,全职
4377,,全职
4378,,全职
4379,,全职
4380,,全职
4381,,全职
4382,,全职
4383,,全职
4384,,全职
4385,,全职
4386,,全职
4387,,全职
4388,,全职
4389,,全职
4390,,全职
4391,,全职
4392,,全职
4393,,全职
4394,,全职
4395,,全职
4396,,全职
4397,,全职
4398,,全职
4399,,全职
4400,,全职
4401,,全职
4402,,全职
4403,,全职
4404,,全职
4405,,全职
4406,,全职
4407,,全职
4408,,全职
4409,,全职
4410,,全职
4411,,全职
4412,,全职
4413,,全职
4414,,全职
4415,,全职
4416,,全职
4417,,全职
4418,,全职
4419,,全职
4420,,全职
4421,,全职
4422,,全职
4423,,全职
4424,,全职
4425,,全职
4426,,全职
4427,,全职
4428,,全职
4429,,全职
4430,,全职
4431,,全职
4432,,全职
4433,,全职
4434,,全职
4435,,全职
4436,,全职
4437,,全职
4438,,全职
4439,,全职
4440,,全职
4441,,全职
4442,,全职
4443,,全职
4444,,全职
4445,,全职
4446,,全职
4447,,全职
4448,,全职
4449,,全职
4450,,全职
4451,,全职
4452,,全职
4453,,全职
4454,,全职
4455,,全职
4456,,全职
4457,,全职
4458,,全职
4459,,全职
4460,,全职
4461,,全职
4462,,全职
4463,,全职
4464,,全职
4465,,全职
4466,,全职
4467,,全职
4468,,全职
4469,,全职
4470,,全职
4471,,全职
4472,,全职
4473,,全职
4474,,全职
4475,,全职
4476,,全职
4477,,全职
4478,,全职
4479,,全职
4480,,全职
4481,,全职
4482,,全职
4483,,全职
4484,,全职
4485,,全职
4486,,全职
4487,,全职
4488,,全职
4489,,全职
4490,,全职
4491,,全职
4492,,全职
4493,,全职
4494,,全职
4495,,全职
4496,,全职
4497,,全职
4498,,全职
4499,,全职
4500,,全职
4501,,全职
4502,,全职
4503,,全职
4504,,全职
4505,,全职
4506,,全职
4507,,全职
4508,,全职
4509,,全职
4510,,全职
4511,,全职
4512,,全职
4513,,全职
4514,,全职
4515,,全职
4516,,全职
4517,,全职
4518,,全职
4519,,全职
4520,,全职
4521,,全职
4522,,全职
4523,,全职
4524,,全职
4525,,全职
4526,,全职
4527,,全职
4528,,全职
4529,,全职
4530,,全职
4531,,全职
4532,,全职
4533,,全职
4534,,全职
4535,,全职
4536,,全职
4537,,全职
4538,,全职
4539,,全职
4540,,全职
4541,,全职
4542,,全职
4543,,全职
4544,,全职
4545,,全职
4546,,全职
4547,,全职
4548,,全职
4549,,全职
4550,,全职
4551,,全职
4552,,全职
4553,,全职
4554,,全职
4555,,全职
4556,,全职
4557,,全职
4558,,全职
4559,,全职
4560,,全职
4561,,全职
4562,,全职
4563,,全职
4564,,全职
4565,,全职
4566,,全职
4567,,全职
4568,,全职
4569,,全职
4570,,全职
4571,,全职
4572,,全职
4573,,全职
4574,,全职
4575,,全职
4576,,全职
4577,,全职
4578,,全职
4579,,全职
4580,,全职
4581,,全职
4582,,全职
4583,,全职
4584,,全职
4585,,全职
4586,,全职
4587,,全职
4588,,全职
4589,,全职
4590,,全职
4591,,全职
4592,,全职
4593,,全职
4594,,全职
4595,,全职
4596,,全职
4597,,全职
4598,,全职
4599,,全职
4600,,全职
4601,,全职
4602,,全职
4603,,全职
4604,,全职
4605,,全职
4606,,全职
4607,,全职
4608,,全职
4609,,全职
4610,,全职
4611,,全职
4612,,全职
4613,,全职
4614,,全职
4615,,全职
4616,,全职
4617,,全职
4618,,全职
4619,,全职
4620,,全职
4621,,全职
4622,,全职
4623,,全职
4624,,全职
4625,,全职
4626,,全职
4627,,全职
4628,,全职
4629,,全职
4630,,全职
4631,,全职
4632,,全职
4633,,全职
4634,,全职
4635,,全职
4636,,全职
4637,,全职
4638,,全职
4639,,全职
4640,,全职
4641,,全职
4642,,全职
4643,,全职
4644,,全职
4645,,全职
4646,,全职
4647,,全职
4648,,全职
4649,,全职
4650,,全职
4651,,全职
4652,,全职
4653,,全职
4654,,全职
4655,,全职
4656,,全职
4657,,全职
4658,,全职
4659,,全职
4660,,全职
4661,,全职
4662,,全职
4663,,全职
4664,,全职
4665,,全职
4666,,全职
4667,,全职
4668,,全职
4669,,全职
4670,,全职
4671,,全职
4672,,全职
4673,,全职
4674,,全职
4675,,全职
4676,,全职
4677,,全职
4678,,全职
4679,,全职
4680,,全职
4681,,全职
4682,,全职
4683,,全职
4684,,全职
4685,,全职
4686,,全职
4687,,全职
4688,,全职
4689,,全职
4690,,全职
4691,,全职
4692,,全职
4693,,全职
4694,,全职
4695,,全职
4696,,全职
4697,,全职
4698,,全职
4699,,全职
4700,,全职
4701,,全职
4702,,全职
4703,,全职
4704,,全职
4705,,全职
4706,,全职
4707,,全职
4708,,全职
4709,,全职
4710,,全职
4711,,全职
4712,,全职
4713,,全职
4714,,全职
4715,,全职
4716,,全职
4717,,全职
4718,,全职
4719,,全职
4720,,全职
4721,,全职
4722,,全职
4723,,全职
4724,,全职
4725,,全职
4726,,全职
4727,,全职
4728,,全职
4729,,全职
4730,,全职
4731,,全职
4732,,全职
4733,,全职
4734,,全职
4735,,全职
4736,,全职
4737,,全职
4738,,全职
4739,,全职
4740,,全职
4741,,全职
4742,,全职
4743,,全职
4744,,全职
4745,,全职
4746,,全职
4747,,全职
4748,,全职
4749,,全职
4750,,全职
4751,,全职
4752,,全职
4753,,全职
4754,,全职
4755,,全职
4756,,全职
4757,,全职
4758,,全职
4759,,全职
4760,,全职
4761,,全职
4762,,全职
4763,,全职
4764,,全职
4765,,全职
4766,,全职
4767,,全职
4768,,全职
4769,,全职
4770,,全职
4771,,全职
4772,,全职
4773,,全职
4774,,全职
4775,,全职
4776,,全职
4777,,全职
4778,,全职
4779,,全职
4780,,全职
4781,,全职
4782,,全职
4783,,全职
4784,,全职
4785,,全职
4786,,全职
4787,,全职
4788,,全职
4789,,全职
4790,,全职
4791,,全职
4792,,全职
4793,,全职
4794,,全职
4795,,全职
4796,,全职
4797,,全职
4798,,全职
4799,,全职
4800,,全职
4801,,全职
4802,,全职
4803,,全职
4804,,全职
4805,,全职
4806,,全职
4807,,全职
4808,,全职
4809,,全职
4810,,全职
4811,,全职
4812,,全职
4813,,全职
4814,,全职
4815,,全职
4816,,全职
4817,,全职
4818,,全职
4819,,全职
4820,,全职
4821,,全职
4822,,全职
4823,,全职
4824,,全职
4825,,全职
4826,,全职
4827,,全职
4828,,全职
4829,,全职
4830,,全职
4831,,全职
4832,,全职
4833,,全职
4834,,全职
4835,,全职
4836,,全职
4837,,全职
4838,,全职
4839,,全职
4840,,全职
4841,,全职
4842,,全职
4843,,全职
4844,,全职
4845,,全职
4846,,全职
4847,,全职
4848,,全职
4849,,全职
4850,,全职
4851,,全职
4852,,全职
4853,,全职
4854,,全职
4855,,全职
4856,,全职
4857,,全职
4858,,全职
4859,,全职
4860,,全职
4861,,全职
4862,,全职
4863,,全职
4864,,全职
4865,,全职
4866,,全职
4867,,全职
4868,,全职
4869,,全职
4870,,全职
4871,,全职
4872,,全职
4873,,全职
4874,,全职
4875,,全职
4876,,全职
4877,,全职
4878,,全职
4879,,全职
4880,,全职
4881,,全职
4882,,全职
4883,,全职
4884,,全职
4885,,全职
4886,,全职
4887,,全职
4888,,全职
4889,,全职
4890,,全职
4891,,全职
4892,,全职
4893,,全职
4894,,全职
4895,,全职
4896,,全职
4897,,全职
4898,,全职
4899,,全职
4900,,全职
4901,,全职
4902,,全职
4903,,全职
4904,,全职
4905,,全职
4906,,全职
4907,,全职
4908,,全职
4909,,全职
4910,,全职
4911,,全职
4912,,全职
4913,,全职
4914,,全职
4915,,全职
4916,,全职
4917,,全职
4918,,全职
4919,,全职
4920,,全职
4921,,全职
4922,,全职
4923,,全职
4924,,全职
4925,,全职
4926,,全职
4927,,全职
4928,,全职
4929,,全职
4930,,全职
4931,,全职
4932,,全职
4933,,全职
4934,,全职
4935,,全职
4936,,全职
4937,,全职
4938,,全职
4939,,全职
4940,,全职
4941,,全职
4942,,全职
4943,,全职
4944,,全职
4945,,全职
4946,,全职
4947,,全职
4948,,全职
4949,,全职
4950,,全职
4951,,全职
4952,,全职
4953,,全职
4954,,全职
4955,,全职
4956,,全职
4957,,全职
4958,,全职
4959,,全职
4960,,全职
4961,,全职
4962,,全职
4963,,全职
4964,,全职
4965,,全职
4966,,全职
4967,,全职
4968,,全职
4969,,全职
4970,,全职
4971,,全职
4972,,全职
4973,,全职
4974,,全职
4975,,全职
4976,,全职
4977,,全职
4978,,全职
4979,,全职
4980,,全职
4981,,全职
4982,,全职
4983,,全职
4984,,全职
4985,,全职
4986,,全职
4987,,全职
4988,,全职
4989,,全职
4990,,全职
4991,,全职
4992,,全职
4993,,全职
4994,,全职
4995,,全职
4996,,全职
4997,,全职
4998,,全职
4999,,全职
5000,,全职
5001,,全职
5002,,全职
5003,,全职
5004,,全职
5005,,全职
5006,,全职
5007,,全职
5008,,全职
5009,,全职
5010,,全职
5011,,全职
5012,,全职
5013,,全职
5014,,全职
5015,,全职
5016,,全职
5017,,全职
5018,,全职
5019,,全职
5020,,全职
5021,,全职
5022,,全职
5023,,全职
5024,,全职
5025,,全职
5026,,全职
5027,,全职
5028,,全职
5029,,全职
5030,,全职
5031,,全职
5032,,全职
5033,,全职
5034,,全职
5035,,全职
5036,,全职
5037,,全职
5038,,全职
5039,,全职
5040,,全职
5041,,全职
5042,,全职
5043,,全职
5044,,全职
5045,,全职
5046,,全职
5047,,全职
5048,,全职
5049,,全职
5050,,全职
5051,,全职
5052,,全职
5053,,全职
5054,,全职
5055,,全职
5056,,全职
5057,,全职
5058,,全职
5059,,全职
5060,,全职
5061,,全职
5062,,全职
5063,,全职
5064,,全职
5065,,全职
5066,,全职
5067,,全职
5068,,全职
5069,,全职
5070,,全职
5071,,全职
5072,,全职
5073,,全职
5074,,全职
5075,,全职
5076,,全职
5077,,全职
5078,,全职
5079,,全职
5080,,全职
5081,,全职
5082,,全职
5083,,实习
5084,,实习
5085,,实习
5086,,全职
5087,,全职
5088,,全职
5089,,全职
5090,,全职
5091,,全职
5092,,全职
5093,,实习
5094,,全职
5095,,全职
5096,,全职
5097,,全职
5098,,全职
5099,,全职
5100,,全职
5101,,全职
5102,,全职
5103,,全职
5104,,全职
5105,,全职
5106,,全职
5107,,全职
5108,,全职
5109,,全职
5110,,实习
5111,,全职
5112,,全职
5113,,实习
5114,,全职
5115,,实习
5116,,全职
5117,,全职
5118,,全职
5119,,全职
5120,,全职
5121,,全职
5122,,全职
5123,,全职
5124,,全职
5125,,实习
5126,,全职
5127,,全职
5128,,全职
5129,,实习
5130,,全职
5131,,实习
5132,,实习
5133,,实习
5134,,实习
5135,,全职
5136,,全职
5137,,实习
5138,,实习
5139,,实习
5140,,实习
5141,,实习
5142,,实习
5143,,全职
5144,,实习
5145,,全职
5146,,全职
5147,,实习
5148,,实习
5149,,实习
5150,,实习
5151,,全职
5152,,全职
5153,,全职
5154,,全职
5155,,全职
5156,,全职
5157,,全职
5158,,全职
5159,,全职
5160,,全职
5161,,全职
5162,,全职
5163,,全职
5164,,全职
5165,,全职
5166,,全职
5167,,全职
5168,,实习
5169,,实习
5170,,全职
5171,,全职
5172,,全职
5173,,实习
5174,,实习
5175,,全职
5176,,实习
5177,,全职
5178,,实习
5179,,全职
5180,,实习
5181,,实习
5182,,全职
5183,,全职
5184,,全职
5185,,全职
5186,,全职
5187,,实习
5188,,全职
5189,,实习
5190,,实习
5191,,全职
5192,,实习
5193,,实习
5194,,实习
5195,,实习
5196,,全职
5197,,全职
5198,,全职
5199,,全职
5200,,全职
5201,,实习
5202,,实习
5203,,全职
5204,,全职
5205,,全职
5206,,实习
5207,,实习
5208,,全职
5209,,实习
5210,,全职
5211,,实习
5212,,全职
5213,,全职
5214,,实习
5215,,全职
5216,,全职
5217,,全职
5218,,实习
5219,,全职
5220,,全职
5221,,全职
5222,,实习
5223,,实习
5224,,全职
5225,,全职
5226,,实习
5227,,全职
5228,,全职
5229,,全职
5230,,全职
5231,,全职
5232,,全职
5233,,全职
5234,,全职
5235,,全职
5236,,全职
5237,,全职
5238,,全职
5239,,全职
5240,,全职
5241,,全职
5242,,全职
5243,,全职
5244,,全职
5245,,全职
5246,,全职
5247,,全职
5248,,全职
5249,,全职
5250,,全职
5251,,全职
5252,,全职
5253,,全职
5254,,全职
5255,,全职
5256,,全职
5257,,全职
5258,,全职
5259,,全职
5260,,全职
5261,,全职
5262,,全职
5263,,全职
5264,,全职
5265,,全职
5266,,全职
5267,,实习
5268,,全职
5269,,全职
5270,,全职
5271,,实习
5272,,全职
5273,,全职
5274,,全职
5275,,全职
5276,,全职
5277,,全职
5278,,实习
5279,,全职
5280,,全职
5281,,全职
5282,,全职
5283,,全职
5284,,全职
5285,,全职
5286,,全职
5287,,全职
5288,,实习
5289,,全职
5290,,全职
5291,,全职
5292,,全职
5293,,全职
5294,,全职
5295,,全职
5296,,实习
5297,,全职
5298,,全职
5299,,实习
5300,,实习
5301,,全职
5302,,全职
5303,,全职
5304,,全职
5305,,全职
5306,,全职
5307,,全职
5308,,全职
5309,,全职
5310,,全职
5311,,全职
5312,,全职
5313,,全职
5314,,全职
5315,,全职
5316,,全职
5317,,全职
5318,,全职
5319,,全职
5320,,全职
5321,,全职
5322,,全职
5323,,全职
5324,,全职
5325,,全职
5326,,全职
5327,,全职
5328,,全职
5329,,实习
5330,,实习
5331,,实习
5332,,全职
5333,,全职
5334,,全职
5335,,实习
5336,,全职
5337,,全职
5338,,全职
5339,,全职
5340,,全职
5341,,全职
5342,,全职
5343,,全职
5344,,全职
5345,,全职
5346,,全职
5347,,全职
5348,,全职
5349,,全职
5350,,全职
5351,,全职
5352,,全职
5353,,全职
5354,,全职
5355,,全职
5356,,全职
5357,,全职
5358,,全职
5359,,全职
5360,,全职
5361,,全职
5362,,全职
5363,,全职
5364,,全职
5365,,全职
5366,,全职
5367,,全职
5368,,全职
5369,,全职
5370,,全职
5371,,全职
5372,,全职
5373,,全职
5374,,全职
5375,,全职
5376,,全职
5377,,全职
5378,,全职
5379,,全职
5380,,全职
5381,,全职
5382,,全职
5383,,全职
5384,,全职
5385,,全职
5386,,全职
5387,,全职
5388,,全职
5389,,全职
5390,,全职
5391,,全职
5392,,全职
5393,,全职
5394,,全职
5395,,全职
5396,,全职
5397,,全职
5398,,全职
5399,,全职
5400,,全职
5401,,全职
5402,,全职
5403,,全职
5404,,全职
5405,,全职
5406,,全职
5407,,全职
5408,,全职
5409,,全职
5410,,全职
5411,,全职
5412,,全职
5413,,全职
5414,,全职
5415,,全职
5416,,全职
5417,,全职
5418,,全职
5419,,全职
5420,,全职
5421,,全职
5422,,全职
5423,,全职
5424,,全职
5425,,全职
5426,,全职
5427,,全职
5428,,全职
5429,,全职
5430,,全职
5431,,全职
5432,,全职
5433,,全职
5434,,全职
5435,,全职
5436,,全职
5437,,全职
5438,,全职
5439,,全职
5440,,全职
5441,,全职
5442,,全职
5443,,全职
5444,,全职
5445,,全职
5446,,全职
5447,,全职
5448,,全职
5449,,全职
5450,,全职
5451,,全职
5452,,全职
5453,,全职
5454,,全职
5455,,全职
5456,,全职
5457,,全职
5458,,全职
5459,,实习
5460,,全职
5461,,全职
5462,,全职
5463,,全职
5464,,全职
5465,,全职
5466,,全职
5467,,全职
5468,,全职
5469,,全职
5470,,全职
5471,,全职
5472,,全职
5473,,全职
5474,,全职
5475,,全职
5476,,全职
5477,,全职
5478,,全职
5479,,全职
5480,,全职
5481,,全职
5482,,全职
5483,,全职
5484,,全职
5485,,全职
5486,,全职
5487,,全职
5488,,全职
5489,,全职
5490,,全职
5491,,全职
5492,,全职
5493,,全职
5494,,全职
5495,,全职
5496,,全职
5497,,全职
5498,,实习
5499,,全职
5500,,全职
5501,,全职
5502,,全职
5503,,全职
5504,,全职
5505,,全职
5506,,全职
5507,,全职
5508,,全职
5509,,全职
5510,,全职
5511,,全职
5512,,全职
5513,,全职
5514,,全职
5515,,全职
5516,,全职
5517,,全职
5518,,全职
5519,,全职
5520,,全职
5521,,全职
5522,,全职
5523,,全职
5524,,全职
5525,,全职
5526,,全职
5527,,全职
5528,,全职
5529,,全职
5530,,全职
5531,,全职
5532,,全职
5533,,全职
5534,,全职
5535,,全职
5536,,全职
5537,,全职
5538,,全职
5539,,全职
5540,,全职
5541,,全职
5542,,全职
5543,,全职
5544,,全职
5545,,全职
5546,,全职
5547,,全职
5548,,全职
5549,,全职
5550,,全职
5551,,全职
5552,,全职
5553,,全职
5554,,全职
5555,,全职
5556,,全职
5557,,全职
5558,,全职
5559,,全职
5560,,全职
5561,,全职
5562,,全职
5563,,全职
5564,,全职
5565,,全职
5566,,全职
5567,,全职
5568,,全职
5569,,全职
5570,,全职
5571,,全职
5572,,全职
5573,,全职
5574,,全职
5575,,全职
5576,,全职
5577,,全职
5578,,全职
5579,,全职
5580,,全职
5581,,全职
5582,,全职
5583,,全职
5584,,全职
5585,,全职
5586,,全职
5587,,全职
5588,,全职
5589,,全职
5590,,全职
5591,,全职
5592,,全职
5593,,全职
5594,,全职
5595,,全职
5596,,全职
5597,,全职
5598,,全职
5599,,全职
5600,,全职
5601,,全职
5602,,全职
5603,,全职
5604,,全职
5605,,全职
5606,,全职
5607,,全职
5608,,全职
5609,,全职
5610,,全职
5611,,全职
5612,,全职
5613,,全职
5614,,全职
5615,,全职
5616,,全职
5617,,全职
5618,,全职
5619,,全职
5620,,全职
5621,,全职
5622,,全职
5623,,全职
5624,,全职
5625,,全职
5626,,全职
5627,,全职
5628,,全职
5629,,全职
5630,,全职
5631,,全职
5632,,全职
5633,,全职
5634,,全职
5635,,全职
5636,,全职
5637,,全职
5638,,全职
5639,,全职
5640,,全职
5641,,全职
5642,,全职
5643,,全职
5644,,全职
5645,,全职
5646,,全职
5647,,全职
5648,,全职
5649,,全职
5650,,全职
5651,,全职
5652,,全职
5653,,全职
5654,,全职
5655,,全职
5656,,全职
5657,,全职
5658,,全职
5659,,全职
5660,,全职
5661,,全职
5662,,全职
5663,,全职
5664,,全职
5665,,全职
5666,,全职
5667,,全职
5668,,全职
5669,,全职
5670,,全职
5671,,全职
5672,,全职
5673,,全职
5674,,全职
5675,,全职
5676,,全职
5677,,全职
5678,,全职
5679,,全职
5680,,全职
5681,,全职
5682,,全职
5683,,全职
5684,,全职
5685,,全职
5686,,全职
5687,,全职
5688,,全职
5689,,全职
5690,,全职
5691,,全职
5692,,全职
5693,,全职
5694,,全职
5695,,全职
5696,,全职
5697,,全职
5698,,全职
5699,,全职
5700,,全职
5701,,全职
5702,,全职
5703,,全职
5704,,全职
5705,,全职
5706,,全职
5707,,全职
5708,,全职
5709,,全职
5710,,全职
5711,,全职
5712,,全职
5713,,全职
5714,,全职
5715,,全职
5716,,全职
5717,,全职
5718,,全职
5719,,全职
5720,,全职
5721,,全职
5722,,全职
5723,,全职
5724,,全职
5725,,全职
5726,,全职
5727,,全职
5728,,全职
5729,,全职
5730,,全职
5731,,全职
5732,,全职
5733,,全职
5734,,全职
5735,,全职
5736,,全职
5737,,全职
5738,,全职
5739,,全职
5740,,全职
5741,,全职
5742,,全职
5743,,全职
5744,,全职
5745,,全职
5746,,全职
5747,,全职
5748,,全职
5749,,全职
5750,,全职
5751,,全职
5752,,全职
5753,,全职
5754,,全职
5755,,全职
5756,,全职
5757,,全职
5758,,全职
5759,,全职
5760,,全职
5761,,全职
5762,,全职
5763,,全职
5764,,全职
5765,,全职
5766,,全职
5767,,全职
5768,,全职
5769,,全职
5770,,全职
5771,,全职
5772,,全职
5773,,全职
5774,,全职
5775,,全职
5776,,全职
5777,,全职
5778,,全职
5779,,全职
5780,,全职
5781,,全职
5782,,全职
5783,,全职
5784,,全职
5785,,全职
5786,,全职
5787,,全职
5788,,全职
5789,,全职
5790,,全职
5791,,全职
5792,,全职
5793,,全职
5794,,全职
5795,,全职
5796,,全职
5797,,全职
5798,,全职
5799,,全职
5800,,全职
5801,,全职
5802,,全职
5803,,全职
5804,,全职
5805,,全职
5806,,全职
5807,,全职
5808,,全职
5809,,全职
5810,,全职
5811,,全职
5812,,全职
5813,,全职
5814,,全职
5815,,全职
5816,,全职
5817,,全职
5818,,全职
5819,,全职
5820,,全职
5821,,全职
5822,,全职
5823,,全职
5824,,全职
5825,,全职
5826,,全职
5827,,全职
5828,,全职
5829,,全职
5830,,全职
5831,,全职
5832,,全职
5833,,全职
5834,,全职
5835,,全职
5836,,全职
5837,,全职
5838,,全职
5839,,全职
5840,,全职
5841,,全职
5842,,全职
5843,,全职
5844,,全职
5845,,全职
5846,,全职
5847,,全职
5848,,全职
5849,,全职
5850,,全职
5851,,全职
5852,,全职
5853,,全职
5854,,全职
5855,,全职
5856,,全职
5857,,全职
5858,,全职
5859,,全职
5860,,全职
5861,,全职
5862,,全职
5863,,全职
5864,,全职
5865,,全职
5866,,全职
5867,,全职
5868,,全职
5869,,全职
5870,,全职
5871,,全职
5872,,全职
5873,,全职
5874,,全职
5875,,全职
5876,,全职
5877,,全职
5878,,全职
5879,,全职
5880,,全职
5881,,全职
5882,,全职
5883,,全职
5884,,全职
5885,,全职
5886,,全职
5887,,全职
5888,,全职
5889,,全职
5890,,全职
5891,,全职
5892,,全职
5893,,全职
5894,,全职
5895,,全职
5896,,全职
5897,,全职
5898,,全职
5899,,全职
5900,,全职
5901,,全职
5902,,全职
5903,,全职
5904,,全职
5905,,全职
5906,,全职
5907,,全职
5908,,全职
5909,,全职
5910,,全职
5911,,全职
5912,,全职
5913,,全职
5914,,全职
5915,,全职
5916,,全职
5917,,全职
5918,,全职
5919,,全职
5920,,全职
5921,,全职
5922,,全职
5923,,全职
5924,,全职
5925,,全职
5926,,全职
5927,,全职
5928,,全职
5929,,全职
5930,,全职
5931,,全职
5932,,全职
5933,,全职
5934,,全职
5935,,全职
5936,,全职
5937,,全职
5938,,全职
5939,,全职
5940,,全职
5941,,全职
5942,,全职
5943,,全职
5944,,全职
5945,,全职
5946,,全职
5947,,全职
5948,,全职
5949,,全职
5950,,全职
5951,,全职
5952,,全职
5953,,全职
5954,,全职
5955,,全职
5956,,全职
5957,,全职
5958,,全职
5959,,全职
5960,,全职
5961,,全职
5962,,全职
5963,,全职
5964,,全职
5965,,全职
5966,,全职
5967,,全职
5968,,全职
5969,,全职
5970,,全职
5971,,全职
5972,,全职
5973,,全职
5974,,全职
5975,,全职
5976,,全职
5977,,全职
5978,,全职
5979,,全职
5980,,全职
5981,,全职
5982,,全职
5983,,全职
5984,,全职
5985,,全职
5986,,全职
5987,,全职
5988,,全职
5989,,全职
5990,,全职
5991,,全职
5992,,全职
5993,,全职
5994,,全职
5995,,全职
5996,,全职
5997,,全职
5998,,全职
5999,,全职
6000,,全职
6001,,全职
6002,,全职
6003,,全职
6004,,全职
6005,,全职
6006,,全职
6007,,全职
6008,,全职
6009,,全职
6010,,全职
6011,,全职
6012,,全职
6013,,全职
6014,,全职
6015,,全职
6016,,全职
6017,,全职
6018,,全职
6019,,全职
6020,,全职
6021,,全职
6022,,全职
6023,,全职
6024,,全职
6025,,全职
6026,,全职
6027,,全职
6028,,全职
6029,,全职
6030,,全职
6031,,全职
6032,,全职
6033,,全职
6034,,全职
6035,,全职
6036,,全职
6037,,全职
6038,,全职
6039,,全职
6040,,全职
6041,,全职
6042,,全职
6043,,全职
6044,,全职
6045,,全职
6046,,全职
6047,,全职
6048,,全职
6049,,全职
6050,,全职
6051,,全职
6052,,全职
6053,,全职
6054,,全职
6055,,全职
6056,,全职
6057,,全职
6058,,全职
6059,,全职
6060,,全职
6061,,全职
6062,,全职
6063,,全职
6064,,全职
6065,,全职
6066,,全职
6067,,全职
6068,,全职
6069,,全职
6070,,全职
6071,,全职
6072,,全职
6073,,全职
6074,,全职
6075,,全职
6076,,全职
6077,,全职
6078,,全职
6079,,全职
6080,,全职
6081,,全职
6082,,全职
6083,,全职
6084,,全职
6085,,全职
6086,,全职
6087,,全职
6088,,全职
6089,,全职
6090,,全职
6091,,全职
6092,,全职
6093,,全职
6094,,全职
6095,,全职
6096,,全职
6097,,全职
6098,,全职
6099,,全职
6100,,全职
6101,,全职
6102,,全职
6103,,全职
6104,,全职
6105,,全职
6106,,全职
6107,,全职
6108,,全职
6109,,全职
6110,,全职
6111,,全职
6112,,全职
6113,,全职
6114,,全职
6115,,全职
6116,,全职
6117,,全职
6118,,全职
6119,,全职
6120,,全职
6121,,全职
6122,,全职
6123,,全职
6124,,全职
6125,,全职
6126,,全职
6127,,全职
6128,,全职
6129,,全职
6130,,全职
6131,,全职
6132,,全职
6133,,全职
6134,,全职
6135,,全职
6136,,全职
6137,,全职
6138,,全职
6139,,全职
6140,,全职
6141,,全职
6142,,全职
6143,,全职
6144,,全职
6145,,全职
6146,,全职
6147,,全职
6148,,全职
6149,,全职
6150,,全职
6151,,全职
6152,,全职
6153,,全职
6154,,全职
6155,,全职
6156,,全职
6157,,全职
6158,,全职
6159,,全职
6160,,全职
6161,,全职
6162,,全职
6163,,全职
6164,,全职
6165,,全职
6166,,全职
6167,,全职
6168,,全职
6169,,全职
6170,,全职
6171,,全职
6172,,全职
6173,,全职
6174,,全职
6175,,全职
6176,,全职
6177,,全职
6178,,全职
6179,,全职
6180,,全职
6181,,全职
6182,,全职
6183,,全职
6184,,全职
6185,,全职
6186,,全职
6187,,全职
6188,,全职
6189,,全职
6190,,全职
6191,,全职
6192,,全职
6193,,全职
6194,,全职
6195,,全职
6196,,全职
6197,,全职
6198,,全职
6199,,全职
6200,,全职
6201,,全职
6202,,全职
6203,,全职
6204,,全职
6205,,全职
6206,,全职
6207,,全职
6208,,全职
6209,,全职
6210,,全职
6211,,全职
6212,,全职
6213,,全职
6214,,全职
6215,,全职
6216,,全职
6217,,全职
6218,,全职
6219,,全职
6220,,全职
6221,,全职
6222,,全职
6223,,全职
6224,,全职
6225,,全职
6226,,全职
6227,,全职
6228,,全职
6229,,全职
6230,,全职
6231,,全职
6232,,全职
6233,,全职
6234,,全职
6235,,全职
6236,,全职
6237,,全职
6238,,全职
6239,,全职
6240,,全职
6241,,全职
6242,,全职
6243,,全职
6244,,全职
6245,,全职
6246,,全职
6247,,全职
6248,,全职
6249,,全职
6250,,全职
6251,,全职
6252,,全职
6253,,全职
6254,,全职
6255,,全职
6256,,全职
6257,,全职
6258,,全职
6259,,全职
6260,,全职
6261,,全职
6262,,全职
6263,,全职
6264,,全职
6265,,全职
6266,,全职
6267,,全职
6268,,全职
6269,,全职
6270,,全职
6271,,全职
6272,,全职
6273,,全职
6274,,全职
6275,,全职
6276,,全职
6277,,全职
6278,,全职
6279,,全职
6280,,全职
6281,,全职
6282,,全职
6283,,全职
6284,,全职
6285,,全职
6286,,全职
6287,,全职
6288,,全职
6289,,全职
6290,,全职
6291,,全职
6292,,全职
6293,,全职
6294,,全职
6295,,全职
6296,,全职
6297,,全职
6298,,全职
6299,,全职
6300,,全职
6301,,全职
6302,,全职
6303,,全职
6304,,全职
6305,,全职
6306,,全职
6307,,全职
6308,,全职
6309,,全职
6310,,全职
6311,,全职
6312,,全职
6313,,全职
6314,,全职
6315,,全职
6316,,全职
6317,,全职
6318,,全职
6319,,全职
6320,,全职
6321,,全职
6322,,全职
6323,,全职
6324,,全职
6325,,全职
6326,,全职
6327,,全职
6328,,全职
6329,,实习
6330,,全职
6331,,全职
6332,,全职
6333,,全职
6334,,全职
6335,,全职
6336,,全职
6337,,全职
6338,,实习
6339,,全职
6340,,全职
6341,,全职
6342,,实习
6343,,实习
6344,,实习
6345,,实习
6346,,全职
6347,,全职
6348,,全职
6349,,全职
6350,,全职
6351,,全职
6352,,全职
6353,,全职
6354,,全职
6355,,全职
6356,,全职
6357,,全职
6358,,实习
6359,,全职
6360,,实习
6361,,全职
6362,,实习
6363,,全职
6364,,全职
6365,,全职
6366,,全职
6367,,实习
6368,,实习
6369,,实习
6370,,实习
6371,,实习
6372,,实习
6373,,实习
6374,,全职
6375,,全职
6376,,全职
6377,,实习
6378,,全职
6379,,实习
6380,,全职
6381,,全职
6382,,实习
6383,,实习
6384,,实习
6385,,全职
6386,,实习
6387,,全职
6388,,全职
6389,,实习
6390,,全职
6391,,实习
6392,,全职
6393,,实习
6394,,全职
6395,,实习
6396,,全职
6397,,全职
6398,,实习
6399,,全职
6400,,全职
6401,,实习
6402,,全职
6403,,全职
6404,,实习
6405,,全职
6406,,实习
6407,,全职
6408,,全职
6409,,实习
6410,,实习
6411,,实习
6412,,全职
6413,,全职
6414,,全职
6415,,全职
6416,,全职
6417,,全职
6418,,全职
6419,,全职
6420,,全职
6421,,全职
6422,,全职
6423,,全职
6424,,全职
6425,,全职
6426,,实习
6427,,实习
6428,,实习
6429,,实习
6430,,实习
6431,,实习
6432,,全职
6433,,全职
6434,,全职
6435,,全职
6436,,全职
6437,,全职
6438,,全职
6439,,全职
6440,,全职
6441,,全职
6442,,全职
6443,,全职
6444,,全职
6445,,全职
6446,,全职
6447,,全职
6448,,全职
6449,,全职
6450,,全职
6451,,全职
6452,,全职
6453,,全职
6454,,全职
6455,,全职
6456,,全职
6457,,全职
6458,,全职
6459,,全职
6460,,全职
6461,,全职
6462,,全职
6463,,全职
6464,,全职
6465,,全职
6466,,全职
6467,,全职
6468,,全职
6469,,全职
6470,,全职
6471,,全职
6472,,全职
6473,,全职
6474,,全职
6475,,全职
6476,,全职
6477,,全职
6478,,全职
6479,,全职
6480,,全职
6481,,全职
6482,,全职
6483,,全职
6484,,全职
6485,,全职
6486,,全职
6487,,全职
6488,,全职
6489,,全职
6490,,全职
6491,,全职
6492,,全职
6493,,全职
6494,,全职
6495,,全职
6496,,全职
6497,,实习
6498,,全职
6499,,全职
6500,,全职
6501,,全职
6502,,全职
6503,,全职
6504,,全职
6505,,全职
6506,,全职
6507,,全职
6508,,全职
6509,,全职
6510,,全职
6511,,全职
6512,,全职
6513,,全职
6514,,全职
6515,,全职
6516,,全职
6517,,全职
6518,,实习
6519,,全职
6520,,全职
6521,,全职
6522,,全职
6523,,全职
6524,,全职
6525,,全职
6526,,全职
6527,,全职
6528,,全职
6529,,全职
6530,,全职
6531,,全职
6532,,全职
6533,,全职
6534,,全职
6535,,全职
6536,,全职
6537,,全职
6538,,全职
6539,,全职
6540,,全职
6541,,全职
6542,,全职
6543,,全职
6544,,全职
6545,,全职
6546,,全职
6547,,全职
6548,,全职
6549,,全职
6550,,全职
6551,,全职
6552,,全职
6553,,全职
6554,,全职
6555,,全职
6556,,全职
6557,,全职
6558,,全职
6559,,全职
6560,,全职
6561,,全职
6562,,全职
6563,,全职
6564,,全职
6565,,全职
6566,,全职
6567,,全职
6568,,全职
6569,,全职
6570,,全职
6571,,全职
6572,,全职
6573,,全职
6574,,实习
6575,,全职
6576,,全职
6577,,全职
6578,,全职
6579,,全职
6580,,全职
6581,,全职
6582,,全职
6583,,全职
6584,,全职
6585,,实习
6586,,全职
6587,,全职
6588,,全职
6589,,全职
6590,,全职
6591,,全职
6592,,全职
6593,,全职
6594,,全职
6595,,全职
6596,,全职
6597,,全职
6598,,全职
6599,,全职
6600,,全职
6601,,全职
6602,,全职
6603,,全职
6604,,全职
6605,,全职
6606,,全职
6607,,全职
6608,,实习
6609,,全职
6610,,全职
6611,,全职
6612,,全职
6613,,全职
6614,,全职
6615,,实习
6616,,全职
6617,,全职
6618,,全职
6619,,全职
6620,,全职
6621,,全职
6622,,全职
6623,,全职
6624,,全职
6625,,全职
6626,,全职
6627,,全职
6628,,全职
6629,,全职
6630,,全职
6631,,全职
6632,,全职
6633,,全职
6634,,全职
6635,,全职
6636,,全职
6637,,全职
6638,,全职
6639,,全职
6640,,全职
6641,,全职
6642,,全职
6643,,全职
6644,,全职
6645,,全职
6646,,全职
6647,,全职
6648,,全职
6649,,全职
6650,,全职
6651,,全职
6652,,全职
6653,,全职
6654,,全职
6655,,全职
6656,,全职
6657,,全职
6658,,全职
6659,,全职
6660,,全职
6661,,全职
6662,,全职
6663,,全职
6664,,全职
6665,,全职
6666,,全职
6667,,全职
6668,,全职
6669,,全职
6670,,全职
6671,,全职
6672,,全职
6673,,全职
6674,,全职
6675,,全职
6676,,全职
6677,,全职
6678,,全职
6679,,全职
6680,,全职
6681,,全职
6682,,全职
6683,,全职
6684,,全职
6685,,全职
6686,,全职
6687,,全职
6688,,全职
6689,,全职
6690,,全职
6691,,全职
6692,,全职
6693,,全职
6694,,全职
6695,,全职
6696,,全职
6697,,全职
6698,,全职
6699,,全职
6700,,全职
6701,,全职
6702,,全职
6703,,全职
6704,,全职
6705,,全职
6706,,全职
6707,,全职
6708,,全职
6709,,全职
6710,,全职
6711,,全职
6712,,全职
6713,,全职
6714,,全职
6715,,全职
6716,,全职
6717,,全职
6718,,全职
6719,,全职
6720,,全职
6721,,全职
6722,,全职
6723,,全职
6724,,全职
6725,,全职
6726,,全职
6727,,全职
6728,,全职
6729,,全职
6730,,全职
6731,,全职
6732,,全职
6733,,全职
6734,,全职
6735,,全职
6736,,全职
6737,,全职
6738,,全职
6739,,全职
6740,,全职
6741,,全职
6742,,全职
6743,,全职
6744,,全职
6745,,全职
6746,,全职
6747,,全职
6748,,全职
6749,,全职
6750,,全职
6751,,全职
6752,,全职
6753,,全职
6754,,全职
6755,,全职
6756,,全职
6757,,全职
6758,,全职
6759,,全职
6760,,全职
6761,,全职
6762,,全职
6763,,全职
6764,,全职
6765,,全职
6766,,全职
6767,,全职
6768,,全职
6769,,全职
6770,,全职
6771,,全职
6772,,全职
6773,,全职
6774,,全职
6775,,全职
6776,,全职
6777,,全职
6778,,全职
6779,,全职
6780,,全职
6781,,全职
6782,,全职
6783,,全职
6784,,全职
6785,,全职
6786,,全职
6787,,全职
6788,,全职
6789,,全职
6790,,全职
6791,,全职
6792,,全职
6793,,全职
6794,,全职
6795,,全职
6796,,全职
6797,,全职
6798,,全职
6799,,全职
6800,,全职
6801,,全职
6802,,全职
6803,,全职
6804,,全职
6805,,全职
6806,,全职
6807,,全职
6808,,全职
6809,,全职
6810,,全职
6811,,全职
6812,,全职
6813,,全职
6814,,全职
6815,,全职
6816,,全职
6817,,全职
6818,,全职
6819,,全职
6820,,全职
6821,,全职
6822,,全职
6823,,全职
6824,,全职
6825,,全职
6826,,全职
6827,,全职
6828,,全职
6829,,全职
6830,,全职
6831,,全职
6832,,全职
6833,,全职
6834,,全职
6835,,全职
6836,,全职
6837,,全职
6838,,全职
6839,,全职
6840,,全职
6841,,全职
6842,,全职
6843,,全职
6844,,全职
6845,,全职
6846,,全职
6847,,全职
6848,,全职
6849,,全职
6850,,全职
6851,,全职
6852,,全职
6853,,全职
6854,,全职
6855,,全职
6856,,全职
6857,,全职
6858,,全职
6859,,全职
6860,,全职
6861,,全职
6862,,全职
6863,,全职
6864,,全职
6865,,全职
6866,,全职
6867,,全职
6868,,全职
6869,,全职
6870,,全职
6871,,全职
6872,,全职
6873,,全职
6874,,全职
6875,,全职
6876,,全职
6877,,全职
6878,,全职
6879,,全职
6880,,全职
6881,,全职
6882,,全职
6883,,全职
6884,,全职
6885,,全职
6886,,全职
6887,,全职
6888,,全职
6889,,全职
6890,,全职
6891,,全职
6892,,全职
6893,,全职
6894,,全职
6895,,全职
6896,,全职
6897,,全职
6898,,全职
6899,,全职
6900,,全职
6901,,全职
6902,,全职
6903,,全职
6904,,全职
6905,,全职
6906,,全职
6907,,全职
6908,,全职
6909,,全职
6910,,全职
6911,,全职
6912,,全职
6913,,全职
6914,,全职
6915,,全职
6916,,全职
6917,,全职
6918,,全职
6919,,全职
6920,,全职
6921,,全职
6922,,全职
6923,,全职
6924,,全职
6925,,全职
6926,,全职
6927,,全职
6928,,全职
6929,,全职
6930,,全职
6931,,全职
6932,,全职
6933,,全职
6934,,全职
6935,,全职
6936,,全职
6937,,全职
6938,,全职
6939,,全职
6940,,全职
6941,,全职
6942,,全职
6943,,全职
6944,,全职
6945,,全职
6946,,全职
6947,,全职
6948,,全职
6949,,全职
6950,,全职
6951,,全职
6952,,全职
6953,,全职
6954,,全职
6955,,全职
6956,,全职
6957,,全职
6958,,全职
6959,,全职
6960,,全职
6961,,全职
6962,,全职
6963,,全职
6964,,全职
6965,,全职
6966,,全职
6967,,全职
6968,,全职
6969,,全职
6970,,全职
6971,,全职
6972,,全职
6973,,全职
6974,,全职
6975,,全职
6976,,全职
6977,,全职
6978,,全职
6979,,全职
6980,,全职
6981,,全职
6982,,全职
6983,,全职
6984,,全职
6985,,全职
6986,,全职
6987,,全职
6988,,全职
6989,,全职
6990,,全职
6991,,全职
6992,,全职
6993,,全职
6994,,全职
6995,,全职
6996,,全职
6997,,全职
6998,,全职
6999,,全职
7000,,全职
7001,,全职
7002,,全职
7003,,全职
7004,,全职
7005,,全职
7006,,全职
7007,,全职
7008,,全职
7009,,全职
7010,,全职
7011,,全职
7012,,全职
7013,,全职
7014,,全职
7015,,全职
7016,,全职
7017,,全职
7018,,全职
7019,,全职
7020,,全职
7021,,全职
7022,,全职
7023,,全职
7024,,全职
7025,,全职
7026,,全职
7027,,全职
7028,,全职
7029,,全职
7030,,全职
7031,,全职
7032,,全职
7033,,全职
7034,,全职
7035,,全职
7036,,全职
7037,,全职
7038,,全职
7039,,全职
7040,,全职
7041,,全职
7042,,全职
7043,,全职
7044,,全职
7045,,全职
7046,,全职
7047,,全职
7048,,全职
7049,,全职
7050,,全职
7051,,全职
7052,,全职
7053,,全职
7054,,全职
7055,,全职
7056,,全职
7057,,全职
7058,,全职
7059,,全职
7060,,全职
7061,,全职
7062,,全职
7063,,全职
7064,,全职
7065,,全职
7066,,全职
7067,,全职
7068,,全职
7069,,全职
7070,,全职
7071,,全职
7072,,全职
7073,,全职
7074,,全职
7075,,全职
7076,,全职
7077,,全职
7078,,全职
7079,,全职
7080,,全职
7081,,全职
7082,,全职
7083,,全职
7084,,全职
7085,,全职
7086,,全职
7087,,全职
7088,,全职
7089,,全职
7090,,全职
7091,,全职
7092,,全职
7093,,全职
7094,,全职
7095,,全职
7096,,全职
7097,,全职
7098,,全职
7099,,全职
7100,,全职
7101,,全职
7102,,全职
7103,,全职
7104,,全职
7105,,全职
7106,,全职
7107,,全职
7108,,全职
7109,,全职
7110,,全职
7111,,全职
7112,,全职
7113,,全职
7114,,全职
7115,,全职
7116,,全职
7117,,全职
7118,,全职
7119,,全职
7120,,全职
7121,,全职
7122,,全职
7123,,全职
7124,,全职
7125,,全职
7126,,全职
7127,,全职
7128,,全职
7129,,全职
7130,,全职
7131,,全职
7132,,全职
7133,,全职
7134,,全职
7135,,全职
7136,,全职
7137,,全职
7138,,全职
7139,,全职
7140,,全职
7141,,全职
7142,,全职
7143,,全职
7144,,全职
7145,,全职
7146,,全职
7147,,全职
7148,,全职
7149,,全职
7150,,全职
7151,,全职
7152,,全职
7153,,全职
7154,,全职
7155,,全职
7156,,全职
7157,,全职
7158,,全职
7159,,全职
7160,,全职
7161,,全职
7162,,全职
7163,,全职
7164,,全职
7165,,全职
7166,,全职
7167,,全职
7168,,全职
7169,,全职
7170,,全职
7171,,全职
7172,,全职
7173,,全职
7174,,全职
7175,,全职
7176,,全职
7177,,全职
7178,,全职
7179,,全职
7180,,全职
7181,,全职
7182,,全职
7183,,全职
7184,,全职
7185,,全职
7186,,全职
7187,,全职
7188,,全职
7189,,全职
7190,,全职
7191,,全职
7192,,全职
7193,,全职
7194,,全职
7195,,全职
7196,,全职
7197,,全职
7198,,全职
7199,,全职
7200,,全职
7201,,全职
7202,,全职
7203,,全职
7204,,全职
7205,,全职
7206,,全职
7207,,全职
7208,,全职
7209,,全职
7210,,全职
7211,,全职
7212,,全职
7213,,全职
7214,,全职
7215,,全职
7216,,全职
7217,,全职
7218,,全职
7219,,全职
7220,,全职
7221,,全职
7222,,全职
7223,,全职
7224,,全职
7225,,全职
7226,,全职
7227,,全职
7228,,全职
7229,,全职
7230,,全职
7231,,全职
7232,,全职
7233,,全职
7234,,全职
7235,,全职
7236,,全职
7237,,全职
7238,,全职
7239,,全职
7240,,全职
7241,,全职
7242,,全职
7243,,全职
7244,,全职
7245,,全职
7246,,全职
7247,,全职
7248,,全职
7249,,全职
7250,,全职
7251,,全职
7252,,全职
7253,,全职
7254,,全职
7255,,全职
7256,,全职
7257,,全职
7258,,全职
7259,,全职
7260,,全职
7261,,全职
7262,,全职
7263,,全职
7264,,全职
7265,,全职
7266,,全职
7267,,全职
7268,,全职
7269,,全职
7270,,全职
7271,,全职
7272,,全职
7273,,全职
7274,,全职
7275,,全职
7276,,全职
7277,,全职
7278,,全职
7279,,全职
7280,,全职
7281,,全职
7282,,全职
7283,,全职
7284,,全职
7285,,全职
7286,,全职
7287,,全职
7288,,全职
7289,,全职
7290,,全职
7291,,全职
7292,,全职
7293,,全职
7294,,全职
7295,,全职
7296,,全职
7297,,全职
7298,,全职
7299,,全职
7300,,全职
7301,,全职
7302,,全职
7303,,全职
7304,,全职
7305,,全职
7306,,全职
7307,,全职
7308,,全职
7309,,全职
7310,,全职
7311,,全职
7312,,全职
7313,,全职
7314,,全职
7315,,全职
7316,,全职
7317,,全职
7318,,全职
7319,,全职
7320,,全职
7321,,全职
7322,,全职
7323,,全职
7324,,全职
7325,,全职
7326,,全职
7327,,全职
7328,,全职
7329,,全职
7330,,全职
7331,,全职
7332,,全职
7333,,全职
7334,,全职
7335,,全职
7336,,全职
7337,,全职
7338,,全职
7339,,全职
7340,,实习
7341,,全职
7342,,全职
7343,,全职
7344,,全职
7345,,全职
7346,,全职
7347,,全职
7348,,全职
7349,,全职
7350,,全职
7351,,全职
7352,,全职
7353,,全职
7354,,全职
7355,,全职
7356,,全职
7357,,全职
7358,,全职
7359,,全职
7360,,全职
7361,,全职
7362,,全职
7363,,全职
7364,,全职
7365,,全职
7366,,全职
7367,,全职
7368,,全职
7369,,全职
7370,,全职
7371,,全职
7372,,全职
7373,,全职
7374,,全职
7375,,全职
7376,,全职
7377,,全职
7378,,全职
7379,,全职
7380,,全职
7381,,全职
7382,,全职
7383,,全职
7384,,全职
7385,,全职
7386,,全职
7387,,全职
7388,,全职
7389,,全职
7390,,全职
7391,,全职
7392,,全职
7393,,全职
7394,,全职
7395,,全职
7396,,全职
7397,,全职
7398,,全职
7399,,全职
7400,,全职
7401,,全职
7402,,全职
7403,,全职
7404,,全职
7405,,全职
7406,,全职
7407,,全职
7408,,全职
7409,,全职
7410,,全职
7411,,全职
7412,,全职
7413,,全职
7414,,全职
7415,,全职
7416,,全职
7417,,全职
7418,,全职
7419,,全职
7420,,全职
7421,,全职
7422,,全职
7423,,全职
7424,,全职
7425,,全职
7426,,全职
7427,,全职
7428,,全职
7429,,全职
7430,,全职
7431,,全职
7432,,全职
7433,,全职
7434,,全职
7435,,全职
7436,,全职
7437,,全职
7438,,全职
7439,,全职
7440,,全职
7441,,全职
7442,,全职
7443,,全职
7444,,全职
7445,,全职
7446,,全职
7447,,全职
7448,,全职
7449,,全职
7450,,全职
7451,,全职
7452,,全职
7453,,全职
7454,,全职
7455,,全职
7456,,全职
7457,,全职
7458,,全职
7459,,全职
7460,,全职
7461,,全职
7462,,全职
7463,,全职
7464,,全职
7465,,全职
7466,,全职
7467,,全职
7468,,全职
7469,,全职
7470,,全职
7471,,全职
7472,,全职
7473,,全职
7474,,全职
7475,,全职
7476,,全职
7477,,全职
7478,,全职
7479,,全职
7480,,全职
7481,,全职
7482,,全职
7483,,全职
7484,,全职
7485,,全职
7486,,全职
7487,,全职
7488,,全职
7489,,全职
7490,,全职
7491,,全职
7492,,全职
7493,,全职
7494,,全职
7495,,全职
7496,,全职
7497,,全职
7498,,全职
7499,,全职
7500,,全职
7501,,全职
7502,,全职
7503,,全职
7504,,全职
7505,,全职
7506,,全职
7507,,全职
7508,,全职
7509,,全职
7510,,全职
7511,,全职
7512,,全职
7513,,全职
7514,,全职
7515,,全职
7516,,全职
7517,,全职
7518,,全职
7519,,全职
7520,,全职
7521,,全职
7522,,全职
7523,,全职
7524,,全职
7525,,全职
7526,,全职
7527,,全职
7528,,全职
7529,,全职
7530,,全职
7531,,全职
7532,,全职
7533,,全职
7534,,全职
7535,,全职
7536,,全职
7537,,全职
7538,,全职
7539,,全职
7540,,全职
7541,,全职
7542,,全职
7543,,全职
7544,,全职
7545,,全职
7546,,全职
7547,,全职
7548,,全职
7549,,全职
7550,,全职
7551,,全职
7552,,全职
7553,,全职
7554,,全职
7555,,全职
7556,,全职
7557,,全职
7558,,全职
7559,,全职
7560,,全职
7561,,全职
7562,,全职
7563,,全职
7564,,全职
7565,,全职
7566,,全职
7567,,全职
7568,,全职
7569,,全职
7570,,全职
7571,,全职
7572,,全职
7573,,全职
7574,,全职
7575,,全职
7576,,全职
7577,,全职
7578,,全职
7579,,全职
7580,,全职
7581,,全职
7582,,全职
7583,,全职
7584,,全职
7585,,全职
7586,,全职
7587,,全职
7588,,全职
7589,,全职
7590,,全职
7591,,全职
7592,,全职
7593,,全职
7594,,全职
7595,,全职
7596,,全职
7597,,全职
7598,,全职
7599,,全职
7600,,全职
7601,,全职
7602,,全职
7603,,全职
7604,,全职
7605,,全职
7606,,全职
7607,,全职
7608,,全职
7609,,全职
7610,,全职
7611,,全职
7612,,全职
7613,,全职
7614,,全职
7615,,全职
7616,,全职
7617,,全职
7618,,全职
7619,,全职
7620,,全职
7621,,全职
7622,,全职
7623,,全职
7624,,全职
7625,,全职
7626,,全职
7627,,全职
7628,,全职
7629,,全职
7630,,全职
7631,,全职
7632,,全职
7633,,全职
7634,,全职
7635,,全职
7636,,全职
7637,,全职
7638,,全职
7639,,全职
7640,,全职
7641,,全职
7642,,全职
7643,,全职
7644,,全职
7645,,全职
7646,,全职
7647,,全职
7648,,全职
7649,,全职
7650,,全职
7651,,全职
7652,,全职
7653,,全职
7654,,全职
7655,,全职
7656,,全职
7657,,全职
7658,,全职
7659,,全职
7660,,全职
7661,,全职
7662,,全职
7663,,全职
7664,,全职
7665,,全职
7666,,全职
7667,,全职
7668,,全职
7669,,全职
7670,,全职
7671,,全职
7672,,全职
7673,,全职
7674,,全职
7675,,全职
7676,,全职
7677,,全职
7678,,全职
7679,,全职
7680,,全职
7681,,全职
7682,,全职
7683,,全职
7684,,全职
7685,,全职
7686,,全职
7687,,全职
7688,,全职
7689,,全职
7690,,全职
7691,,全职
7692,,全职
7693,,全职
7694,,全职
7695,,全职
7696,,全职
7697,,全职
7698,,全职
7699,,全职
7700,,全职
7701,,全职
7702,,全职
7703,,全职
7704,,全职
7705,,全职
7706,,全职
7707,,全职
7708,,全职
7709,,全职
7710,,全职
7711,,全职
7712,,全职
7713,,全职
7714,,全职
7715,,全职
7716,,全职
7717,,全职
7718,,全职
7719,,全职
7720,,全职
7721,,全职
7722,,全职
7723,,全职
7724,,全职
7725,,全职
7726,,全职
7727,,全职
7728,,全职
7729,,全职
7730,,全职
7731,,全职
7732,,全职
7733,,全职
7734,,全职
7735,,全职
7736,,全职
7737,,全职
7738,,全职
7739,,全职
7740,,全职
7741,,全职
7742,,全职
7743,,全职
7744,,全职
7745,,全职
7746,,全职
7747,,全职
7748,,全职
7749,,全职
7750,,全职
7751,,全职
7752,,全职
7753,,全职
7754,,全职
7755,,全职
7756,,全职
7757,,全职
7758,,全职
7759,,全职
7760,,全职
7761,,全职
7762,,全职
7763,,全职
7764,,全职
7765,,全职
7766,,全职
7767,,全职
7768,,全职
7769,,全职
7770,,全职
7771,,全职
7772,,全职
7773,,全职
7774,,全职
7775,,全职
7776,,全职
7777,,全职
7778,,全职
7779,,全职
7780,,全职
7781,,全职
7782,,全职
7783,,全职
7784,,全职
7785,,全职
7786,,全职
7787,,全职
7788,,全职
7789,,全职
7790,,全职
7791,,全职
7792,,全职
7793,,全职
7794,,全职
7795,,全职
7796,,全职
7797,,全职
7798,,全职
7799,,全职
7800,,全职
7801,,全职
7802,,全职
7803,,全职
7804,,全职
7805,,全职
7806,,全职
7807,,全职
7808,,全职
7809,,全职
7810,,全职
7811,,全职
7812,,全职
7813,,全职
7814,,全职
7815,,全职
7816,,全职
7817,,全职
7818,,全职
7819,,全职
7820,,全职
7821,,全职
7822,,全职
7823,,全职
7824,,全职
7825,,全职
7826,,全职
7827,,全职
7828,,全职
7829,,全职
7830,,全职
7831,,全职
7832,,全职
7833,,全职
7834,,全职
7835,,全职
7836,,全职
7837,,全职
7838,,全职
7839,,全职
7840,,全职
7841,,全职
7842,,全职
7843,,全职
7844,,全职
7845,,全职
7846,,全职
7847,,全职
7848,,全职
7849,,全职
7850,,全职
7851,,全职
7852,,全职
7853,,全职
7854,,全职
7855,,全职
7856,,全职
7857,,全职
7858,,全职
7859,,全职
7860,,全职
7861,,全职
7862,,全职
7863,,全职
7864,,全职
7865,,全职
7866,,全职
7867,,全职
7868,,全职
7869,,全职
7870,,全职
7871,,全职
7872,,全职
7873,,全职
7874,,全职
7875,,全职
7876,,全职
7877,,全职
7878,,全职
7879,,全职
7880,,全职
7881,,全职
7882,,全职
7883,,全职
7884,,全职
7885,,全职
7886,,全职
7887,,全职
7888,,全职
7889,,全职
7890,,全职
7891,,全职
7892,,全职
7893,,实习
7894,,实习
7895,,全职
7896,,全职
7897,,全职
7898,,全职
7899,,全职
7900,,实习
7901,,全职
7902,,全职
7903,,全职
7904,,全职
7905,,全职
7906,,实习
7907,,全职
7908,,全职
7909,,全职
7910,,全职
7911,,全职
7912,,全职
7913,,全职
7914,,全职
7915,,全职
7916,,全职
7917,,全职
7918,,全职
7919,,全职
7920,,全职
7921,,全职
7922,,全职
7923,,全职
7924,,全职
7925,,全职
7926,,全职
7927,,全职
7928,,全职
7929,,全职
7930,,全职
7931,,全职
7932,,全职
7933,,实习
7934,,全职
7935,,全职
7936,,全职
7937,,全职
7938,,全职
7939,,全职
7940,,全职
7941,,全职
7942,,全职
7943,,全职
7944,,全职
7945,,实习
7946,,全职
7947,,实习
7948,,全职
7949,,全职
7950,,全职
7951,,全职
7952,,全职
7953,,实习
7954,,实习
7955,,全职
7956,,实习
7957,,全职
7958,,全职
7959,,全职
7960,,全职
7961,,全职
7962,,实习
7963,,全职
7964,,全职
7965,,全职
7966,,实习
7967,,全职
7968,,实习
7969,,全职
7970,,实习
7971,,实习
7972,,全职
7973,,全职
7974,,全职
7975,,全职
7976,,全职
7977,,全职
7978,,实习
7979,,全职
7980,,全职
7981,,全职
7982,,全职
7983,,全职
7984,,全职
7985,,全职
7986,,实习
7987,,全职
7988,,实习
7989,,全职
7990,,实习
7991,,全职
7992,,全职
7993,,全职
7994,,实习
7995,,全职
7996,,全职
7997,,全职
7998,,全职
7999,,全职
8000,,实习
8001,,全职
8002,,全职
8003,,全职
8004,,全职
8005,,全职
8006,,全职
8007,,全职
8008,,全职
8009,,实习
8010,,全职
8011,,全职
8012,,全职
8013,,实习
8014,,全职
8015,,全职
8016,,全职
8017,,全职
8018,,全职
8019,,全职
8020,,实习
8021,,实习
8022,,实习
8023,,全职
8024,,实习
8025,,全职
8026,,全职
8027,,实习
8028,,全职
8029,,全职
8030,,全职
8031,,全职
8032,,全职
8033,,全职
8034,,全职
8035,,全职
8036,,全职
8037,,全职
8038,,全职
8039,,全职
8040,,实习
8041,,全职
8042,,全职
8043,,实习
8044,,全职
8045,,全职
8046,,实习
8047,,全职
8048,,全职
8049,,实习
8050,,全职
8051,,全职
8052,,全职
8053,,实习
8054,,全职
8055,,全职
8056,,全职
8057,,全职
8058,,实习
8059,,全职
8060,,全职
8061,,全职
8062,,实习
8063,,全职
8064,,全职
8065,,全职
8066,,全职
8067,,全职
8068,,全职
8069,,全职
8070,,全职
8071,,全职
8072,,全职
8073,,全职
8074,,全职
8075,,实习
8076,,全职
8077,,全职
8078,,全职
8079,,全职
8080,,全职
8081,,全职
8082,,全职
8083,,全职
8084,,全职
8085,,全职
8086,,全职
8087,,实习
8088,,实习
8089,,全职
8090,,全职
8091,,全职
8092,,全职
8093,,全职
8094,,全职
8095,,全职
8096,,全职
8097,,实习
8098,,全职
8099,,全职
8100,,实习
8101,,全职
8102,,全职
8103,,全职
8104,,全职
8105,,全职
8106,,实习
8107,,全职
8108,,全职
8109,,全职
8110,,全职
8111,,实习
8112,,全职
8113,,全职
8114,,全职
8115,,全职
8116,,全职
8117,,全职
8118,,全职
8119,,全职
8120,,全职
8121,,全职
8122,,全职
8123,,全职
8124,,全职
8125,,全职
8126,,全职
8127,,全职
8128,,全职
8129,,全职
8130,,全职
8131,,全职
8132,,全职
8133,,全职
8134,,全职
8135,,全职
8136,,全职
8137,,全职
8138,,全职
8139,,全职
8140,,全职
8141,,全职
8142,,实习
8143,,全职
8144,,全职
8145,,全职
8146,,全职
8147,,全职
8148,,全职
8149,,全职
8150,,实习
8151,,全职
8152,,全职
8153,,全职
8154,,全职
8155,,全职
8156,,全职
8157,,全职
8158,,全职
8159,,全职
8160,,全职
8161,,全职
8162,,全职
8163,,全职
8164,,全职
8165,,全职
8166,,全职
8167,,全职
8168,,全职
8169,,全职
8170,,全职
8171,,全职
8172,,全职
8173,,全职
8174,,全职
8175,,全职
8176,,全职
8177,,实习
8178,,全职
8179,,全职
8180,,实习
8181,,全职
8182,,全职
8183,,全职
8184,,实习
8185,,全职
8186,,全职
8187,,全职
8188,,全职
8189,,全职
8190,,全职
8191,,全职
8192,,实习
8193,,全职
8194,,全职
8195,,全职
8196,,全职
8197,,全职
8198,,全职
8199,,全职
8200,,实习
8201,,全职
8202,,全职
8203,,全职
8204,,全职
8205,,全职
8206,,全职
8207,,全职
8208,,全职
8209,,全职
8210,,全职
8211,,全职
8212,,全职
8213,,全职
8214,,全职
8215,,全职
8216,,全职
8217,,全职
8218,,实习
8219,,实习
8220,,全职
8221,,全职
8222,,全职
8223,,全职
8224,,全职
8225,,全职
8226,,全职
8227,,全职
8228,,全职
8229,,全职
8230,,全职
8231,,全职
8232,,全职
8233,,全职
8234,,全职
8235,,全职
8236,,全职
8237,,全职
8238,,全职
8239,,全职
8240,,全职
8241,,全职
8242,,全职
8243,,全职
8244,,全职
8245,,全职
8246,,全职
8247,,全职
8248,,全职
8249,,全职
8250,,全职
8251,,全职
8252,,全职
8253,,全职
8254,,全职
8255,,全职
8256,,全职
8257,,全职
8258,,全职
8259,,全职
8260,,全职
8261,,全职
8262,,全职
8263,,全职
8264,,全职
8265,,全职
8266,,全职
8267,,全职
8268,,全职
8269,,全职
8270,,全职
8271,,全职
8272,,全职
8273,,全职
8274,,全职
8275,,全职
8276,,全职
8277,,全职
8278,,全职
8279,,全职
8280,,全职
8281,,全职
8282,,全职
8283,,全职
8284,,全职
8285,,全职
8286,,全职
8287,,全职
8288,,全职
8289,,全职
8290,,全职
8291,,全职
8292,,全职
8293,,全职
8294,,全职
8295,,全职
8296,,全职
8297,,全职
8298,,全职
8299,,全职
8300,,全职
8301,,全职
8302,,全职
8303,,全职
8304,,全职
8305,,全职
8306,,全职
8307,,全职
8308,,全职
8309,,全职
8310,,全职
8311,,全职
8312,,全职
8313,,全职
8314,,全职
8315,,全职
8316,,全职
8317,,全职
8318,,全职
8319,,全职
8320,,全职
8321,,全职
8322,,全职
8323,,全职
8324,,全职
8325,,全职
8326,,全职
8327,,全职
8328,,全职
8329,,全职
8330,,全职
8331,,全职
8332,,全职
8333,,全职
8334,,全职
8335,,全职
8336,,全职
8337,,全职
8338,,全职
8339,,全职
8340,,全职
8341,,全职
8342,,全职
8343,,全职
8344,,全职
8345,,全职
8346,,全职
8347,,全职
8348,,全职
8349,,全职
8350,,全职
8351,,全职
8352,,全职
8353,,全职
8354,,全职
8355,,全职
8356,,实习
8357,,全职
8358,,全职
8359,,全职
8360,,全职
8361,,全职
8362,,全职
8363,,全职
8364,,全职
8365,,全职
8366,,全职
8367,,全职
8368,,全职
8369,,全职
8370,,全职
8371,,全职
8372,,全职
8373,,全职
8374,,全职
8375,,全职
8376,,全职
8377,,全职
8378,,全职
8379,,全职
8380,,全职
8381,,全职
8382,,全职
8383,,全职
8384,,全职
8385,,全职
8386,,全职
8387,,全职
8388,,全职
8389,,全职
8390,,全职
8391,,全职
8392,,全职
8393,,全职
8394,,全职
8395,,全职
8396,,全职
8397,,全职
8398,,全职
8399,,全职
8400,,全职
8401,,全职
8402,,全职
8403,,全职
8404,,全职
8405,,全职
8406,,全职
8407,,全职
8408,,全职
8409,,全职
8410,,全职
8411,,全职
8412,,全职
8413,,全职
8414,,全职
8415,,全职
8416,,全职
8417,,全职
8418,,全职
8419,,全职
8420,,全职
8421,,全职
8422,,全职
8423,,全职
8424,,全职
8425,,全职
8426,,全职
8427,,全职
8428,,全职
8429,,全职
8430,,全职
8431,,全职
8432,,全职
8433,,全职
8434,,全职
8435,,全职
8436,,全职
8437,,全职
8438,,全职
8439,,全职
8440,,全职
8441,,全职
8442,,全职
8443,,全职
8444,,全职
8445,,全职
8446,,全职
8447,,全职
8448,,全职
8449,,全职
8450,,全职
8451,,全职
8452,,全职
8453,,全职
8454,,全职
8455,,全职
8456,,全职
8457,,全职
8458,,全职
8459,,全职
8460,,全职
8461,,全职
8462,,全职
8463,,全职
8464,,全职
8465,,全职
8466,,全职
8467,,全职
8468,,全职
8469,,全职
8470,,全职
8471,,全职
8472,,全职
8473,,全职
8474,,全职
8475,,全职
8476,,全职
8477,,全职
8478,,全职
8479,,全职
8480,,全职
8481,,全职
8482,,全职
8483,,全职
8484,,全职
8485,,全职
8486,,全职
8487,,全职
8488,,全职
8489,,全职
8490,,全职
8491,,全职
8492,,全职
8493,,全职
8494,,全职
8495,,全职
8496,,全职
8497,,全职
8498,,全职
8499,,全职
8500,,全职
8501,,全职
8502,,全职
8503,,全职
8504,,全职
8505,,全职
8506,,全职
8507,,全职
8508,,全职
8509,,全职
8510,,全职
8511,,全职
8512,,全职
8513,,全职
8514,,全职
8515,,全职
8516,,全职
8517,,全职
8518,,全职
8519,,全职
8520,,全职
8521,,全职
8522,,全职
8523,,全职
8524,,全职
8525,,全职
8526,,全职
8527,,全职
8528,,全职
8529,,全职
8530,,全职
8531,,全职
8532,,全职
8533,,全职
8534,,全职
8535,,全职
8536,,全职
8537,,全职
8538,,全职
8539,,全职
8540,,全职
8541,,全职
8542,,全职
8543,,全职
8544,,全职
8545,,全职
8546,,全职
8547,,全职
8548,,全职
8549,,全职
8550,,全职
8551,,全职
8552,,全职
8553,,全职
8554,,全职
8555,,全职
8556,,全职
8557,,全职
8558,,全职
8559,,全职
8560,,全职
8561,,全职
8562,,全职
8563,,全职
8564,,全职
8565,,全职
8566,,全职
8567,,全职
8568,,全职
8569,,全职
8570,,全职
8571,,全职
8572,,全职
8573,,全职
8574,,全职
8575,,全职
8576,,全职
8577,,全职
8578,,全职
8579,,全职
8580,,全职
8581,,全职
8582,,全职
8583,,全职
8584,,全职
8585,,全职
8586,,全职
8587,,全职
8588,,全职
8589,,全职
8590,,全职
8591,,全职
8592,,全职
8593,,全职
8594,,全职
8595,,全职
8596,,全职
8597,,全职
8598,,全职
8599,,全职
8600,,全职
8601,,全职
8602,,全职
8603,,全职
8604,,全职
8605,,全职
8606,,全职
8607,,全职
8608,,全职
8609,,全职
8610,,全职
8611,,全职
8612,,全职
8613,,全职
8614,,全职
8615,,全职
8616,,全职
8617,,全职
8618,,全职
8619,,全职
8620,,全职
8621,,全职
8622,,全职
8623,,全职
8624,,全职
8625,,全职
8626,,全职
8627,,全职
8628,,全职
8629,,全职
8630,,全职
8631,,全职
8632,,全职
8633,,全职
8634,,全职
8635,,全职
8636,,全职
8637,,全职
8638,,全职
8639,,全职
8640,,全职
8641,,全职
8642,,全职
8643,,全职
8644,,全职
8645,,全职
8646,,全职
8647,,全职
8648,,全职
8649,,全职
8650,,全职
8651,,全职
8652,,全职
8653,,全职
8654,,全职
8655,,全职
8656,,全职
8657,,全职
8658,,全职
8659,,全职
8660,,全职
8661,,全职
8662,,全职
8663,,全职
8664,,全职
8665,,全职
8666,,全职
8667,,全职
8668,,全职
8669,,全职
8670,,全职
8671,,全职
8672,,全职
8673,,全职
8674,,全职
8675,,全职
8676,,全职
8677,,全职
8678,,全职
8679,,全职
8680,,全职
8681,,全职
8682,,全职
8683,,全职
8684,,全职
8685,,全职
8686,,全职
8687,,全职
8688,,全职
8689,,全职
8690,,全职
8691,,全职
8692,,全职
8693,,全职
8694,,全职
8695,,全职
8696,,全职
8697,,全职
8698,,全职
8699,,全职
8700,,全职
8701,,全职
8702,,全职
8703,,全职
8704,,全职
8705,,全职
8706,,全职
8707,,全职
8708,,全职
8709,,全职
8710,,全职
8711,,全职
8712,,全职
8713,,全职
8714,,全职
8715,,全职
8716,,全职
8717,,全职
8718,,全职
8719,,全职
8720,,全职
8721,,全职
8722,,全职
8723,,全职
8724,,全职
8725,,全职
8726,,全职
8727,,全职
8728,,全职
8729,,全职
8730,,全职
8731,,全职
8732,,全职
8733,,全职
8734,,全职
8735,,全职
8736,,全职
8737,,全职
8738,,全职
8739,,全职
8740,,全职
8741,,全职
8742,,全职
8743,,全职
8744,,全职
8745,,全职
8746,,全职
8747,,全职
8748,,全职
8749,,全职
8750,,全职
8751,,全职
8752,,全职
8753,,全职
8754,,全职
8755,,全职
8756,,全职
8757,,全职
8758,,全职
8759,,全职
8760,,全职
8761,,全职
