职位id,所属类别,职位类别
0,,前端
1,,运维/技术支持
2,,前端
3,,前端
4,,运维/技术支持
5,,前端
6,,前端
7,,前端
8,,前端
9,,暂无分类
10,,前端
11,,前端
12,,前端
13,,Java
14,,前端
15,,前端
16,,前端
17,,前端
18,,前端
19,,前端
20,,前端
21,,前端
22,,前端
23,,前端
24,,前端
25,,前端
26,,电气
27,,前端
28,,前端
29,,前端
30,,前端
31,,前端
32,,前端
33,,前端
34,,前端
35,,前端
36,,测试
37,,前端
38,,前端
39,,暂无分类
40,,暂无分类
41,,前端
42,,前端
43,,前端
44,,前端
45,,前端
46,,前端
47,,前端
48,,前端
49,,前端
50,,前端
51,,前端
52,,网络/系统安全
53,,前端
54,,前端
55,,前端
56,,前端
57,,暂无分类
58,,前端
59,,前端
60,,前端
61,,前端
62,,前端
63,,硬件
64,,暂无分类
65,,暂无分类
66,,硬件
67,,前端
68,,前端
69,,暂无分类
70,,暂无分类
71,,暂无分类
72,,前端
73,,软件工程师
74,,前端
75,,前端
76,,Java
77,,前端
78,,前端
79,,前端
80,,暂无分类
81,,前端
82,,前端
83,,前端
84,,硬件
85,,Java
86,,前端
87,,运维/技术支持
88,,前端
89,,Java
90,,前端
91,,前端
92,,前端
93,,前端
94,,电气
95,,前端
96,,前端
97,,前端
98,,测试
99,,前端
100,,软件工程师
101,,前端
102,,前端
103,,暂无分类
104,,前端
105,,前端
106,,暂无分类
107,,前端
108,,前端
109,,前端
110,,暂无分类
111,,暂无分类
112,,前端
113,,前端
114,,网络/系统安全
115,,前端
116,,前端
117,,暂无分类
118,,前端
119,,暂无分类
120,,前端
121,,前端
122,,前端
123,,前端
124,,前端
125,,前端
126,,暂无分类
127,,前端
128,,前端
129,,前端
130,,前端
131,,前端
132,,暂无分类
133,,前端
134,,前端
135,,前端
136,,网络/系统安全
137,,暂无分类
138,,前端
139,,实施
140,,前端
141,,网络/系统安全
142,,前端
143,,前端
144,,前端
145,,前端
146,,数据
147,,软件工程师
148,,前端
149,,移动端
150,,前端
151,,Java
152,,暂无分类
153,,前端
154,,Java
155,,前端
156,,暂无分类
157,,前端
158,,运维/技术支持
159,,前端
160,,前端
161,,前端
162,,网络/系统安全
163,,前端
164,,前端
165,,前端
166,,运维/技术支持
167,,前端
168,,前端
169,,前端
170,,暂无分类
171,,前端
172,,运维/技术支持
173,,前端
174,,软件工程师
175,,前端
176,,前端
177,,前端
178,,暂无分类
179,,前端
180,,前端
181,,硬件
182,,前端
183,,前端
184,,前端
185,,前端
186,,前端
187,,暂无分类
188,,前端
189,,前端
190,,前端
191,,暂无分类
192,,前端
193,,前端
194,,前端
195,,运维/技术支持
196,,前端
197,,前端
198,,前端
199,,前端
200,,前端
201,,前端
202,,前端
203,,前端
204,,前端
205,,暂无分类
206,,暂无分类
207,,前端
208,,前端
209,,前端
210,,前端
211,,前端
212,,前端
213,,前端
214,,前端
215,,网络/系统安全
216,,前端
217,,软件工程师
218,,暂无分类
219,,暂无分类
220,,前端
221,,暂无分类
222,,软件工程师
223,,移动端
224,,Java
225,,前端
226,,前端
227,,电气
228,,前端
229,,Java
230,,前端
231,,前端
232,,运维/技术支持
233,,前端
234,,暂无分类
235,,Java
236,,暂无分类
237,,暂无分类
238,,暂无分类
239,,前端
240,,前端
241,,硬件
242,,前端
243,,前端
244,,前端
245,,移动端
246,,前端
247,,网络/系统安全
248,,前端
249,,前端
250,,前端
251,,前端
252,,前端
253,,暂无分类
254,,前端
255,,软件工程师
256,,暂无分类
257,,运维/技术支持
258,,暂无分类
259,,前端
260,,暂无分类
261,,暂无分类
262,,软件工程师
263,,运维/技术支持
264,,前端
265,,前端
266,,前端
267,,暂无分类
268,,暂无分类
269,,暂无分类
270,,数据
271,,前端
272,,暂无分类
273,,实施
274,,前端
275,,前端
276,,前端
277,,前端
278,,暂无分类
279,,暂无分类
280,,前端
281,,运维/技术支持
282,,前端
283,,前端
284,,前端
285,,暂无分类
286,,前端
287,,前端
288,,前端
289,,前端
290,,前端
291,,前端
292,,前端
293,,前端
294,,电气
295,,软件工程师
296,,前端
297,,前端
298,,硬件
299,,Java
300,,前端
301,,前端
302,,前端
303,,前端
304,,前端
305,,测试
306,,硬件
307,,暂无分类
308,,前端
309,,前端
310,,前端
311,,前端
312,,前端
313,,前端
314,,前端
315,,前端
316,,暂无分类
317,,前端
318,,前端
319,,暂无分类
320,,Java
321,,软件工程师
322,,暂无分类
323,,前端
324,,软件工程师
325,,前端
326,,前端
327,,前端
328,,前端
329,,前端
330,,前端
331,,前端
332,,前端
333,,前端
334,,软件工程师
335,,前端
336,,运维/技术支持
337,,前端
338,,前端
339,,前端
340,,前端
341,,前端
342,,前端
343,,前端
344,,前端
345,,暂无分类
346,,暂无分类
347,,前端
348,,前端
349,,软件工程师
350,,前端
351,,前端
352,,前端
353,,运维/技术支持
354,,前端
355,,前端
356,,前端
357,,前端
358,,前端
359,,前端
360,,前端
361,,前端
362,,前端
363,,前端
364,,前端
365,,暂无分类
366,,暂无分类
367,,前端
368,,暂无分类
369,,移动端
370,,前端
371,,暂无分类
372,,前端
373,,软件工程师
374,,网络/系统安全
375,,前端
376,,前端
377,,Java
378,,前端
379,,前端
380,,运维/技术支持
381,,前端
382,,前端
383,,前端
384,,运维/技术支持
385,,前端
386,,软件工程师
387,,前端
388,,Java
389,,前端
390,,前端
391,,移动端
392,,前端
393,,前端
394,,前端
395,,实施
396,,硬件
397,,前端
398,,前端
399,,前端
400,,前端
401,,前端
402,,软件工程师
403,,前端
404,,前端
405,,前端
406,,前端
407,,暂无分类
408,,网络/系统安全
409,,前端
410,,前端
411,,前端
412,,前端
413,,前端
414,,移动端
415,,前端
416,,前端
417,,前端
418,,前端
419,,暂无分类
420,,前端
421,,前端
422,,暂无分类
423,,前端
424,,前端
425,,暂无分类
426,,前端
427,,前端
428,,前端
429,,前端
430,,前端
431,,前端
432,,前端
433,,前端
434,,前端
435,,前端
436,,前端
437,,前端
438,,前端
439,,前端
440,,前端
441,,前端
442,,前端
443,,前端
444,,前端
445,,前端
446,,暂无分类
447,,前端
448,,网络/系统安全
449,,前端
450,,运维/技术支持
451,,前端
452,,前端
453,,前端
454,,前端
455,,暂无分类
456,,前端
457,,前端
458,,前端
459,,前端
460,,前端
461,,前端
462,,前端
463,,前端
464,,前端
465,,前端
466,,前端
467,,暂无分类
468,,Java
469,,前端
470,,前端
471,,暂无分类
472,,网络/系统安全
473,,暂无分类
474,,暂无分类
475,,暂无分类
476,,运维/技术支持
477,,暂无分类
478,,移动端
479,,网络/系统安全
480,,运维/技术支持
481,,暂无分类
482,,暂无分类
483,,数据
484,,运维/技术支持
485,,暂无分类
486,,运维/技术支持
487,,暂无分类
488,,网络/系统安全
489,,暂无分类
490,,硬件
491,,运维/技术支持
492,,运维/技术支持
493,,电气
494,,硬件
495,,测试
496,,运维/技术支持
497,,暂无分类
498,,暂无分类
499,,暂无分类
500,,暂无分类
501,,运维/技术支持
502,,运维/技术支持
503,,测试
504,,暂无分类
505,,Java
506,,暂无分类
507,,暂无分类
508,,运维/技术支持
509,,前端
510,,前端
511,,前端
512,,前端
513,,前端
514,,前端
515,,前端
516,,前端
517,,前端
518,,前端
519,,前端
520,,前端
521,,前端
522,,前端
523,,前端
524,,前端
525,,前端
526,,前端
527,,前端
528,,前端
529,,前端
530,,前端
531,,前端
532,,前端
533,,前端
534,,前端
535,,前端
536,,前端
537,,前端
538,,前端
539,,前端
540,,前端
541,,前端
542,,前端
543,,前端
544,,前端
545,,前端
546,,前端
547,,前端
548,,前端
549,,前端
550,,前端
551,,前端
552,,前端
553,,前端
554,,前端
555,,前端
556,,前端
557,,前端
558,,前端
559,,前端
560,,前端
561,,前端
562,,前端
563,,前端
564,,前端
565,,前端
566,,前端
567,,前端
568,,前端
569,,前端
570,,前端
571,,前端
572,,前端
573,,前端
574,,前端
575,,前端
576,,前端
577,,前端
578,,前端
579,,前端
580,,前端
581,,前端
582,,前端
583,,前端
584,,前端
585,,前端
586,,前端
587,,前端
588,,前端
589,,前端
590,,前端
591,,前端
592,,前端
593,,前端
594,,前端
595,,前端
596,,前端
597,,前端
598,,前端
599,,前端
600,,前端
601,,前端
602,,前端
603,,前端
604,,前端
605,,前端
606,,前端
607,,前端
608,,前端
609,,前端
610,,前端
611,,前端
612,,前端
613,,前端
614,,前端
615,,前端
616,,前端
617,,前端
618,,前端
619,,前端
620,,前端
621,,前端
622,,前端
623,,前端
624,,前端
625,,前端
626,,前端
627,,前端
628,,前端
629,,前端
630,,前端
631,,前端
632,,前端
633,,前端
634,,前端
635,,前端
636,,前端
637,,前端
638,,前端
639,,前端
640,,前端
641,,前端
642,,前端
643,,前端
644,,前端
645,,前端
646,,前端
647,,前端
648,,前端
649,,前端
650,,前端
651,,前端
652,,前端
653,,前端
654,,前端
655,,前端
656,,前端
657,,前端
658,,前端
659,,前端
660,,前端
661,,前端
662,,前端
663,,前端
664,,前端
665,,前端
666,,前端
667,,前端
668,,前端
669,,前端
670,,前端
671,,前端
672,,前端
673,,前端
674,,前端
675,,前端
676,,前端
677,,前端
678,,前端
679,,前端
680,,前端
681,,前端
682,,前端
683,,前端
684,,前端
685,,前端
686,,前端
687,,前端
688,,前端
689,,前端
690,,前端
691,,前端
692,,前端
693,,前端
694,,前端
695,,前端
696,,前端
697,,前端
698,,前端
699,,前端
700,,前端
701,,前端
702,,前端
703,,前端
704,,前端
705,,前端
706,,前端
707,,前端
708,,前端
709,,前端
710,,前端
711,,前端
712,,前端
713,,前端
714,,前端
715,,前端
716,,前端
717,,前端
718,,前端
719,,前端
720,,前端
721,,前端
722,,前端
723,,前端
724,,前端
725,,前端
726,,前端
727,,前端
728,,前端
729,,前端
730,,前端
731,,前端
732,,前端
733,,前端
734,,前端
735,,前端
736,,前端
737,,前端
738,,前端
739,,前端
740,,前端
741,,前端
742,,前端
743,,前端
744,,前端
745,,前端
746,,前端
747,,前端
748,,前端
749,,前端
750,,前端
751,,前端
752,,前端
753,,前端
754,,前端
755,,前端
756,,前端
757,,前端
758,,前端
759,,前端
760,,前端
761,,前端
762,,前端
763,,前端
764,,前端
765,,前端
766,,前端
767,,前端
768,,前端
769,,前端
770,,前端
771,,前端
772,,前端
773,,前端
774,,前端
775,,前端
776,,前端
777,,前端
778,,前端
779,,前端
780,,前端
781,,前端
782,,前端
783,,移动端
784,,前端
785,,前端
786,,前端
787,,前端
788,,前端
789,,前端
790,,前端
791,,前端
792,,前端
793,,前端
794,,前端
795,,前端
796,,前端
797,,前端
798,,前端
799,,前端
800,,前端
801,,前端
802,,前端
803,,前端
804,,前端
805,,前端
806,,前端
807,,前端
808,,前端
809,,前端
810,,前端
811,,前端
812,,前端
813,,前端
814,,前端
815,,前端
816,,前端
817,,前端
818,,前端
819,,前端
820,,前端
821,,前端
822,,前端
823,,前端
824,,前端
825,,前端
826,,前端
827,,前端
828,,前端
829,,前端
830,,前端
831,,前端
832,,前端
833,,前端
834,,前端
835,,前端
836,,前端
837,,前端
838,,前端
839,,前端
840,,前端
841,,前端
842,,前端
843,,前端
844,,前端
845,,前端
846,,前端
847,,前端
848,,前端
849,,前端
850,,前端
851,,前端
852,,前端
853,,前端
854,,前端
855,,前端
856,,前端
857,,前端
858,,前端
859,,前端
860,,前端
861,,前端
862,,前端
863,,前端
864,,前端
865,,前端
866,,前端
867,,前端
868,,前端
869,,前端
870,,前端
871,,前端
872,,前端
873,,前端
874,,前端
875,,前端
876,,前端
877,,前端
878,,前端
879,,前端
880,,前端
881,,前端
882,,前端
883,,前端
884,,前端
885,,前端
886,,前端
887,,前端
888,,前端
889,,前端
890,,前端
891,,前端
892,,前端
893,,前端
894,,前端
895,,前端
896,,前端
897,,前端
898,,前端
899,,前端
900,,前端
901,,前端
902,,前端
903,,前端
904,,前端
905,,前端
906,,前端
907,,前端
908,,前端
909,,前端
910,,前端
911,,前端
912,,前端
913,,前端
914,,前端
915,,前端
916,,前端
917,,前端
918,,前端
919,,前端
920,,前端
921,,前端
922,,前端
923,,前端
924,,前端
925,,前端
926,,前端
927,,前端
928,,前端
929,,前端
930,,前端
931,,前端
932,,前端
933,,前端
934,,前端
935,,前端
936,,前端
937,,前端
938,,前端
939,,前端
940,,前端
941,,前端
942,,前端
943,,前端
944,,前端
945,,前端
946,,前端
947,,前端
948,,前端
949,,前端
950,,前端
951,,前端
952,,前端
953,,前端
954,,前端
955,,前端
956,,前端
957,,前端
958,,前端
959,,前端
960,,前端
961,,前端
962,,前端
963,,前端
964,,前端
965,,前端
966,,前端
967,,前端
968,,前端
969,,前端
970,,前端
971,,前端
972,,前端
973,,前端
974,,前端
975,,前端
976,,前端
977,,前端
978,,前端
979,,前端
980,,前端
981,,前端
982,,前端
983,,前端
984,,前端
985,,前端
986,,前端
987,,前端
988,,前端
989,,前端
990,,前端
991,,前端
992,,前端
993,,前端
994,,前端
995,,前端
996,,前端
997,,前端
998,,前端
999,,前端
1000,,前端
1001,,前端
1002,,前端
1003,,前端
1004,,前端
1005,,前端
1006,,前端
1007,,前端
1008,,前端
1009,,前端
1010,,前端
1011,,前端
1012,,前端
1013,,前端
1014,,前端
1015,,前端
1016,,前端
1017,,前端
1018,,前端
1019,,前端
1020,,前端
1021,,前端
1022,,前端
1023,,前端
1024,,前端
1025,,前端
1026,,前端
1027,,前端
1028,,前端
1029,,前端
1030,,前端
1031,,前端
1032,,前端
1033,,前端
1034,,前端
1035,,前端
1036,,前端
1037,,前端
1038,,前端
1039,,前端
1040,,前端
1041,,前端
1042,,前端
1043,,前端
1044,,前端
1045,,前端
1046,,前端
1047,,前端
1048,,前端
1049,,前端
1050,,前端
1051,,前端
1052,,前端
1053,,前端
1054,,前端
1055,,前端
1056,,前端
1057,,前端
1058,,前端
1059,,前端
1060,,前端
1061,,前端
1062,,前端
1063,,前端
1064,,前端
1065,,前端
1066,,前端
1067,,前端
1068,,前端
1069,,前端
1070,,前端
1071,,前端
1072,,前端
1073,,前端
1074,,前端
1075,,前端
1076,,前端
1077,,前端
1078,,前端
1079,,前端
1080,,前端
1081,,前端
1082,,前端
1083,,前端
1084,,前端
1085,,前端
1086,,前端
1087,,前端
1088,,前端
1089,,前端
1090,,前端
1091,,前端
1092,,前端
1093,,前端
1094,,前端
1095,,前端
1096,,前端
1097,,前端
1098,,前端
1099,,前端
1100,,前端
1101,,前端
1102,,前端
1103,,前端
1104,,前端
1105,,前端
1106,,前端
1107,,前端
1108,,前端
1109,,前端
1110,,前端
1111,,前端
1112,,前端
1113,,前端
1114,,前端
1115,,前端
1116,,前端
1117,,前端
1118,,前端
1119,,前端
1120,,前端
1121,,前端
1122,,前端
1123,,前端
1124,,前端
1125,,前端
1126,,前端
1127,,前端
1128,,前端
1129,,前端
1130,,前端
1131,,前端
1132,,前端
1133,,前端
1134,,前端
1135,,前端
1136,,前端
1137,,前端
1138,,前端
1139,,前端
1140,,前端
1141,,前端
1142,,前端
1143,,前端
1144,,前端
1145,,前端
1146,,前端
1147,,前端
1148,,前端
1149,,前端
1150,,前端
1151,,前端
1152,,前端
1153,,前端
1154,,前端
1155,,前端
1156,,前端
1157,,前端
1158,,前端
1159,,前端
1160,,前端
1161,,前端
1162,,前端
1163,,前端
1164,,前端
1165,,前端
1166,,前端
1167,,前端
1168,,前端
1169,,前端
1170,,前端
1171,,前端
1172,,前端
1173,,前端
1174,,前端
1175,,前端
1176,,前端
1177,,前端
1178,,前端
1179,,前端
1180,,前端
1181,,前端
1182,,前端
1183,,前端
1184,,前端
1185,,前端
1186,,前端
1187,,前端
1188,,前端
1189,,前端
1190,,前端
1191,,前端
1192,,前端
1193,,前端
1194,,前端
1195,,前端
1196,,前端
1197,,前端
1198,,前端
1199,,前端
1200,,前端
1201,,前端
1202,,前端
1203,,前端
1204,,前端
1205,,前端
1206,,前端
1207,,前端
1208,,前端
1209,,前端
1210,,前端
1211,,前端
1212,,前端
1213,,前端
1214,,前端
1215,,前端
1216,,前端
1217,,前端
1218,,前端
1219,,前端
1220,,前端
1221,,前端
1222,,前端
1223,,前端
1224,,前端
1225,,前端
1226,,前端
1227,,前端
1228,,前端
1229,,前端
1230,,前端
1231,,前端
1232,,前端
1233,,前端
1234,,前端
1235,,前端
1236,,前端
1237,,前端
1238,,前端
1239,,前端
1240,,前端
1241,,前端
1242,,前端
1243,,前端
1244,,前端
1245,,前端
1246,,前端
1247,,前端
1248,,前端
1249,,前端
1250,,前端
1251,,前端
1252,,前端
1253,,前端
1254,,前端
1255,,前端
1256,,前端
1257,,前端
1258,,前端
1259,,前端
1260,,前端
1261,,前端
1262,,前端
1263,,前端
1264,,前端
1265,,前端
1266,,前端
1267,,前端
1268,,前端
1269,,前端
1270,,前端
1271,,前端
1272,,前端
1273,,前端
1274,,前端
1275,,前端
1276,,前端
1277,,前端
1278,,前端
1279,,前端
1280,,前端
1281,,前端
1282,,前端
1283,,前端
1284,,前端
1285,,前端
1286,,前端
1287,,前端
1288,,前端
1289,,前端
1290,,前端
1291,,前端
1292,,前端
1293,,前端
1294,,前端
1295,,前端
1296,,前端
1297,,前端
1298,,前端
1299,,前端
1300,,前端
1301,,前端
1302,,前端
1303,,前端
1304,,前端
1305,,前端
1306,,前端
1307,,前端
1308,,前端
1309,,前端
1310,,前端
1311,,前端
1312,,前端
1313,,前端
1314,,前端
1315,,前端
1316,,前端
1317,,前端
1318,,前端
1319,,前端
1320,,前端
1321,,前端
1322,,前端
1323,,前端
1324,,前端
1325,,前端
1326,,前端
1327,,前端
1328,,前端
1329,,前端
1330,,前端
1331,,前端
1332,,前端
1333,,前端
1334,,前端
1335,,前端
1336,,前端
1337,,前端
1338,,前端
1339,,前端
1340,,前端
1341,,前端
1342,,前端
1343,,前端
1344,,前端
1345,,前端
1346,,前端
1347,,前端
1348,,前端
1349,,前端
1350,,前端
1351,,前端
1352,,前端
1353,,前端
1354,,前端
1355,,前端
1356,,前端
1357,,前端
1358,,前端
1359,,前端
1360,,前端
1361,,前端
1362,,前端
1363,,前端
1364,,前端
1365,,前端
1366,,前端
1367,,前端
1368,,前端
1369,,前端
1370,,前端
1371,,前端
1372,,前端
1373,,前端
1374,,前端
1375,,前端
1376,,前端
1377,,前端
1378,,前端
1379,,前端
1380,,前端
1381,,前端
1382,,前端
1383,,前端
1384,,前端
1385,,前端
1386,,前端
1387,,前端
1388,,前端
1389,,前端
1390,,前端
1391,,前端
1392,,前端
1393,,前端
1394,,前端
1395,,前端
1396,,前端
1397,,前端
1398,,前端
1399,,前端
1400,,前端
1401,,前端
1402,,前端
1403,,前端
1404,,前端
1405,,前端
1406,,移动端
1407,,前端
1408,,前端
1409,,前端
1410,,前端
1411,,前端
1412,,前端
1413,,前端
1414,,前端
1415,,前端
1416,,前端
1417,,前端
1418,,前端
1419,,前端
1420,,前端
1421,,前端
1422,,前端
1423,,前端
1424,,前端
1425,,前端
1426,,前端
1427,,前端
1428,,前端
1429,,前端
1430,,前端
1431,,前端
1432,,前端
1433,,前端
1434,,前端
1435,,前端
1436,,前端
1437,,前端
1438,,前端
1439,,前端
1440,,前端
1441,,前端
1442,,前端
1443,,前端
1444,,前端
1445,,前端
1446,,前端
1447,,前端
1448,,前端
1449,,前端
1450,,前端
1451,,前端
1452,,前端
1453,,前端
1454,,前端
1455,,前端
1456,,前端
1457,,前端
1458,,前端
1459,,前端
1460,,前端
1461,,前端
1462,,前端
1463,,前端
1464,,前端
1465,,前端
1466,,前端
1467,,前端
1468,,前端
1469,,前端
1470,,前端
1471,,前端
1472,,前端
1473,,前端
1474,,前端
1475,,前端
1476,,前端
1477,,前端
1478,,前端
1479,,前端
1480,,前端
1481,,前端
1482,,前端
1483,,前端
1484,,前端
1485,,前端
1486,,前端
1487,,前端
1488,,前端
1489,,前端
1490,,前端
1491,,前端
1492,,前端
1493,,前端
1494,,前端
1495,,前端
1496,,前端
1497,,前端
1498,,前端
1499,,前端
1500,,前端
1501,,前端
1502,,前端
1503,,前端
1504,,前端
1505,,前端
1506,,前端
1507,,前端
1508,,前端
1509,,前端
1510,,前端
1511,,前端
1512,,前端
1513,,前端
1514,,前端
1515,,前端
1516,,前端
1517,,前端
1518,,前端
1519,,前端
1520,,前端
1521,,前端
1522,,前端
1523,,前端
1524,,前端
1525,,前端
1526,,前端
1527,,前端
1528,,前端
1529,,前端
1530,,前端
1531,,前端
1532,,前端
1533,,前端
1534,,前端
1535,,前端
1536,,前端
1537,,前端
1538,,前端
1539,,前端
1540,,前端
1541,,前端
1542,,前端
1543,,前端
1544,,前端
1545,,前端
1546,,前端
1547,,前端
1548,,前端
1549,,前端
1550,,前端
1551,,前端
1552,,前端
1553,,前端
1554,,前端
1555,,前端
1556,,前端
1557,,前端
1558,,前端
1559,,前端
1560,,前端
1561,,前端
1562,,前端
1563,,网络/系统安全
1564,,网络/系统安全
1565,,运维/技术支持
1566,,教师
1567,,教师
1568,,暂无分类
1569,,网络/系统安全
1570,,软件工程师
1571,,暂无分类
1572,,网络/系统安全
1573,,网络/系统安全
1574,,网络/系统安全
1575,,网络/系统安全
1576,,教师
1577,,网络/系统安全
1578,,网络/系统安全
1579,,网络/系统安全
1580,,暂无分类
1581,,暂无分类
1582,,教师
1583,,网络/系统安全
1584,,教师
1585,,网络/系统安全
1586,,网络/系统安全
1587,,网络/系统安全
1588,,暂无分类
1589,,暂无分类
1590,,暂无分类
1591,,网络/系统安全
1592,,网络/系统安全
1593,,暂无分类
1594,,数据
1595,,暂无分类
1596,,网络/系统安全
1597,,教师
1598,,暂无分类
1599,,暂无分类
1600,,教师
1601,,网络/系统安全
1602,,暂无分类
1603,,教师
1604,,暂无分类
1605,,教师
1606,,网络/系统安全
1607,,教师
1608,,暂无分类
1609,,运维/技术支持
1610,,暂无分类
1611,,暂无分类
1612,,教师
1613,,暂无分类
1614,,暂无分类
1615,,运维/技术支持
1616,,教师
1617,,网络/系统安全
1618,,暂无分类
1619,,暂无分类
1620,,网络/系统安全
1621,,网络/系统安全
1622,,网络/系统安全
1623,,教师
1624,,教师
1625,,网络/系统安全
1626,,网络/系统安全
1627,,网络/系统安全
1628,,暂无分类
1629,,教师
1630,,网络/系统安全
1631,,网络/系统安全
1632,,教师
1633,,网络/系统安全
1634,,教师
1635,,销售
1636,,暂无分类
1637,,网络/系统安全
1638,,教师
1639,,网络/系统安全
1640,,暂无分类
1641,,销售
1642,,网络/系统安全
1643,,网络/系统安全
1644,,暂无分类
1645,,教师
1646,,网络/系统安全
1647,,暂无分类
1648,,测试
1649,,软件工程师
1650,,暂无分类
1651,,网络/系统安全
1652,,硬件
1653,,网络/系统安全
1654,,教师
1655,,销售
1656,,暂无分类
1657,,网络/系统安全
1658,,网络/系统安全
1659,,网络/系统安全
1660,,网络/系统安全
1661,,网络/系统安全
1662,,销售
1663,,网络/系统安全
1664,,暂无分类
1665,,网络/系统安全
1666,,网络/系统安全
1667,,暂无分类
1668,,网络/系统安全
1669,,网络/系统安全
1670,,暂无分类
1671,,运维/技术支持
1672,,销售
1673,,暂无分类
1674,,运维/技术支持
1675,,暂无分类
1676,,网络/系统安全
1677,,网络/系统安全
1678,,网络/系统安全
1679,,网络/系统安全
1680,,网络/系统安全
1681,,网络/系统安全
1682,,网络/系统安全
1683,,暂无分类
1684,,网络/系统安全
1685,,网络/系统安全
1686,,销售
1687,,运维/技术支持
1688,,教师
1689,,网络/系统安全
1690,,网络/系统安全
1691,,网络/系统安全
1692,,教师
1693,,销售
1694,,网络/系统安全
1695,,教师
1696,,网络/系统安全
1697,,网络/系统安全
1698,,网络/系统安全
1699,,网络/系统安全
1700,,网络/系统安全
1701,,网络/系统安全
1702,,网络/系统安全
1703,,网络/系统安全
1704,,网络/系统安全
1705,,网络/系统安全
1706,,网络/系统安全
1707,,暂无分类
1708,,暂无分类
1709,,网络/系统安全
1710,,网络/系统安全
1711,,暂无分类
1712,,硬件
1713,,网络/系统安全
1714,,运维/技术支持
1715,,网络/系统安全
1716,,暂无分类
1717,,网络/系统安全
1718,,网络/系统安全
1719,,销售
1720,,暂无分类
1721,,网络/系统安全
1722,,网络/系统安全
1723,,销售
1724,,教师
1725,,暂无分类
1726,,暂无分类
1727,,网络/系统安全
1728,,网络/系统安全
1729,,网络/系统安全
1730,,网络/系统安全
1731,,网络/系统安全
1732,,网络/系统安全
1733,,网络/系统安全
1734,,暂无分类
1735,,网络/系统安全
1736,,暂无分类
1737,,网络/系统安全
1738,,暂无分类
1739,,网络/系统安全
1740,,网络/系统安全
1741,,网络/系统安全
1742,,网络/系统安全
1743,,暂无分类
1744,,网络/系统安全
1745,,网络/系统安全
1746,,教师
1747,,网络/系统安全
1748,,运维/技术支持
1749,,网络/系统安全
1750,,网络/系统安全
1751,,网络/系统安全
1752,,网络/系统安全
1753,,网络/系统安全
1754,,网络/系统安全
1755,,网络/系统安全
1756,,网络/系统安全
1757,,网络/系统安全
1758,,网络/系统安全
1759,,网络/系统安全
1760,,暂无分类
1761,,网络/系统安全
1762,,暂无分类
1763,,暂无分类
1764,,网络/系统安全
1765,,网络/系统安全
1766,,网络/系统安全
1767,,网络/系统安全
1768,,网络/系统安全
1769,,网络/系统安全
1770,,网络/系统安全
1771,,网络/系统安全
1772,,网络/系统安全
1773,,网络/系统安全
1774,,暂无分类
1775,,暂无分类
1776,,网络/系统安全
1777,,网络/系统安全
1778,,网络/系统安全
1779,,网络/系统安全
1780,,网络/系统安全
1781,,销售
1782,,网络/系统安全
1783,,网络/系统安全
1784,,网络/系统安全
1785,,网络/系统安全
1786,,网络/系统安全
1787,,网络/系统安全
1788,,网络/系统安全
1789,,网络/系统安全
1790,,网络/系统安全
1791,,网络/系统安全
1792,,网络/系统安全
1793,,网络/系统安全
1794,,网络/系统安全
1795,,销售
1796,,网络/系统安全
1797,,网络/系统安全
1798,,网络/系统安全
1799,,网络/系统安全
1800,,网络/系统安全
1801,,暂无分类
1802,,网络/系统安全
1803,,销售
1804,,网络/系统安全
1805,,销售
1806,,网络/系统安全
1807,,硬件
1808,,销售
1809,,网络/系统安全
1810,,网络/系统安全
1811,,网络/系统安全
1812,,网络/系统安全
1813,,网络/系统安全
1814,,网络/系统安全
1815,,网络/系统安全
1816,,暂无分类
1817,,网络/系统安全
1818,,网络/系统安全
1819,,网络/系统安全
1820,,网络/系统安全
1821,,网络/系统安全
1822,,网络/系统安全
1823,,网络/系统安全
1824,,网络/系统安全
1825,,网络/系统安全
1826,,网络/系统安全
1827,,网络/系统安全
1828,,网络/系统安全
1829,,网络/系统安全
1830,,网络/系统安全
1831,,网络/系统安全
1832,,网络/系统安全
1833,,暂无分类
1834,,网络/系统安全
1835,,暂无分类
1836,,暂无分类
1837,,网络/系统安全
1838,,教师
1839,,暂无分类
1840,,网络/系统安全
1841,,暂无分类
1842,,暂无分类
1843,,教师
1844,,暂无分类
1845,,网络/系统安全
1846,,网络/系统安全
1847,,教师
1848,,暂无分类
1849,,暂无分类
1850,,网络/系统安全
1851,,暂无分类
1852,,硬件
1853,,暂无分类
1854,,网络/系统安全
1855,,网络/系统安全
1856,,暂无分类
1857,,教师
1858,,网络/系统安全
1859,,暂无分类
1860,,暂无分类
1861,,教师
1862,,网络/系统安全
1863,,网络/系统安全
1864,,网络/系统安全
1865,,网络/系统安全
1866,,网络/系统安全
1867,,网络/系统安全
1868,,运维/技术支持
1869,,网络/系统安全
1870,,暂无分类
1871,,教师
1872,,暂无分类
1873,,暂无分类
1874,,暂无分类
1875,,网络/系统安全
1876,,网络/系统安全
1877,,网络/系统安全
1878,,硬件
1879,,网络/系统安全
1880,,网络/系统安全
1881,,教师
1882,,软件工程师
1883,,教师
1884,,网络/系统安全
1885,,网络/系统安全
1886,,网络/系统安全
1887,,网络/系统安全
1888,,网络/系统安全
1889,,网络/系统安全
1890,,暂无分类
1891,,网络/系统安全
1892,,暂无分类
1893,,网络/系统安全
1894,,教师
1895,,运维/技术支持
1896,,网络/系统安全
1897,,网络/系统安全
1898,,暂无分类
1899,,网络/系统安全
1900,,网络/系统安全
1901,,运维/技术支持
1902,,网络/系统安全
1903,,网络/系统安全
1904,,暂无分类
1905,,暂无分类
1906,,运维/技术支持
1907,,网络/系统安全
1908,,暂无分类
1909,,暂无分类
1910,,网络/系统安全
1911,,教师
1912,,网络/系统安全
1913,,硬件
1914,,网络/系统安全
1915,,网络/系统安全
1916,,网络/系统安全
1917,,网络/系统安全
1918,,网络/系统安全
1919,,硬件
1920,,网络/系统安全
1921,,网络/系统安全
1922,,暂无分类
1923,,运维/技术支持
1924,,网络/系统安全
1925,,网络/系统安全
1926,,暂无分类
1927,,教师
1928,,教师
1929,,暂无分类
1930,,硬件
1931,,网络/系统安全
1932,,网络/系统安全
1933,,网络/系统安全
1934,,网络/系统安全
1935,,教师
1936,,网络/系统安全
1937,,暂无分类
1938,,暂无分类
1939,,网络/系统安全
1940,,教师
1941,,硬件
1942,,暂无分类
1943,,暂无分类
1944,,暂无分类
1945,,暂无分类
1946,,暂无分类
1947,,教师
1948,,网络/系统安全
1949,,网络/系统安全
1950,,运维/技术支持
1951,,网络/系统安全
1952,,暂无分类
1953,,暂无分类
1954,,数据
1955,,教师
1956,,网络/系统安全
1957,,暂无分类
1958,,暂无分类
1959,,网络/系统安全
1960,,暂无分类
1961,,暂无分类
1962,,暂无分类
1963,,硬件
1964,,暂无分类
1965,,暂无分类
1966,,暂无分类
1967,,暂无分类
1968,,网络/系统安全
1969,,暂无分类
1970,,网络/系统安全
1971,,暂无分类
1972,,网络/系统安全
1973,,网络/系统安全
1974,,暂无分类
1975,,教师
1976,,硬件
1977,,网络/系统安全
1978,,网络/系统安全
1979,,网络/系统安全
1980,,网络/系统安全
1981,,网络/系统安全
1982,,硬件
1983,,网络/系统安全
1984,,网络/系统安全
1985,,网络/系统安全
1986,,网络/系统安全
1987,,网络/系统安全
1988,,教师
1989,,暂无分类
1990,,网络/系统安全
1991,,网络/系统安全
1992,,运维/技术支持
1993,,网络/系统安全
1994,,网络/系统安全
1995,,网络/系统安全
1996,,运维/技术支持
1997,,暂无分类
1998,,暂无分类
1999,,网络/系统安全
2000,,运维/技术支持
2001,,网络/系统安全
2002,,暂无分类
2003,,暂无分类
2004,,网络/系统安全
2005,,网络/系统安全
2006,,暂无分类
2007,,网络/系统安全
2008,,网络/系统安全
2009,,运维/技术支持
2010,,暂无分类
2011,,网络/系统安全
2012,,网络/系统安全
2013,,教师
2014,,网络/系统安全
2015,,网络/系统安全
2016,,运维/技术支持
2017,,网络/系统安全
2018,,暂无分类
2019,,网络/系统安全
2020,,网络/系统安全
2021,,暂无分类
2022,,网络/系统安全
2023,,运维/技术支持
2024,,硬件
2025,,硬件
2026,,运维/技术支持
2027,,网络/系统安全
2028,,网络/系统安全
2029,,暂无分类
2030,,网络/系统安全
2031,,网络/系统安全
2032,,硬件
2033,,暂无分类
2034,,网络/系统安全
2035,,网络/系统安全
2036,,网络/系统安全
2037,,网络/系统安全
2038,,暂无分类
2039,,网络/系统安全
2040,,网络/系统安全
2041,,运维/技术支持
2042,,网络/系统安全
2043,,网络/系统安全
2044,,网络/系统安全
2045,,网络/系统安全
2046,,网络/系统安全
2047,,运维/技术支持
2048,,暂无分类
2049,,网络/系统安全
2050,,暂无分类
2051,,网络/系统安全
2052,,运维/技术支持
2053,,网络/系统安全
2054,,网络/系统安全
2055,,网络/系统安全
2056,,网络/系统安全
2057,,暂无分类
2058,,网络/系统安全
2059,,运维/技术支持
2060,,网络/系统安全
2061,,网络/系统安全
2062,,教师
2063,,网络/系统安全
2064,,网络/系统安全
2065,,暂无分类
2066,,网络/系统安全
2067,,网络/系统安全
2068,,网络/系统安全
2069,,网络/系统安全
2070,,暂无分类
2071,,网络/系统安全
2072,,网络/系统安全
2073,,网络/系统安全
2074,,网络/系统安全
2075,,暂无分类
2076,,网络/系统安全
2077,,运维/技术支持
2078,,暂无分类
2079,,暂无分类
2080,,网络/系统安全
2081,,暂无分类
2082,,暂无分类
2083,,暂无分类
2084,,暂无分类
2085,,暂无分类
2086,,网络/系统安全
2087,,网络/系统安全
2088,,网络/系统安全
2089,,网络/系统安全
2090,,暂无分类
2091,,网络/系统安全
2092,,网络/系统安全
2093,,网络/系统安全
2094,,教师
2095,,网络/系统安全
2096,,暂无分类
2097,,网络/系统安全
2098,,网络/系统安全
2099,,暂无分类
2100,,暂无分类
2101,,暂无分类
2102,,软件工程师
2103,,暂无分类
2104,,网络/系统安全
2105,,暂无分类
2106,,网络/系统安全
2107,,暂无分类
2108,,硬件
2109,,网络/系统安全
2110,,暂无分类
2111,,运维/技术支持
2112,,网络/系统安全
2113,,网络/系统安全
2114,,教师
2115,,硬件
2116,,运维/技术支持
2117,,网络/系统安全
2118,,教师
2119,,教师
2120,,网络/系统安全
2121,,网络/系统安全
2122,,网络/系统安全
2123,,教师
2124,,暂无分类
2125,,网络/系统安全
2126,,运维/技术支持
2127,,暂无分类
2128,,硬件
2129,,网络/系统安全
2130,,教师
2131,,网络/系统安全
2132,,运维/技术支持
2133,,网络/系统安全
2134,,网络/系统安全
2135,,网络/系统安全
2136,,网络/系统安全
2137,,网络/系统安全
2138,,网络/系统安全
2139,,网络/系统安全
2140,,暂无分类
2141,,暂无分类
2142,,网络/系统安全
2143,,网络/系统安全
2144,,教师
2145,,网络/系统安全
2146,,暂无分类
2147,,暂无分类
2148,,暂无分类
2149,,暂无分类
2150,,网络/系统安全
2151,,教师
2152,,网络/系统安全
2153,,教师
2154,,网络/系统安全
2155,,运维/技术支持
2156,,网络/系统安全
2157,,暂无分类
2158,,暂无分类
2159,,网络/系统安全
2160,,网络/系统安全
2161,,暂无分类
2162,,暂无分类
2163,,网络/系统安全
2164,,暂无分类
2165,,销售
2166,,运维/技术支持
2167,,硬件
2168,,网络/系统安全
2169,,硬件
2170,,网络/系统安全
2171,,暂无分类
2172,,网络/系统安全
2173,,暂无分类
2174,,网络/系统安全
2175,,教师
2176,,网络/系统安全
2177,,网络/系统安全
2178,,教师
2179,,硬件
2180,,网络/系统安全
2181,,暂无分类
2182,,网络/系统安全
2183,,暂无分类
2184,,网络/系统安全
2185,,硬件
2186,,网络/系统安全
2187,,教师
2188,,暂无分类
2189,,暂无分类
2190,,网络/系统安全
2191,,网络/系统安全
2192,,网络/系统安全
2193,,软件工程师
2194,,网络/系统安全
2195,,运维/技术支持
2196,,暂无分类
2197,,网络/系统安全
2198,,数据
2199,,暂无分类
2200,,网络/系统安全
2201,,网络/系统安全
2202,,硬件
2203,,网络/系统安全
2204,,网络/系统安全
2205,,网络/系统安全
2206,,网络/系统安全
2207,,网络/系统安全
2208,,运维/技术支持
2209,,网络/系统安全
2210,,暂无分类
2211,,网络/系统安全
2212,,暂无分类
2213,,网络/系统安全
2214,,网络/系统安全
2215,,教师
2216,,网络/系统安全
2217,,暂无分类
2218,,网络/系统安全
2219,,网络/系统安全
2220,,暂无分类
2221,,硬件
2222,,暂无分类
2223,,运维/技术支持
2224,,网络/系统安全
2225,,硬件
2226,,网络/系统安全
2227,,网络/系统安全
2228,,教师
2229,,网络/系统安全
2230,,网络/系统安全
2231,,网络/系统安全
2232,,暂无分类
2233,,网络/系统安全
2234,,运维/技术支持
2235,,网络/系统安全
2236,,数据
2237,,网络/系统安全
2238,,网络/系统安全
2239,,网络/系统安全
2240,,网络/系统安全
2241,,网络/系统安全
2242,,销售
2243,,网络/系统安全
2244,,网络/系统安全
2245,,暂无分类
2246,,前端
2247,,网络/系统安全
2248,,运维/技术支持
2249,,运维/技术支持
2250,,运维/技术支持
2251,,网络/系统安全
2252,,网络/系统安全
2253,,硬件
2254,,暂无分类
2255,,暂无分类
2256,,运维/技术支持
2257,,网络/系统安全
2258,,运维/技术支持
2259,,暂无分类
2260,,网络/系统安全
2261,,暂无分类
2262,,网络/系统安全
2263,,数据
2264,,暂无分类
2265,,网络/系统安全
2266,,硬件
2267,,暂无分类
2268,,网络/系统安全
2269,,暂无分类
2270,,网络/系统安全
2271,,暂无分类
2272,,硬件
2273,,网络/系统安全
2274,,网络/系统安全
2275,,网络/系统安全
2276,,网络/系统安全
2277,,网络/系统安全
2278,,运维/技术支持
2279,,暂无分类
2280,,网络/系统安全
2281,,网络/系统安全
2282,,网络/系统安全
2283,,网络/系统安全
2284,,网络/系统安全
2285,,网络/系统安全
2286,,网络/系统安全
2287,,网络/系统安全
2288,,网络/系统安全
2289,,网络/系统安全
2290,,网络/系统安全
2291,,教师
2292,,销售
2293,,网络/系统安全
2294,,网络/系统安全
2295,,网络/系统安全
2296,,网络/系统安全
2297,,网络/系统安全
2298,,网络/系统安全
2299,,网络/系统安全
2300,,网络/系统安全
2301,,网络/系统安全
2302,,网络/系统安全
2303,,网络/系统安全
2304,,网络/系统安全
2305,,暂无分类
2306,,硬件
2307,,运维/技术支持
2308,,网络/系统安全
2309,,网络/系统安全
2310,,网络/系统安全
2311,,网络/系统安全
2312,,网络/系统安全
2313,,网络/系统安全
2314,,网络/系统安全
2315,,网络/系统安全
2316,,网络/系统安全
2317,,网络/系统安全
2318,,网络/系统安全
2319,,网络/系统安全
2320,,网络/系统安全
2321,,Java
2322,,网络/系统安全
2323,,网络/系统安全
2324,,网络/系统安全
2325,,网络/系统安全
2326,,网络/系统安全
2327,,网络/系统安全
2328,,网络/系统安全
2329,,网络/系统安全
2330,,网络/系统安全
2331,,网络/系统安全
2332,,运维/技术支持
2333,,网络/系统安全
2334,,网络/系统安全
2335,,网络/系统安全
2336,,网络/系统安全
2337,,网络/系统安全
2338,,网络/系统安全
2339,,网络/系统安全
2340,,网络/系统安全
2341,,网络/系统安全
2342,,网络/系统安全
2343,,网络/系统安全
2344,,网络/系统安全
2345,,网络/系统安全
2346,,网络/系统安全
2347,,销售
2348,,网络/系统安全
2349,,网络/系统安全
2350,,硬件
2351,,网络/系统安全
2352,,网络/系统安全
2353,,网络/系统安全
2354,,运维/技术支持
2355,,网络/系统安全
2356,,网络/系统安全
2357,,网络/系统安全
2358,,网络/系统安全
2359,,网络/系统安全
2360,,网络/系统安全
2361,,网络/系统安全
2362,,网络/系统安全
2363,,网络/系统安全
2364,,网络/系统安全
2365,,网络/系统安全
2366,,网络/系统安全
2367,,网络/系统安全
2368,,网络/系统安全
2369,,网络/系统安全
2370,,运维/技术支持
2371,,网络/系统安全
2372,,网络/系统安全
2373,,网络/系统安全
2374,,网络/系统安全
2375,,暂无分类
2376,,网络/系统安全
2377,,网络/系统安全
2378,,网络/系统安全
2379,,网络/系统安全
2380,,网络/系统安全
2381,,网络/系统安全
2382,,网络/系统安全
2383,,网络/系统安全
2384,,销售
2385,,网络/系统安全
2386,,网络/系统安全
2387,,网络/系统安全
2388,,网络/系统安全
2389,,网络/系统安全
2390,,网络/系统安全
2391,,网络/系统安全
2392,,网络/系统安全
2393,,网络/系统安全
2394,,网络/系统安全
2395,,网络/系统安全
2396,,暂无分类
2397,,运维/技术支持
2398,,运维/技术支持
2399,,网络/系统安全
2400,,网络/系统安全
2401,,销售
2402,,网络/系统安全
2403,,网络/系统安全
2404,,网络/系统安全
2405,,网络/系统安全
2406,,网络/系统安全
2407,,网络/系统安全
2408,,网络/系统安全
2409,,网络/系统安全
2410,,暂无分类
2411,,网络/系统安全
2412,,网络/系统安全
2413,,运维/技术支持
2414,,网络/系统安全
2415,,网络/系统安全
2416,,网络/系统安全
2417,,销售
2418,,网络/系统安全
2419,,网络/系统安全
2420,,网络/系统安全
2421,,网络/系统安全
2422,,网络/系统安全
2423,,网络/系统安全
2424,,网络/系统安全
2425,,网络/系统安全
2426,,网络/系统安全
2427,,网络/系统安全
2428,,网络/系统安全
2429,,运维/技术支持
2430,,网络/系统安全
2431,,网络/系统安全
2432,,网络/系统安全
2433,,运维/技术支持
2434,,网络/系统安全
2435,,网络/系统安全
2436,,网络/系统安全
2437,,网络/系统安全
2438,,网络/系统安全
2439,,网络/系统安全
2440,,网络/系统安全
2441,,网络/系统安全
2442,,销售
2443,,网络/系统安全
2444,,网络/系统安全
2445,,网络/系统安全
2446,,网络/系统安全
2447,,网络/系统安全
2448,,网络/系统安全
2449,,运维/技术支持
2450,,网络/系统安全
2451,,网络/系统安全
2452,,网络/系统安全
2453,,网络/系统安全
2454,,网络/系统安全
2455,,网络/系统安全
2456,,网络/系统安全
2457,,网络/系统安全
2458,,网络/系统安全
2459,,网络/系统安全
2460,,运维/技术支持
2461,,网络/系统安全
2462,,暂无分类
2463,,网络/系统安全
2464,,网络/系统安全
2465,,网络/系统安全
2466,,网络/系统安全
2467,,网络/系统安全
2468,,测试
2469,,网络/系统安全
2470,,运维/技术支持
2471,,网络/系统安全
2472,,网络/系统安全
2473,,网络/系统安全
2474,,网络/系统安全
2475,,网络/系统安全
2476,,网络/系统安全
2477,,网络/系统安全
2478,,硬件
2479,,网络/系统安全
2480,,网络/系统安全
2481,,网络/系统安全
2482,,网络/系统安全
2483,,运维/技术支持
2484,,网络/系统安全
2485,,网络/系统安全
2486,,运维/技术支持
2487,,网络/系统安全
2488,,运维/技术支持
2489,,网络/系统安全
2490,,网络/系统安全
2491,,网络/系统安全
2492,,网络/系统安全
2493,,网络/系统安全
2494,,网络/系统安全
2495,,网络/系统安全
2496,,网络/系统安全
2497,,网络/系统安全
2498,,网络/系统安全
2499,,网络/系统安全
2500,,网络/系统安全
2501,,软件工程师
2502,,运维/技术支持
2503,,运维/技术支持
2504,,网络/系统安全
2505,,网络/系统安全
2506,,网络/系统安全
2507,,网络/系统安全
2508,,网络/系统安全
2509,,销售
2510,,网络/系统安全
2511,,网络/系统安全
2512,,暂无分类
2513,,C++
2514,,暂无分类
2515,,暂无分类
2516,,网络/系统安全
2517,,暂无分类
2518,,网络/系统安全
2519,,暂无分类
2520,,前端
2521,,暂无分类
2522,,网络/系统安全
2523,,网络/系统安全
2524,,运维/技术支持
2525,,软件工程师
2526,,暂无分类
2527,,暂无分类
2528,,暂无分类
2529,,网络/系统安全
2530,,C++
2531,,暂无分类
2532,,网络/系统安全
2533,,网络/系统安全
2534,,网络/系统安全
2535,,暂无分类
2536,,暂无分类
2537,,网络/系统安全
2538,,网络/系统安全
2539,,网络/系统安全
2540,,销售
2541,,数据
2542,,前端
2543,,测试
2544,,网络/系统安全
2545,,网络/系统安全
2546,,暂无分类
2547,,暂无分类
2548,,暂无分类
2549,,暂无分类
2550,,网络/系统安全
2551,,暂无分类
2552,,网络/系统安全
2553,,销售
2554,,暂无分类
2555,,网络/系统安全
2556,,暂无分类
2557,,暂无分类
2558,,暂无分类
2559,,暂无分类
2560,,销售
2561,,暂无分类
2562,,销售
2563,,网络/系统安全
2564,,暂无分类
2565,,运维/技术支持
2566,,暂无分类
2567,,暂无分类
2568,,暂无分类
2569,,电气
2570,,网络/系统安全
2571,,Java
2572,,Java
2573,,暂无分类
2574,,销售
2575,,暂无分类
2576,,销售
2577,,网络/系统安全
2578,,软件工程师
2579,,暂无分类
2580,,暂无分类
2581,,软件工程师
2582,,暂无分类
2583,,暂无分类
2584,,暂无分类
2585,,暂无分类
2586,,C++
2587,,暂无分类
2588,,暂无分类
2589,,暂无分类
2590,,暂无分类
2591,,移动端
2592,,前端
2593,,暂无分类
2594,,销售
2595,,网络/系统安全
2596,,暂无分类
2597,,暂无分类
2598,,暂无分类
2599,,暂无分类
2600,,暂无分类
2601,,暂无分类
2602,,暂无分类
2603,,数据
2604,,暂无分类
2605,,测试
2606,,暂无分类
2607,,暂无分类
2608,,C++
2609,,暂无分类
2610,,暂无分类
2611,,暂无分类
2612,,暂无分类
2613,,暂无分类
2614,,暂无分类
2615,,暂无分类
2616,,前端
2617,,移动端
2618,,销售
2619,,销售
2620,,暂无分类
2621,,网络/系统安全
2622,,暂无分类
2623,,暂无分类
2624,,暂无分类
2625,,暂无分类
2626,,暂无分类
2627,,算法
2628,,暂无分类
2629,,暂无分类
2630,,销售
2631,,暂无分类
2632,,暂无分类
2633,,C++
2634,,暂无分类
2635,,暂无分类
2636,,销售
2637,,网络/系统安全
2638,,暂无分类
2639,,销售
2640,,软件工程师
2641,,暂无分类
2642,,暂无分类
2643,,前端
2644,,暂无分类
2645,,暂无分类
2646,,软件工程师
2647,,暂无分类
2648,,暂无分类
2649,,暂无分类
2650,,暂无分类
2651,,暂无分类
2652,,算法
2653,,暂无分类
2654,,暂无分类
2655,,硬件
2656,,网络/系统安全
2657,,暂无分类
2658,,暂无分类
2659,,暂无分类
2660,,暂无分类
2661,,暂无分类
2662,,网络/系统安全
2663,,暂无分类
2664,,销售
2665,,前端
2666,,软件工程师
2667,,数据
2668,,软件工程师
2669,,暂无分类
2670,,暂无分类
2671,,暂无分类
2672,,软件工程师
2673,,销售
2674,,暂无分类
2675,,软件工程师
2676,,暂无分类
2677,,C++
2678,,暂无分类
2679,,软件工程师
2680,,算法
2681,,暂无分类
2682,,暂无分类
2683,,暂无分类
2684,,销售
2685,,暂无分类
2686,,暂无分类
2687,,暂无分类
2688,,暂无分类
2689,,暂无分类
2690,,暂无分类
2691,,暂无分类
2692,,暂无分类
2693,,暂无分类
2694,,C++
2695,,暂无分类
2696,,数据
2697,,网络/系统安全
2698,,暂无分类
2699,,销售
2700,,暂无分类
2701,,暂无分类
2702,,暂无分类
2703,,Java
2704,,暂无分类
2705,,暂无分类
2706,,销售
2707,,销售
2708,,软件工程师
2709,,暂无分类
2710,,暂无分类
2711,,暂无分类
2712,,暂无分类
2713,,暂无分类
2714,,运维/技术支持
2715,,暂无分类
2716,,运维/技术支持
2717,,销售
2718,,数据
2719,,运维/技术支持
2720,,销售
2721,,暂无分类
2722,,暂无分类
2723,,暂无分类
2724,,暂无分类
2725,,网络/系统安全
2726,,C++
2727,,暂无分类
2728,,暂无分类
2729,,暂无分类
2730,,暂无分类
2731,,Java
2732,,运维/技术支持
2733,,暂无分类
2734,,销售
2735,,暂无分类
2736,,暂无分类
2737,,暂无分类
2738,,暂无分类
2739,,暂无分类
2740,,暂无分类
2741,,软件工程师
2742,,Python
2743,,暂无分类
2744,,暂无分类
2745,,暂无分类
2746,,销售
2747,,销售
2748,,暂无分类
2749,,暂无分类
2750,,暂无分类
2751,,暂无分类
2752,,暂无分类
2753,,销售
2754,,暂无分类
2755,,暂无分类
2756,,销售
2757,,销售
2758,,暂无分类
2759,,Java
2760,,销售
2761,,软件工程师
2762,,暂无分类
2763,,暂无分类
2764,,暂无分类
2765,,暂无分类
2766,,暂无分类
2767,,暂无分类
2768,,暂无分类
2769,,教师
2770,,教师
2771,,暂无分类
2772,,网络/系统安全
2773,,Java
2774,,暂无分类
2775,,运维/技术支持
2776,,暂无分类
2777,,测试
2778,,教师
2779,,网络/系统安全
2780,,测试
2781,,教师
2782,,前端
2783,,教师
2784,,暂无分类
2785,,教师
2786,,暂无分类
2787,,暂无分类
2788,,Python
2789,,暂无分类
2790,,教师
2791,,教师
2792,,测试
2793,,教师
2794,,前端
2795,,实施
2796,,软件工程师
2797,,暂无分类
2798,,前端
2799,,暂无分类
2800,,暂无分类
2801,,暂无分类
2802,,暂无分类
2803,,硬件
2804,,数据
2805,,网络/系统安全
2806,,数据
2807,,教师
2808,,测试
2809,,教师
2810,,后端
2811,,软件工程师
2812,,C++
2813,,暂无分类
2814,,前端
2815,,教师
2816,,测试
2817,,运维/技术支持
2818,,网络/系统安全
2819,,暂无分类
2820,,暂无分类
2821,,暂无分类
2822,,教师
2823,,网络/系统安全
2824,,暂无分类
2825,,网络/系统安全
2826,,暂无分类
2827,,运维/技术支持
2828,,网络/系统安全
2829,,Java
2830,,运维/技术支持
2831,,暂无分类
2832,,暂无分类
2833,,网络/系统安全
2834,,后端
2835,,网络/系统安全
2836,,运维/技术支持
2837,,Python
2838,,教师
2839,,网络/系统安全
2840,,暂无分类
2841,,网络/系统安全
2842,,前端
2843,,数据
2844,,教师
2845,,教师
2846,,网络/系统安全
2847,,暂无分类
2848,,网络/系统安全
2849,,暂无分类
2850,,网络/系统安全
2851,,软件工程师
2852,,网络/系统安全
2853,,网络/系统安全
2854,,暂无分类
2855,,暂无分类
2856,,暂无分类
2857,,网络/系统安全
2858,,暂无分类
2859,,暂无分类
2860,,运维/技术支持
2861,,教师
2862,,网络/系统安全
2863,,前端
2864,,暂无分类
2865,,网络/系统安全
2866,,测试
2867,,网络/系统安全
2868,,移动端
2869,,暂无分类
2870,,Python
2871,,暂无分类
2872,,暂无分类
2873,,软件工程师
2874,,暂无分类
2875,,测试
2876,,暂无分类
2877,,网络/系统安全
2878,,暂无分类
2879,,测试
2880,,C++
2881,,网络/系统安全
2882,,网络/系统安全
2883,,暂无分类
2884,,Java
2885,,暂无分类
2886,,后端
2887,,C++
2888,,暂无分类
2889,,网络/系统安全
2890,,教师
2891,,暂无分类
2892,,网络/系统安全
2893,,网络/系统安全
2894,,教师
2895,,暂无分类
2896,,暂无分类
2897,,暂无分类
2898,,C++
2899,,暂无分类
2900,,网络/系统安全
2901,,网络/系统安全
2902,,暂无分类
2903,,网络/系统安全
2904,,暂无分类
2905,,数据
2906,,测试
2907,,暂无分类
2908,,教师
2909,,网络/系统安全
2910,,网络/系统安全
2911,,销售
2912,,暂无分类
2913,,C++
2914,,暂无分类
2915,,硬件
2916,,暂无分类
2917,,暂无分类
2918,,前端
2919,,Java
2920,,网络/系统安全
2921,,网络/系统安全
2922,,运维/技术支持
2923,,暂无分类
2924,,Java
2925,,网络/系统安全
2926,,网络/系统安全
2927,,暂无分类
2928,,教师
2929,,暂无分类
2930,,运维/技术支持
2931,,网络/系统安全
2932,,网络/系统安全
2933,,网络/系统安全
2934,,网络/系统安全
2935,,暂无分类
2936,,暂无分类
2937,,前端
2938,,网络/系统安全
2939,,暂无分类
2940,,网络/系统安全
2941,,运维/技术支持
2942,,网络/系统安全
2943,,网络/系统安全
2944,,销售
2945,,网络/系统安全
2946,,网络/系统安全
2947,,暂无分类
2948,,网络/系统安全
2949,,网络/系统安全
2950,,网络/系统安全
2951,,暂无分类
2952,,网络/系统安全
2953,,暂无分类
2954,,教师
2955,,暂无分类
2956,,网络/系统安全
2957,,电气
2958,,网络/系统安全
2959,,暂无分类
2960,,暂无分类
2961,,网络/系统安全
2962,,网络/系统安全
2963,,网络/系统安全
2964,,网络/系统安全
2965,,软件工程师
2966,,教师
2967,,教师
2968,,教师
2969,,教师
2970,,教师
2971,,暂无分类
2972,,教师
2973,,教师
2974,,教师
2975,,暂无分类
2976,,运维/技术支持
2977,,教师
2978,,教师
2979,,暂无分类
2980,,教师
2981,,教师
2982,,教师
2983,,教师
2984,,教师
2985,,教师
2986,,教师
2987,,教师
2988,,网络/系统安全
2989,,教师
2990,,教师
2991,,教师
2992,,教师
2993,,教师
2994,,教师
2995,,教师
2996,,教师
2997,,教师
2998,,暂无分类
2999,,教师
3000,,教师
3001,,网络/系统安全
3002,,教师
3003,,教师
3004,,教师
3005,,暂无分类
3006,,网络/系统安全
3007,,教师
3008,,教师
3009,,网络/系统安全
3010,,教师
3011,,网络/系统安全
3012,,教师
3013,,教师
3014,,教师
3015,,运维/技术支持
3016,,教师
3017,,教师
3018,,教师
3019,,教师
3020,,教师
3021,,教师
3022,,教师
3023,,网络/系统安全
3024,,网络/系统安全
3025,,教师
3026,,教师
3027,,教师
3028,,网络/系统安全
3029,,网络/系统安全
3030,,教师
3031,,网络/系统安全
3032,,教师
3033,,硬件
3034,,网络/系统安全
3035,,网络/系统安全
3036,,教师
3037,,教师
3038,,教师
3039,,暂无分类
3040,,教师
3041,,运维/技术支持
3042,,网络/系统安全
3043,,暂无分类
3044,,教师
3045,,软件工程师
3046,,教师
3047,,教师
3048,,运维/技术支持
3049,,教师
3050,,教师
3051,,教师
3052,,教师
3053,,网络/系统安全
3054,,教师
3055,,教师
3056,,网络/系统安全
3057,,教师
3058,,教师
3059,,暂无分类
3060,,网络/系统安全
3061,,教师
3062,,教师
3063,,教师
3064,,暂无分类
3065,,教师
3066,,教师
3067,,暂无分类
3068,,教师
3069,,暂无分类
3070,,教师
3071,,教师
3072,,教师
3073,,教师
3074,,教师
3075,,教师
3076,,教师
3077,,教师
3078,,教师
3079,,教师
3080,,教师
3081,,教师
3082,,教师
3083,,教师
3084,,教师
3085,,教师
3086,,教师
3087,,暂无分类
3088,,教师
3089,,教师
3090,,教师
3091,,教师
3092,,教师
3093,,教师
3094,,暂无分类
3095,,教师
3096,,教师
3097,,教师
3098,,教师
3099,,教师
3100,,暂无分类
3101,,教师
3102,,教师
3103,,教师
3104,,网络/系统安全
3105,,教师
3106,,教师
3107,,暂无分类
3108,,教师
3109,,教师
3110,,教师
3111,,网络/系统安全
3112,,教师
3113,,教师
3114,,教师
3115,,网络/系统安全
3116,,教师
3117,,网络/系统安全
3118,,教师
3119,,网络/系统安全
3120,,运维/技术支持
3121,,网络/系统安全
3122,,网络/系统安全
3123,,教师
3124,,教师
3125,,暂无分类
3126,,网络/系统安全
3127,,教师
3128,,教师
3129,,教师
3130,,软件工程师
3131,,教师
3132,,教师
3133,,网络/系统安全
3134,,网络/系统安全
3135,,教师
3136,,教师
3137,,教师
3138,,教师
3139,,运维/技术支持
3140,,网络/系统安全
3141,,教师
3142,,硬件
3143,,教师
3144,,网络/系统安全
3145,,网络/系统安全
3146,,运维/技术支持
3147,,网络/系统安全
3148,,暂无分类
3149,,教师
3150,,暂无分类
3151,,教师
3152,,教师
3153,,教师
3154,,网络/系统安全
3155,,网络/系统安全
3156,,网络/系统安全
3157,,网络/系统安全
3158,,网络/系统安全
3159,,教师
3160,,教师
3161,,软件工程师
3162,,网络/系统安全
3163,,网络/系统安全
3164,,网络/系统安全
3165,,运维/技术支持
3166,,网络/系统安全
3167,,网络/系统安全
3168,,网络/系统安全
3169,,教师
3170,,教师
3171,,教师
3172,,教师
3173,,网络/系统安全
3174,,网络/系统安全
3175,,网络/系统安全
3176,,教师
3177,,教师
3178,,移动端
3179,,数据
3180,,教师
3181,,网络/系统安全
3182,,网络/系统安全
3183,,教师
3184,,网络/系统安全
3185,,暂无分类
3186,,暂无分类
3187,,教师
3188,,网络/系统安全
3189,,教师
3190,,网络/系统安全
3191,,网络/系统安全
3192,,教师
3193,,网络/系统安全
3194,,教师
3195,,网络/系统安全
3196,,暂无分类
3197,,网络/系统安全
3198,,暂无分类
3199,,网络/系统安全
3200,,网络/系统安全
3201,,网络/系统安全
3202,,网络/系统安全
3203,,教师
3204,,网络/系统安全
3205,,教师
3206,,教师
3207,,移动端
3208,,暂无分类
3209,,暂无分类
3210,,网络/系统安全
3211,,暂无分类
3212,,运维/技术支持
3213,,网络/系统安全
3214,,教师
3215,,网络/系统安全
3216,,网络/系统安全
3217,,运维/技术支持
3218,,教师
3219,,网络/系统安全
3220,,教师
3221,,网络/系统安全
3222,,教师
3223,,教师
3224,,网络/系统安全
3225,,网络/系统安全
3226,,网络/系统安全
3227,,网络/系统安全
3228,,暂无分类
3229,,网络/系统安全
3230,,网络/系统安全
3231,,网络/系统安全
3232,,网络/系统安全
3233,,教师
3234,,网络/系统安全
3235,,网络/系统安全
3236,,教师
3237,,教师
3238,,教师
3239,,教师
3240,,网络/系统安全
3241,,教师
3242,,网络/系统安全
3243,,暂无分类
3244,,网络/系统安全
3245,,网络/系统安全
3246,,教师
3247,,教师
3248,,网络/系统安全
3249,,网络/系统安全
3250,,教师
3251,,教师
3252,,教师
3253,,暂无分类
3254,,教师
3255,,网络/系统安全
3256,,暂无分类
3257,,软件工程师
3258,,教师
3259,,教师
3260,,教师
3261,,网络/系统安全
3262,,网络/系统安全
3263,,暂无分类
3264,,教师
3265,,网络/系统安全
3266,,教师
3267,,教师
3268,,教师
3269,,暂无分类
3270,,教师
3271,,教师
3272,,教师
3273,,网络/系统安全
3274,,网络/系统安全
3275,,教师
3276,,暂无分类
3277,,网络/系统安全
3278,,教师
3279,,教师
3280,,暂无分类
3281,,网络/系统安全
3282,,教师
3283,,教师
3284,,教师
3285,,网络/系统安全
3286,,教师
3287,,暂无分类
3288,,教师
3289,,暂无分类
3290,,教师
3291,,网络/系统安全
3292,,教师
3293,,教师
3294,,教师
3295,,网络/系统安全
3296,,暂无分类
3297,,网络/系统安全
3298,,软件工程师
3299,,教师
3300,,教师
3301,,暂无分类
3302,,暂无分类
3303,,网络/系统安全
3304,,网络/系统安全
3305,,暂无分类
3306,,教师
3307,,硬件
3308,,教师
3309,,教师
3310,,教师
3311,,教师
3312,,暂无分类
3313,,暂无分类
3314,,网络/系统安全
3315,,网络/系统安全
3316,,网络/系统安全
3317,,网络/系统安全
3318,,教师
3319,,网络/系统安全
3320,,教师
3321,,软件工程师
3322,,教师
3323,,教师
3324,,网络/系统安全
3325,,教师
3326,,暂无分类
3327,,暂无分类
3328,,教师
3329,,暂无分类
3330,,暂无分类
3331,,网络/系统安全
3332,,教师
3333,,教师
3334,,教师
3335,,网络/系统安全
3336,,教师
3337,,教师
3338,,教师
3339,,教师
3340,,教师
3341,,暂无分类
3342,,教师
3343,,教师
3344,,网络/系统安全
3345,,网络/系统安全
3346,,教师
3347,,教师
3348,,网络/系统安全
3349,,网络/系统安全
3350,,教师
3351,,暂无分类
3352,,教师
3353,,网络/系统安全
3354,,教师
3355,,网络/系统安全
3356,,网络/系统安全
3357,,暂无分类
3358,,教师
3359,,硬件
3360,,网络/系统安全
3361,,暂无分类
3362,,暂无分类
3363,,运维/技术支持
3364,,网络/系统安全
3365,,网络/系统安全
3366,,暂无分类
3367,,教师
3368,,暂无分类
3369,,网络/系统安全
3370,,网络/系统安全
3371,,网络/系统安全
3372,,网络/系统安全
3373,,软件工程师
3374,,暂无分类
3375,,暂无分类
3376,,网络/系统安全
3377,,网络/系统安全
3378,,网络/系统安全
3379,,网络/系统安全
3380,,暂无分类
3381,,网络/系统安全
3382,,网络/系统安全
3383,,网络/系统安全
3384,,网络/系统安全
3385,,网络/系统安全
3386,,网络/系统安全
3387,,网络/系统安全
3388,,网络/系统安全
3389,,软件工程师
3390,,暂无分类
3391,,网络/系统安全
3392,,网络/系统安全
3393,,网络/系统安全
3394,,网络/系统安全
3395,,网络/系统安全
3396,,暂无分类
3397,,硬件
3398,,教师
3399,,网络/系统安全
3400,,网络/系统安全
3401,,网络/系统安全
3402,,运维/技术支持
3403,,网络/系统安全
3404,,网络/系统安全
3405,,网络/系统安全
3406,,网络/系统安全
3407,,暂无分类
3408,,网络/系统安全
3409,,网络/系统安全
3410,,网络/系统安全
3411,,网络/系统安全
3412,,暂无分类
3413,,暂无分类
3414,,网络/系统安全
3415,,网络/系统安全
3416,,网络/系统安全
3417,,网络/系统安全
3418,,网络/系统安全
3419,,网络/系统安全
3420,,网络/系统安全
3421,,网络/系统安全
3422,,网络/系统安全
3423,,网络/系统安全
3424,,网络/系统安全
3425,,网络/系统安全
3426,,网络/系统安全
3427,,网络/系统安全
3428,,网络/系统安全
3429,,暂无分类
3430,,运维/技术支持
3431,,网络/系统安全
3432,,网络/系统安全
3433,,网络/系统安全
3434,,网络/系统安全
3435,,网络/系统安全
3436,,网络/系统安全
3437,,网络/系统安全
3438,,网络/系统安全
3439,,网络/系统安全
3440,,网络/系统安全
3441,,网络/系统安全
3442,,网络/系统安全
3443,,网络/系统安全
3444,,网络/系统安全
3445,,网络/系统安全
3446,,网络/系统安全
3447,,网络/系统安全
3448,,网络/系统安全
3449,,网络/系统安全
3450,,网络/系统安全
3451,,网络/系统安全
3452,,网络/系统安全
3453,,网络/系统安全
3454,,网络/系统安全
3455,,网络/系统安全
3456,,网络/系统安全
3457,,网络/系统安全
3458,,网络/系统安全
3459,,网络/系统安全
3460,,暂无分类
3461,,网络/系统安全
3462,,网络/系统安全
3463,,网络/系统安全
3464,,网络/系统安全
3465,,网络/系统安全
3466,,网络/系统安全
3467,,网络/系统安全
3468,,网络/系统安全
3469,,网络/系统安全
3470,,网络/系统安全
3471,,网络/系统安全
3472,,网络/系统安全
3473,,网络/系统安全
3474,,网络/系统安全
3475,,网络/系统安全
3476,,运维/技术支持
3477,,网络/系统安全
3478,,网络/系统安全
3479,,运维/技术支持
3480,,网络/系统安全
3481,,网络/系统安全
3482,,网络/系统安全
3483,,网络/系统安全
3484,,网络/系统安全
3485,,网络/系统安全
3486,,网络/系统安全
3487,,暂无分类
3488,,网络/系统安全
3489,,网络/系统安全
3490,,网络/系统安全
3491,,网络/系统安全
3492,,网络/系统安全
3493,,网络/系统安全
3494,,运维/技术支持
3495,,网络/系统安全
3496,,网络/系统安全
3497,,运维/技术支持
3498,,网络/系统安全
3499,,网络/系统安全
3500,,网络/系统安全
3501,,网络/系统安全
3502,,网络/系统安全
3503,,网络/系统安全
3504,,网络/系统安全
3505,,网络/系统安全
3506,,网络/系统安全
3507,,暂无分类
3508,,网络/系统安全
3509,,网络/系统安全
3510,,网络/系统安全
3511,,暂无分类
3512,,网络/系统安全
3513,,网络/系统安全
3514,,暂无分类
3515,,网络/系统安全
3516,,硬件
3517,,网络/系统安全
3518,,网络/系统安全
3519,,网络/系统安全
3520,,网络/系统安全
3521,,网络/系统安全
3522,,暂无分类
3523,,网络/系统安全
3524,,运维/技术支持
3525,,运维/技术支持
3526,,网络/系统安全
3527,,网络/系统安全
3528,,网络/系统安全
3529,,硬件
3530,,网络/系统安全
3531,,网络/系统安全
3532,,网络/系统安全
3533,,网络/系统安全
3534,,网络/系统安全
3535,,网络/系统安全
3536,,教师
3537,,网络/系统安全
3538,,软件工程师
3539,,运维/技术支持
3540,,网络/系统安全
3541,,网络/系统安全
3542,,网络/系统安全
3543,,网络/系统安全
3544,,算法
3545,,运维/技术支持
3546,,网络/系统安全
3547,,网络/系统安全
3548,,网络/系统安全
3549,,算法
3550,,运维/技术支持
3551,,网络/系统安全
3552,,算法
3553,,网络/系统安全
3554,,网络/系统安全
3555,,软件工程师
3556,,网络/系统安全
3557,,网络/系统安全
3558,,网络/系统安全
3559,,网络/系统安全
3560,,暂无分类
3561,,网络/系统安全
3562,,网络/系统安全
3563,,网络/系统安全
3564,,网络/系统安全
3565,,网络/系统安全
3566,,网络/系统安全
3567,,暂无分类
3568,,网络/系统安全
3569,,网络/系统安全
3570,,网络/系统安全
3571,,网络/系统安全
3572,,网络/系统安全
3573,,网络/系统安全
3574,,暂无分类
3575,,暂无分类
3576,,网络/系统安全
3577,,网络/系统安全
3578,,网络/系统安全
3579,,暂无分类
3580,,运维/技术支持
3581,,网络/系统安全
3582,,算法
3583,,网络/系统安全
3584,,网络/系统安全
3585,,网络/系统安全
3586,,网络/系统安全
3587,,网络/系统安全
3588,,网络/系统安全
3589,,网络/系统安全
3590,,网络/系统安全
3591,,网络/系统安全
3592,,网络/系统安全
3593,,网络/系统安全
3594,,网络/系统安全
3595,,网络/系统安全
3596,,网络/系统安全
3597,,网络/系统安全
3598,,网络/系统安全
3599,,网络/系统安全
3600,,算法
3601,,网络/系统安全
3602,,网络/系统安全
3603,,网络/系统安全
3604,,网络/系统安全
3605,,网络/系统安全
3606,,网络/系统安全
3607,,网络/系统安全
3608,,运维/技术支持
3609,,网络/系统安全
3610,,网络/系统安全
3611,,网络/系统安全
3612,,网络/系统安全
3613,,网络/系统安全
3614,,运维/技术支持
3615,,网络/系统安全
3616,,网络/系统安全
3617,,网络/系统安全
3618,,暂无分类
3619,,暂无分类
3620,,网络/系统安全
3621,,网络/系统安全
3622,,运维/技术支持
3623,,网络/系统安全
3624,,网络/系统安全
3625,,网络/系统安全
3626,,运维/技术支持
3627,,网络/系统安全
3628,,网络/系统安全
3629,,网络/系统安全
3630,,网络/系统安全
3631,,暂无分类
3632,,网络/系统安全
3633,,网络/系统安全
3634,,网络/系统安全
3635,,网络/系统安全
3636,,网络/系统安全
3637,,网络/系统安全
3638,,网络/系统安全
3639,,暂无分类
3640,,网络/系统安全
3641,,网络/系统安全
3642,,网络/系统安全
3643,,网络/系统安全
3644,,网络/系统安全
3645,,网络/系统安全
3646,,网络/系统安全
3647,,网络/系统安全
3648,,暂无分类
3649,,网络/系统安全
3650,,网络/系统安全
3651,,网络/系统安全
3652,,网络/系统安全
3653,,网络/系统安全
3654,,网络/系统安全
3655,,网络/系统安全
3656,,网络/系统安全
3657,,网络/系统安全
3658,,网络/系统安全
3659,,网络/系统安全
3660,,网络/系统安全
3661,,网络/系统安全
3662,,网络/系统安全
3663,,网络/系统安全
3664,,网络/系统安全
3665,,网络/系统安全
3666,,网络/系统安全
3667,,网络/系统安全
3668,,网络/系统安全
3669,,网络/系统安全
3670,,网络/系统安全
3671,,网络/系统安全
3672,,网络/系统安全
3673,,网络/系统安全
3674,,网络/系统安全
3675,,网络/系统安全
3676,,网络/系统安全
3677,,网络/系统安全
3678,,算法
3679,,网络/系统安全
3680,,网络/系统安全
3681,,运维/技术支持
3682,,网络/系统安全
3683,,网络/系统安全
3684,,运维/技术支持
3685,,网络/系统安全
3686,,网络/系统安全
3687,,网络/系统安全
3688,,网络/系统安全
3689,,网络/系统安全
3690,,网络/系统安全
3691,,网络/系统安全
3692,,网络/系统安全
3693,,网络/系统安全
3694,,网络/系统安全
3695,,网络/系统安全
3696,,网络/系统安全
3697,,网络/系统安全
3698,,网络/系统安全
3699,,硬件
3700,,网络/系统安全
3701,,网络/系统安全
3702,,网络/系统安全
3703,,网络/系统安全
3704,,暂无分类
3705,,网络/系统安全
3706,,网络/系统安全
3707,,网络/系统安全
3708,,网络/系统安全
3709,,网络/系统安全
3710,,网络/系统安全
3711,,网络/系统安全
3712,,网络/系统安全
3713,,网络/系统安全
3714,,网络/系统安全
3715,,网络/系统安全
3716,,网络/系统安全
3717,,网络/系统安全
3718,,软件工程师
3719,,网络/系统安全
3720,,网络/系统安全
3721,,销售
3722,,网络/系统安全
3723,,网络/系统安全
3724,,网络/系统安全
3725,,网络/系统安全
3726,,软件工程师
3727,,网络/系统安全
3728,,算法
3729,,网络/系统安全
3730,,网络/系统安全
3731,,网络/系统安全
3732,,网络/系统安全
3733,,网络/系统安全
3734,,网络/系统安全
3735,,暂无分类
3736,,网络/系统安全
3737,,软件工程师
3738,,网络/系统安全
3739,,暂无分类
3740,,硬件
3741,,网络/系统安全
3742,,网络/系统安全
3743,,网络/系统安全
3744,,网络/系统安全
3745,,网络/系统安全
3746,,网络/系统安全
3747,,网络/系统安全
3748,,网络/系统安全
3749,,网络/系统安全
3750,,网络/系统安全
3751,,网络/系统安全
3752,,网络/系统安全
3753,,运维/技术支持
3754,,网络/系统安全
3755,,网络/系统安全
3756,,算法
3757,,网络/系统安全
3758,,销售
3759,,网络/系统安全
3760,,网络/系统安全
3761,,硬件
3762,,暂无分类
3763,,网络/系统安全
3764,,网络/系统安全
3765,,网络/系统安全
3766,,网络/系统安全
3767,,软件工程师
3768,,网络/系统安全
3769,,网络/系统安全
3770,,网络/系统安全
3771,,网络/系统安全
3772,,软件工程师
3773,,软件工程师
3774,,测试
3775,,测试
3776,,软件工程师
3777,,运维/技术支持
3778,,软件工程师
3779,,软件工程师
3780,,软件工程师
3781,,软件工程师
3782,,软件工程师
3783,,软件工程师
3784,,软件工程师
3785,,运维/技术支持
3786,,运维/技术支持
3787,,软件工程师
3788,,运维/技术支持
3789,,软件工程师
3790,,销售
3791,,暂无分类
3792,,Java
3793,,Java
3794,,前端
3795,,前端
3796,,前端
3797,,暂无分类
3798,,暂无分类
3799,,暂无分类
3800,,暂无分类
3801,,销售
3802,,网络/系统安全
3803,,实施
3804,,运维/技术支持
3805,,实施
3806,,暂无分类
3807,,网络/系统安全
3808,,暂无分类
3809,,电气
3810,,实施
3811,,测试
3812,,暂无分类
3813,,暂无分类
3814,,暂无分类
3815,,暂无分类
3816,,暂无分类
3817,,网络/系统安全
3818,,运维/技术支持
3819,,暂无分类
3820,,暂无分类
3821,,暂无分类
3822,,暂无分类
3823,,电气
3824,,暂无分类
3825,,运维/技术支持
3826,,暂无分类
3827,,运维/技术支持
3828,,实施
3829,,暂无分类
3830,,暂无分类
3831,,暂无分类
3832,,运维/技术支持
3833,,暂无分类
3834,,暂无分类
3835,,暂无分类
3836,,暂无分类
3837,,暂无分类
3838,,电气
3839,,暂无分类
3840,,测试
3841,,暂无分类
3842,,暂无分类
3843,,测试
3844,,实施
3845,,暂无分类
3846,,硬件
3847,,暂无分类
3848,,暂无分类
3849,,暂无分类
3850,,暂无分类
3851,,网络/系统安全
3852,,运维/技术支持
3853,,暂无分类
3854,,暂无分类
3855,,运维/技术支持
3856,,实施
3857,,暂无分类
3858,,实施
3859,,暂无分类
3860,,暂无分类
3861,,暂无分类
3862,,暂无分类
3863,,电气
3864,,暂无分类
3865,,前端
3866,,网络/系统安全
3867,,运维/技术支持
3868,,数据
3869,,暂无分类
3870,,测试
3871,,暂无分类
3872,,暂无分类
3873,,运维/技术支持
3874,,暂无分类
3875,,暂无分类
3876,,暂无分类
3877,,暂无分类
3878,,暂无分类
3879,,暂无分类
3880,,暂无分类
3881,,实施
3882,,实施
3883,,暂无分类
3884,,暂无分类
3885,,暂无分类
3886,,暂无分类
3887,,运维/技术支持
3888,,实施
3889,,实施
3890,,硬件
3891,,电气
3892,,暂无分类
3893,,网络/系统安全
3894,,电气
3895,,硬件
3896,,暂无分类
3897,,数据
3898,,测试
3899,,网络/系统安全
3900,,暂无分类
3901,,运维/技术支持
3902,,暂无分类
3903,,暂无分类
3904,,测试
3905,,运维/技术支持
3906,,运维/技术支持
3907,,暂无分类
3908,,移动端
3909,,硬件
3910,,实施
3911,,暂无分类
3912,,数据
3913,,暂无分类
3914,,暂无分类
3915,,暂无分类
3916,,暂无分类
3917,,运维/技术支持
3918,,暂无分类
3919,,测试
3920,,暂无分类
3921,,暂无分类
3922,,暂无分类
3923,,暂无分类
3924,,硬件
3925,,暂无分类
3926,,移动端
3927,,暂无分类
3928,,暂无分类
3929,,硬件
3930,,硬件
3931,,暂无分类
3932,,暂无分类
3933,,暂无分类
3934,,暂无分类
3935,,暂无分类
3936,,暂无分类
3937,,暂无分类
3938,,暂无分类
3939,,运维/技术支持
3940,,数据
3941,,运维/技术支持
3942,,暂无分类
3943,,暂无分类
3944,,暂无分类
3945,,暂无分类
3946,,前端
3947,,暂无分类
3948,,前端
3949,,暂无分类
3950,,运维/技术支持
3951,,暂无分类
3952,,暂无分类
3953,,暂无分类
3954,,运维/技术支持
3955,,暂无分类
3956,,暂无分类
3957,,暂无分类
3958,,暂无分类
3959,,暂无分类
3960,,电气
3961,,暂无分类
3962,,硬件
3963,,暂无分类
3964,,暂无分类
3965,,暂无分类
3966,,网络/系统安全
3967,,运维/技术支持
3968,,网络/系统安全
3969,,暂无分类
3970,,暂无分类
3971,,暂无分类
3972,,暂无分类
3973,,电气
3974,,暂无分类
3975,,前端
3976,,暂无分类
3977,,运维/技术支持
3978,,暂无分类
3979,,暂无分类
3980,,运维/技术支持
3981,,暂无分类
3982,,暂无分类
3983,,暂无分类
3984,,暂无分类
3985,,运维/技术支持
3986,,暂无分类
3987,,暂无分类
3988,,暂无分类
3989,,Java
3990,,Java
3991,,Java
3992,,软件工程师
3993,,测试
3994,,测试
3995,,软件工程师
3996,,软件工程师
3997,,软件工程师
3998,,软件工程师
3999,,软件工程师
4000,,软件工程师
4001,,软件工程师
4002,,软件工程师
4003,,软件工程师
4004,,软件工程师
4005,,软件工程师
4006,,测试
4007,,软件工程师
4008,,测试
4009,,测试
4010,,软件工程师
4011,,软件工程师
4012,,软件工程师
4013,,销售
4014,,软件工程师
4015,,软件工程师
4016,,软件工程师
4017,,软件工程师
4018,,软件工程师
4019,,软件工程师
4020,,软件工程师
4021,,软件工程师
4022,,软件工程师
4023,,测试
4024,,测试
4025,,软件工程师
4026,,软件工程师
4027,,软件工程师
4028,,软件工程师
4029,,软件工程师
4030,,软件工程师
4031,,软件工程师
4032,,软件工程师
4033,,软件工程师
4034,,软件工程师
4035,,软件工程师
4036,,软件工程师
4037,,软件工程师
4038,,软件工程师
4039,,软件工程师
4040,,测试
4041,,软件工程师
4042,,软件工程师
4043,,软件工程师
4044,,运维/技术支持
4045,,软件工程师
4046,,运维/技术支持
4047,,测试
4048,,测试
4049,,软件工程师
4050,,软件工程师
4051,,软件工程师
4052,,软件工程师
4053,,软件工程师
4054,,软件工程师
4055,,软件工程师
4056,,测试
4057,,软件工程师
4058,,软件工程师
4059,,测试
4060,,测试
4061,,软件工程师
4062,,软件工程师
4063,,软件工程师
4064,,测试
4065,,软件工程师
4066,,软件工程师
4067,,运维/技术支持
4068,,测试
4069,,测试
4070,,软件工程师
4071,,软件工程师
4072,,测试
4073,,软件工程师
4074,,测试
4075,,软件工程师
4076,,软件工程师
4077,,软件工程师
4078,,软件工程师
4079,,软件工程师
4080,,软件工程师
4081,,软件工程师
4082,,软件工程师
4083,,测试
4084,,软件工程师
4085,,软件工程师
4086,,软件工程师
4087,,软件工程师
4088,,软件工程师
4089,,软件工程师
4090,,运维/技术支持
4091,,软件工程师
4092,,测试
4093,,测试
4094,,软件工程师
4095,,软件工程师
4096,,软件工程师
4097,,软件工程师
4098,,数据
4099,,前端
4100,,Java
4101,,Java
4102,,测试
4103,,Java
4104,,实施
4105,,Java
4106,,Java
4107,,Java
4108,,Java
4109,,Java
4110,,暂无分类
4111,,Java
4112,,Java
4113,,Java
4114,,Java
4115,,暂无分类
4116,,测试
4117,,前端
4118,,前端
4119,,前端
4120,,前端
4121,,暂无分类
4122,,暂无分类
4123,,暂无分类
4124,,暂无分类
4125,,暂无分类
4126,,实施
4127,,暂无分类
4128,,运维/技术支持
4129,,暂无分类
4130,,暂无分类
4131,,暂无分类
4132,,运维/技术支持
4133,,暂无分类
4134,,暂无分类
4135,,暂无分类
4136,,硬件
4137,,暂无分类
4138,,暂无分类
4139,,暂无分类
4140,,网络/系统安全
4141,,电气
4142,,暂无分类
4143,,暂无分类
4144,,运维/技术支持
4145,,暂无分类
4146,,运维/技术支持
4147,,暂无分类
4148,,暂无分类
4149,,运维/技术支持
4150,,硬件
4151,,实施
4152,,暂无分类
4153,,销售
4154,,销售
4155,,运维/技术支持
4156,,测试
4157,,暂无分类
4158,,暂无分类
4159,,测试
4160,,暂无分类
4161,,暂无分类
4162,,暂无分类
4163,,运维/技术支持
4164,,电气
4165,,暂无分类
4166,,暂无分类
4167,,电气
4168,,暂无分类
4169,,暂无分类
4170,,暂无分类
4171,,运维/技术支持
4172,,暂无分类
4173,,实施
4174,,暂无分类
4175,,运维/技术支持
4176,,暂无分类
4177,,暂无分类
4178,,暂无分类
4179,,暂无分类
4180,,暂无分类
4181,,实施
4182,,暂无分类
4183,,暂无分类
4184,,暂无分类
4185,,暂无分类
4186,,运维/技术支持
4187,,运维/技术支持
4188,,暂无分类
4189,,电气
4190,,实施
4191,,硬件
4192,,暂无分类
4193,,暂无分类
4194,,暂无分类
4195,,暂无分类
4196,,实施
4197,,运维/技术支持
4198,,暂无分类
4199,,运维/技术支持
4200,,暂无分类
4201,,测试
4202,,暂无分类
4203,,暂无分类
4204,,暂无分类
4205,,运维/技术支持
4206,,暂无分类
4207,,实施
4208,,暂无分类
4209,,运维/技术支持
4210,,暂无分类
4211,,暂无分类
4212,,运维/技术支持
4213,,暂无分类
4214,,运维/技术支持
4215,,暂无分类
4216,,暂无分类
4217,,暂无分类
4218,,硬件
4219,,暂无分类
4220,,暂无分类
4221,,暂无分类
4222,,网络/系统安全
4223,,电气
4224,,暂无分类
4225,,暂无分类
4226,,运维/技术支持
4227,,暂无分类
4228,,运维/技术支持
4229,,暂无分类
4230,,暂无分类
4231,,运维/技术支持
4232,,硬件
4233,,实施
4234,,暂无分类
4235,,销售
4236,,销售
4237,,暂无分类
4238,,暂无分类
4239,,暂无分类
4240,,暂无分类
4241,,暂无分类
4242,,电气
4243,,暂无分类
4244,,暂无分类
4245,,暂无分类
4246,,暂无分类
4247,,运维/技术支持
4248,,暂无分类
4249,,硬件
4250,,运维/技术支持
4251,,暂无分类
4252,,电气
4253,,暂无分类
4254,,运维/技术支持
4255,,暂无分类
4256,,硬件
4257,,暂无分类
4258,,暂无分类
4259,,运维/技术支持
4260,,运维/技术支持
4261,,运维/技术支持
4262,,运维/技术支持
4263,,测试
4264,,暂无分类
4265,,暂无分类
4266,,电气
4267,,运维/技术支持
4268,,电气
4269,,暂无分类
4270,,运维/技术支持
4271,,暂无分类
4272,,电气
4273,,电气
4274,,硬件
4275,,实施
4276,,暂无分类
4277,,暂无分类
4278,,暂无分类
4279,,运维/技术支持
4280,,测试
4281,,暂无分类
4282,,暂无分类
4283,,运维/技术支持
4284,,暂无分类
4285,,实施
4286,,实施
4287,,暂无分类
4288,,电气
4289,,电气
4290,,C++
4291,,软件工程师
4292,,软件工程师
4293,,软件工程师
4294,,软件工程师
4295,,软件工程师
4296,,软件工程师
4297,,软件工程师
4298,,软件工程师
4299,,软件工程师
4300,,软件工程师
4301,,软件工程师
4302,,软件工程师
4303,,软件工程师
4304,,软件工程师
4305,,软件工程师
4306,,软件工程师
4307,,Java
4308,,软件工程师
4309,,软件工程师
4310,,C++
4311,,软件工程师
4312,,C++
4313,,软件工程师
4314,,软件工程师
4315,,软件工程师
4316,,软件工程师
4317,,软件工程师
4318,,软件工程师
4319,,软件工程师
4320,,软件工程师
4321,,软件工程师
4322,,软件工程师
4323,,软件工程师
4324,,软件工程师
4325,,软件工程师
4326,,C++
4327,,软件工程师
4328,,软件工程师
4329,,C++
4330,,软件工程师
4331,,软件工程师
4332,,软件工程师
4333,,软件工程师
4334,,C++
4335,,软件工程师
4336,,软件工程师
4337,,软件工程师
4338,,软件工程师
4339,,软件工程师
4340,,软件工程师
4341,,软件工程师
4342,,软件工程师
4343,,软件工程师
4344,,软件工程师
4345,,Java
4346,,软件工程师
4347,,软件工程师
4348,,软件工程师
4349,,软件工程师
4350,,前端
4351,,软件工程师
4352,,软件工程师
4353,,软件工程师
4354,,软件工程师
4355,,暂无分类
4356,,暂无分类
4357,,软件工程师
4358,,软件工程师
4359,,软件工程师
4360,,测试
4361,,运维/技术支持
4362,,软件工程师
4363,,软件工程师
4364,,测试
4365,,软件工程师
4366,,软件工程师
4367,,Java
4368,,Java
4369,,软件工程师
4370,,软件工程师
4371,,Java
4372,,软件工程师
4373,,软件工程师
4374,,Java
4375,,Java
4376,,Java
4377,,软件工程师
4378,,软件工程师
4379,,软件工程师
4380,,软件工程师
4381,,软件工程师
4382,,软件工程师
4383,,软件工程师
4384,,软件工程师
4385,,软件工程师
4386,,软件工程师
4387,,软件工程师
4388,,软件工程师
4389,,软件工程师
4390,,测试
4391,,软件工程师
4392,,C++
4393,,软件工程师
4394,,软件工程师
4395,,软件工程师
4396,,软件工程师
4397,,前端
4398,,软件工程师
4399,,软件工程师
4400,,软件工程师
4401,,软件工程师
4402,,软件工程师
4403,,软件工程师
4404,,软件工程师
4405,,软件工程师
4406,,软件工程师
4407,,软件工程师
4408,,软件工程师
4409,,软件工程师
4410,,软件工程师
4411,,软件工程师
4412,,软件工程师
4413,,软件工程师
4414,,软件工程师
4415,,软件工程师
4416,,软件工程师
4417,,软件工程师
4418,,软件工程师
4419,,软件工程师
4420,,软件工程师
4421,,软件工程师
4422,,软件工程师
4423,,软件工程师
4424,,软件工程师
4425,,软件工程师
4426,,软件工程师
4427,,软件工程师
4428,,软件工程师
4429,,软件工程师
4430,,软件工程师
4431,,软件工程师
4432,,前端
4433,,软件工程师
4434,,软件工程师
4435,,软件工程师
4436,,软件工程师
4437,,软件工程师
4438,,软件工程师
4439,,软件工程师
4440,,软件工程师
4441,,软件工程师
4442,,软件工程师
4443,,移动端
4444,,移动端
4445,,软件工程师
4446,,C++
4447,,软件工程师
4448,,软件工程师
4449,,软件工程师
4450,,软件工程师
4451,,软件工程师
4452,,软件工程师
4453,,软件工程师
4454,,软件工程师
4455,,软件工程师
4456,,软件工程师
4457,,软件工程师
4458,,软件工程师
4459,,软件工程师
4460,,软件工程师
4461,,软件工程师
4462,,软件工程师
4463,,软件工程师
4464,,软件工程师
4465,,软件工程师
4466,,软件工程师
4467,,软件工程师
4468,,软件工程师
4469,,软件工程师
4470,,软件工程师
4471,,软件工程师
4472,,软件工程师
4473,,软件工程师
4474,,软件工程师
4475,,软件工程师
4476,,软件工程师
4477,,软件工程师
4478,,软件工程师
4479,,软件工程师
4480,,软件工程师
4481,,C++
4482,,软件工程师
4483,,软件工程师
4484,,软件工程师
4485,,软件工程师
4486,,软件工程师
4487,,软件工程师
4488,,软件工程师
4489,,软件工程师
4490,,C++
4491,,软件工程师
4492,,软件工程师
4493,,软件工程师
4494,,软件工程师
4495,,软件工程师
4496,,软件工程师
4497,,软件工程师
4498,,软件工程师
4499,,C++
4500,,移动端
4501,,移动端
4502,,软件工程师
4503,,软件工程师
4504,,软件工程师
4505,,软件工程师
4506,,软件工程师
4507,,软件工程师
4508,,软件工程师
4509,,软件工程师
4510,,软件工程师
4511,,软件工程师
4512,,软件工程师
4513,,软件工程师
4514,,软件工程师
4515,,软件工程师
4516,,软件工程师
4517,,软件工程师
4518,,软件工程师
4519,,软件工程师
4520,,软件工程师
4521,,软件工程师
4522,,软件工程师
4523,,软件工程师
4524,,软件工程师
4525,,软件工程师
4526,,软件工程师
4527,,软件工程师
4528,,C++
4529,,C++
4530,,软件工程师
4531,,软件工程师
4532,,软件工程师
4533,,软件工程师
4534,,软件工程师
4535,,软件工程师
4536,,软件工程师
4537,,软件工程师
4538,,网络/系统安全
4539,,软件工程师
4540,,软件工程师
4541,,软件工程师
4542,,Java
4543,,软件工程师
4544,,软件工程师
4545,,软件工程师
4546,,软件工程师
4547,,软件工程师
4548,,前端
4549,,软件工程师
4550,,软件工程师
4551,,软件工程师
4552,,软件工程师
4553,,软件工程师
4554,,软件工程师
4555,,软件工程师
4556,,软件工程师
4557,,软件工程师
4558,,软件工程师
4559,,软件工程师
4560,,软件工程师
4561,,软件工程师
4562,,软件工程师
4563,,软件工程师
4564,,软件工程师
4565,,测试
4566,,软件工程师
4567,,软件工程师
4568,,测试
4569,,软件工程师
4570,,软件工程师
4571,,软件工程师
4572,,测试
4573,,测试
4574,,软件工程师
4575,,测试
4576,,软件工程师
4577,,测试
4578,,软件工程师
4579,,测试
4580,,软件工程师
4581,,软件工程师
4582,,软件工程师
4583,,软件工程师
4584,,软件工程师
4585,,软件工程师
4586,,软件工程师
4587,,软件工程师
4588,,软件工程师
4589,,软件工程师
4590,,软件工程师
4591,,软件工程师
4592,,测试
4593,,软件工程师
4594,,后端
4595,,软件工程师
4596,,软件工程师
4597,,软件工程师
4598,,软件工程师
4599,,软件工程师
4600,,软件工程师
4601,,软件工程师
4602,,运维/技术支持
4603,,软件工程师
4604,,软件工程师
4605,,测试
4606,,测试
4607,,测试
4608,,软件工程师
4609,,软件工程师
4610,,软件工程师
4611,,软件工程师
4612,,测试
4613,,测试
4614,,软件工程师
4615,,软件工程师
4616,,软件工程师
4617,,软件工程师
4618,,软件工程师
4619,,测试
4620,,软件工程师
4621,,软件工程师
4622,,软件工程师
4623,,软件工程师
4624,,软件工程师
4625,,软件工程师
4626,,软件工程师
4627,,移动端
4628,,软件工程师
4629,,软件工程师
4630,,软件工程师
4631,,软件工程师
4632,,软件工程师
4633,,软件工程师
4634,,软件工程师
4635,,软件工程师
4636,,软件工程师
4637,,软件工程师
4638,,软件工程师
4639,,软件工程师
4640,,软件工程师
4641,,软件工程师
4642,,软件工程师
4643,,软件工程师
4644,,软件工程师
4645,,软件工程师
4646,,软件工程师
4647,,软件工程师
4648,,测试
4649,,C++
4650,,软件工程师
4651,,C++
4652,,软件工程师
4653,,软件工程师
4654,,软件工程师
4655,,软件工程师
4656,,软件工程师
4657,,软件工程师
4658,,软件工程师
4659,,软件工程师
4660,,软件工程师
4661,,软件工程师
4662,,软件工程师
4663,,软件工程师
4664,,软件工程师
4665,,软件工程师
4666,,软件工程师
4667,,软件工程师
4668,,C++
4669,,软件工程师
4670,,软件工程师
4671,,软件工程师
4672,,软件工程师
4673,,软件工程师
4674,,软件工程师
4675,,软件工程师
4676,,软件工程师
4677,,软件工程师
4678,,软件工程师
4679,,软件工程师
4680,,软件工程师
4681,,软件工程师
4682,,软件工程师
4683,,软件工程师
4684,,软件工程师
4685,,软件工程师
4686,,软件工程师
4687,,软件工程师
4688,,软件工程师
4689,,软件工程师
4690,,软件工程师
4691,,软件工程师
4692,,软件工程师
4693,,软件工程师
4694,,软件工程师
4695,,C++
4696,,软件工程师
4697,,C++
4698,,软件工程师
4699,,软件工程师
4700,,软件工程师
4701,,软件工程师
4702,,软件工程师
4703,,软件工程师
4704,,软件工程师
4705,,软件工程师
4706,,软件工程师
4707,,软件工程师
4708,,软件工程师
4709,,软件工程师
4710,,软件工程师
4711,,软件工程师
4712,,软件工程师
4713,,软件工程师
4714,,C++
4715,,软件工程师
4716,,软件工程师
4717,,软件工程师
4718,,软件工程师
4719,,软件工程师
4720,,软件工程师
4721,,软件工程师
4722,,软件工程师
4723,,软件工程师
4724,,软件工程师
4725,,软件工程师
4726,,软件工程师
4727,,软件工程师
4728,,软件工程师
4729,,移动端
4730,,C++
4731,,软件工程师
4732,,软件工程师
4733,,软件工程师
4734,,软件工程师
4735,,C++
4736,,移动端
4737,,软件工程师
4738,,软件工程师
4739,,软件工程师
4740,,软件工程师
4741,,软件工程师
4742,,软件工程师
4743,,软件工程师
4744,,软件工程师
4745,,软件工程师
4746,,软件工程师
4747,,软件工程师
4748,,软件工程师
4749,,C++
4750,,C++
4751,,软件工程师
4752,,软件工程师
4753,,软件工程师
4754,,C++
4755,,软件工程师
4756,,软件工程师
4757,,软件工程师
4758,,软件工程师
4759,,软件工程师
4760,,软件工程师
4761,,软件工程师
4762,,软件工程师
4763,,移动端
4764,,软件工程师
4765,,软件工程师
4766,,软件工程师
4767,,软件工程师
4768,,软件工程师
4769,,软件工程师
4770,,软件工程师
4771,,软件工程师
4772,,软件工程师
4773,,软件工程师
4774,,软件工程师
4775,,软件工程师
4776,,软件工程师
4777,,Java
4778,,软件工程师
4779,,软件工程师
4780,,软件工程师
4781,,软件工程师
4782,,软件工程师
4783,,软件工程师
4784,,软件工程师
4785,,软件工程师
4786,,软件工程师
4787,,软件工程师
4788,,软件工程师
4789,,软件工程师
4790,,软件工程师
4791,,软件工程师
4792,,软件工程师
4793,,软件工程师
4794,,软件工程师
4795,,软件工程师
4796,,软件工程师
4797,,软件工程师
4798,,软件工程师
4799,,软件工程师
4800,,软件工程师
4801,,软件工程师
4802,,软件工程师
4803,,软件工程师
4804,,软件工程师
4805,,软件工程师
4806,,移动端
4807,,软件工程师
4808,,软件工程师
4809,,软件工程师
4810,,软件工程师
4811,,软件工程师
4812,,软件工程师
4813,,C++
4814,,软件工程师
4815,,软件工程师
4816,,软件工程师
4817,,软件工程师
4818,,软件工程师
4819,,软件工程师
4820,,软件工程师
4821,,软件工程师
4822,,C++
4823,,C++
4824,,软件工程师
4825,,C++
4826,,软件工程师
4827,,软件工程师
4828,,软件工程师
4829,,软件工程师
4830,,软件工程师
4831,,软件工程师
4832,,C++
4833,,软件工程师
4834,,软件工程师
4835,,软件工程师
4836,,软件工程师
4837,,软件工程师
4838,,C++
4839,,C++
4840,,C++
4841,,软件工程师
4842,,软件工程师
4843,,软件工程师
4844,,软件工程师
4845,,软件工程师
4846,,C++
4847,,软件工程师
4848,,软件工程师
4849,,软件工程师
4850,,C++
4851,,软件工程师
4852,,软件工程师
4853,,软件工程师
4854,,C++
4855,,C++
4856,,暂无分类
4857,,暂无分类
4858,,暂无分类
4859,,移动端
4860,,网络/系统安全
4861,,暂无分类
4862,,移动端
4863,,暂无分类
4864,,暂无分类
4865,,暂无分类
4866,,暂无分类
4867,,C++
4868,,C++
4869,,暂无分类
4870,,运维/技术支持
4871,,暂无分类
4872,,暂无分类
4873,,C++
4874,,暂无分类
4875,,C++
4876,,暂无分类
4877,,软件工程师
4878,,软件工程师
4879,,测试
4880,,软件工程师
4881,,软件工程师
4882,,销售
4883,,暂无分类
4884,,暂无分类
4885,,Java
4886,,Java
4887,,Java
4888,,Java
4889,,Java
4890,,Java
4891,,Java
4892,,暂无分类
4893,,暂无分类
4894,,暂无分类
4895,,销售
4896,,销售
4897,,暂无分类
4898,,暂无分类
4899,,暂无分类
4900,,暂无分类
4901,,前端
4902,,前端
4903,,实施
4904,,暂无分类
4905,,运维/技术支持
4906,,暂无分类
4907,,实施
4908,,网络/系统安全
4909,,暂无分类
4910,,移动端
4911,,销售
4912,,暂无分类
4913,,暂无分类
4914,,暂无分类
4915,,电气
4916,,运维/技术支持
4917,,Java
4918,,暂无分类
4919,,后端
4920,,暂无分类
4921,,硬件
4922,,暂无分类
4923,,暂无分类
4924,,暂无分类
4925,,暂无分类
4926,,暂无分类
4927,,暂无分类
4928,,暂无分类
4929,,暂无分类
4930,,暂无分类
4931,,网络/系统安全
4932,,暂无分类
4933,,暂无分类
4934,,网络/系统安全
4935,,暂无分类
4936,,暂无分类
4937,,电气
4938,,硬件
4939,,暂无分类
4940,,暂无分类
4941,,实施
4942,,暂无分类
4943,,暂无分类
4944,,暂无分类
4945,,硬件
4946,,网络/系统安全
4947,,暂无分类
4948,,暂无分类
4949,,数据
4950,,暂无分类
4951,,暂无分类
4952,,暂无分类
4953,,暂无分类
4954,,暂无分类
4955,,移动端
4956,,测试
4957,,暂无分类
4958,,前端
4959,,暂无分类
4960,,暂无分类
4961,,暂无分类
4962,,移动端
4963,,暂无分类
4964,,暂无分类
4965,,暂无分类
4966,,暂无分类
4967,,暂无分类
4968,,暂无分类
4969,,暂无分类
4970,,暂无分类
4971,,暂无分类
4972,,暂无分类
4973,,前端
4974,,运维/技术支持
4975,,暂无分类
4976,,算法
4977,,网络/系统安全
4978,,暂无分类
4979,,暂无分类
4980,,算法
4981,,网络/系统安全
4982,,暂无分类
4983,,暂无分类
4984,,暂无分类
4985,,移动端
4986,,暂无分类
4987,,暂无分类
4988,,暂无分类
4989,,暂无分类
4990,,暂无分类
4991,,暂无分类
4992,,暂无分类
4993,,暂无分类
4994,,暂无分类
4995,,暂无分类
4996,,暂无分类
4997,,暂无分类
4998,,暂无分类
4999,,暂无分类
5000,,暂无分类
5001,,暂无分类
5002,,暂无分类
5003,,暂无分类
5004,,暂无分类
5005,,暂无分类
5006,,暂无分类
5007,,暂无分类
5008,,暂无分类
5009,,暂无分类
5010,,暂无分类
5011,,暂无分类
5012,,暂无分类
5013,,暂无分类
5014,,暂无分类
5015,,暂无分类
5016,,暂无分类
5017,,暂无分类
5018,,暂无分类
5019,,暂无分类
5020,,暂无分类
5021,,暂无分类
5022,,暂无分类
5023,,暂无分类
5024,,暂无分类
5025,,暂无分类
5026,,暂无分类
5027,,暂无分类
5028,,暂无分类
5029,,暂无分类
5030,,暂无分类
5031,,暂无分类
5032,,暂无分类
5033,,暂无分类
5034,,暂无分类
5035,,暂无分类
5036,,暂无分类
5037,,暂无分类
5038,,暂无分类
5039,,暂无分类
5040,,Java
5041,,Java
5042,,前端
5043,,前端
5044,,暂无分类
5045,,移动端
5046,,暂无分类
5047,,Java
5048,,暂无分类
5049,,暂无分类
5050,,暂无分类
5051,,暂无分类
5052,,暂无分类
5053,,暂无分类
5054,,暂无分类
5055,,暂无分类
5056,,暂无分类
5057,,暂无分类
5058,,暂无分类
5059,,暂无分类
5060,,暂无分类
5061,,销售
5062,,暂无分类
5063,,运维/技术支持
5064,,暂无分类
5065,,暂无分类
5066,,暂无分类
5067,,销售
5068,,暂无分类
5069,,暂无分类
5070,,销售
5071,,暂无分类
5072,,暂无分类
5073,,暂无分类
5074,,暂无分类
5075,,暂无分类
5076,,运维/技术支持
5077,,暂无分类
5078,,销售
5079,,暂无分类
5080,,暂无分类
5081,,暂无分类
5082,,软件工程师
5083,,软件工程师
5084,,软件工程师
5085,,软件工程师
5086,,软件工程师
5087,,软件工程师
5088,,软件工程师
5089,,软件工程师
5090,,移动端
5091,,软件工程师
5092,,软件工程师
5093,,软件工程师
5094,,软件工程师
5095,,软件工程师
5096,,软件工程师
5097,,软件工程师
5098,,软件工程师
5099,,软件工程师
5100,,软件工程师
5101,,软件工程师
5102,,C++
5103,,软件工程师
5104,,软件工程师
5105,,软件工程师
5106,,软件工程师
5107,,软件工程师
5108,,软件工程师
5109,,软件工程师
5110,,软件工程师
5111,,C++
5112,,软件工程师
5113,,软件工程师
5114,,软件工程师
5115,,软件工程师
5116,,软件工程师
5117,,软件工程师
5118,,软件工程师
5119,,算法
5120,,软件工程师
5121,,软件工程师
5122,,C++
5123,,软件工程师
5124,,软件工程师
5125,,软件工程师
5126,,C++
5127,,软件工程师
5128,,软件工程师
5129,,网络/系统安全
5130,,软件工程师
5131,,软件工程师
5132,,软件工程师
5133,,软件工程师
5134,,软件工程师
5135,,软件工程师
5136,,软件工程师
5137,,软件工程师
5138,,软件工程师
5139,,软件工程师
5140,,软件工程师
5141,,软件工程师
5142,,软件工程师
5143,,软件工程师
5144,,软件工程师
5145,,软件工程师
5146,,软件工程师
5147,,软件工程师
5148,,软件工程师
5149,,软件工程师
5150,,软件工程师
5151,,软件工程师
5152,,软件工程师
5153,,测试
5154,,测试
5155,,测试
5156,,软件工程师
5157,,软件工程师
5158,,软件工程师
5159,,数据
5160,,测试
5161,,软件工程师
5162,,软件工程师
5163,,软件工程师
5164,,软件工程师
5165,,测试
5166,,软件工程师
5167,,软件工程师
5168,,软件工程师
5169,,测试
5170,,测试
5171,,软件工程师
5172,,测试
5173,,测试
5174,,测试
5175,,运维/技术支持
5176,,测试
5177,,软件工程师
5178,,软件工程师
5179,,软件工程师
5180,,软件工程师
5181,,测试
5182,,软件工程师
5183,,Java
5184,,Java
5185,,Java
5186,,Java
5187,,Java
5188,,Java
5189,,Java
5190,,软件工程师
5191,,Java
5192,,后端
5193,,Java
5194,,暂无分类
5195,,Java
5196,,Java
5197,,Java
5198,,Java
5199,,Java
5200,,Java
5201,,Java
5202,,Java
5203,,Java
5204,,Java
5205,,后端
5206,,Java
5207,,软件工程师
5208,,Java
5209,,后端
5210,,Java
5211,,Java
5212,,前端
5213,,Java
5214,,软件工程师
5215,,Java
5216,,暂无分类
5217,,暂无分类
5218,,软件工程师
5219,,前端
5220,,暂无分类
5221,,前端
5222,,前端
5223,,前端
5224,,C++
5225,,硬件
5226,,暂无分类
5227,,暂无分类
5228,,暂无分类
5229,,运维/技术支持
5230,,暂无分类
5231,,实施
5232,,测试
5233,,网络/系统安全
5234,,硬件
5235,,暂无分类
5236,,电气
5237,,暂无分类
5238,,暂无分类
5239,,暂无分类
5240,,暂无分类
5241,,算法
5242,,暂无分类
5243,,暂无分类
5244,,电气
5245,,暂无分类
5246,,暂无分类
5247,,测试
5248,,实施
5249,,暂无分类
5250,,暂无分类
5251,,硬件
5252,,暂无分类
5253,,暂无分类
5254,,暂无分类
5255,,硬件
5256,,暂无分类
5257,,硬件
5258,,暂无分类
5259,,暂无分类
5260,,电气
5261,,电气
5262,,暂无分类
5263,,暂无分类
5264,,实施
5265,,暂无分类
5266,,电气
5267,,暂无分类
5268,,实施
5269,,暂无分类
5270,,暂无分类
5271,,暂无分类
5272,,运维/技术支持
5273,,实施
5274,,运维/技术支持
5275,,暂无分类
5276,,运维/技术支持
5277,,暂无分类
5278,,暂无分类
5279,,暂无分类
5280,,暂无分类
5281,,暂无分类
5282,,暂无分类
5283,,测试
5284,,前端
5285,,暂无分类
5286,,暂无分类
5287,,暂无分类
5288,,测试
5289,,暂无分类
5290,,暂无分类
5291,,暂无分类
5292,,电气
5293,,电气
5294,,电气
5295,,暂无分类
5296,,运维/技术支持
5297,,暂无分类
5298,,暂无分类
5299,,Java
5300,,暂无分类
5301,,暂无分类
5302,,暂无分类
5303,,运维/技术支持
5304,,Python
5305,,暂无分类
5306,,实施
5307,,测试
5308,,暂无分类
5309,,暂无分类
5310,,暂无分类
5311,,网络/系统安全
5312,,暂无分类
5313,,运维/技术支持
5314,,Python
5315,,暂无分类
5316,,暂无分类
5317,,暂无分类
5318,,暂无分类
5319,,硬件
5320,,暂无分类
5321,,暂无分类
5322,,暂无分类
5323,,暂无分类
5324,,运维/技术支持
5325,,前端
5326,,暂无分类
5327,,暂无分类
5328,,暂无分类
5329,,暂无分类
5330,,暂无分类
5331,,暂无分类
5332,,暂无分类
5333,,暂无分类
5334,,暂无分类
5335,,暂无分类
5336,,暂无分类
5337,,测试
5338,,暂无分类
5339,,暂无分类
5340,,暂无分类
5341,,暂无分类
5342,,电气
5343,,Java
5344,,软件工程师
5345,,Java
5346,,软件工程师
5347,,软件工程师
5348,,软件工程师
5349,,软件工程师
5350,,软件工程师
5351,,软件工程师
5352,,软件工程师
5353,,软件工程师
5354,,软件工程师
5355,,软件工程师
5356,,软件工程师
5357,,软件工程师
5358,,软件工程师
5359,,软件工程师
5360,,软件工程师
5361,,软件工程师
5362,,软件工程师
5363,,软件工程师
5364,,软件工程师
5365,,软件工程师
5366,,软件工程师
5367,,软件工程师
5368,,软件工程师
5369,,前端
5370,,后端
5371,,软件工程师
5372,,软件工程师
5373,,软件工程师
5374,,软件工程师
5375,,软件工程师
5376,,软件工程师
5377,,软件工程师
5378,,软件工程师
5379,,软件工程师
5380,,软件工程师
5381,,软件工程师
5382,,软件工程师
5383,,软件工程师
5384,,软件工程师
5385,,软件工程师
5386,,软件工程师
5387,,软件工程师
5388,,软件工程师
5389,,软件工程师
5390,,软件工程师
5391,,软件工程师
5392,,前端
5393,,后端
5394,,软件工程师
5395,,软件工程师
5396,,软件工程师
5397,,软件工程师
5398,,软件工程师
5399,,软件工程师
5400,,软件工程师
5401,,软件工程师
5402,,软件工程师
5403,,软件工程师
5404,,C++
5405,,软件工程师
5406,,软件工程师
5407,,前端
5408,,C++
5409,,软件工程师
5410,,软件工程师
5411,,软件工程师
5412,,软件工程师
5413,,C++
5414,,软件工程师
5415,,软件工程师
5416,,软件工程师
5417,,软件工程师
5418,,软件工程师
5419,,软件工程师
5420,,软件工程师
5421,,Python
5422,,软件工程师
5423,,软件工程师
5424,,软件工程师
5425,,软件工程师
5426,,软件工程师
5427,,软件工程师
5428,,软件工程师
5429,,软件工程师
5430,,软件工程师
5431,,软件工程师
5432,,C++
5433,,软件工程师
5434,,软件工程师
5435,,软件工程师
5436,,软件工程师
5437,,软件工程师
5438,,软件工程师
5439,,软件工程师
5440,,软件工程师
5441,,软件工程师
5442,,软件工程师
5443,,软件工程师
5444,,C++
5445,,软件工程师
5446,,软件工程师
5447,,软件工程师
5448,,软件工程师
5449,,软件工程师
5450,,软件工程师
5451,,C++
5452,,软件工程师
5453,,软件工程师
5454,,移动端
5455,,软件工程师
5456,,软件工程师
5457,,前端
5458,,软件工程师
5459,,测试
5460,,软件工程师
5461,,软件工程师
5462,,Java
5463,,软件工程师
5464,,C++
5465,,软件工程师
5466,,软件工程师
5467,,软件工程师
5468,,软件工程师
5469,,软件工程师
5470,,软件工程师
5471,,软件工程师
5472,,软件工程师
5473,,软件工程师
5474,,软件工程师
5475,,软件工程师
5476,,软件工程师
5477,,软件工程师
5478,,软件工程师
5479,,软件工程师
5480,,测试
5481,,运维/技术支持
5482,,测试
5483,,测试
5484,,软件工程师
5485,,软件工程师
5486,,软件工程师
5487,,软件工程师
5488,,软件工程师
5489,,软件工程师
5490,,软件工程师
5491,,软件工程师
5492,,软件工程师
5493,,软件工程师
5494,,软件工程师
5495,,软件工程师
5496,,暂无分类
5497,,暂无分类
5498,,软件工程师
5499,,软件工程师
5500,,软件工程师
5501,,软件工程师
5502,,软件工程师
5503,,软件工程师
5504,,测试
5505,,软件工程师
5506,,测试
5507,,测试
5508,,软件工程师
5509,,软件工程师
5510,,测试
5511,,软件工程师
5512,,测试
5513,,软件工程师
5514,,测试
5515,,测试
5516,,测试
5517,,软件工程师
5518,,测试
5519,,运维/技术支持
5520,,测试
5521,,测试
5522,,测试
5523,,测试
5524,,软件工程师
5525,,测试
5526,,软件工程师
5527,,运维/技术支持
5528,,软件工程师
5529,,软件工程师
5530,,测试
5531,,测试
5532,,测试
5533,,测试
5534,,测试
5535,,软件工程师
5536,,软件工程师
5537,,测试
5538,,运维/技术支持
5539,,运维/技术支持
5540,,测试
5541,,测试
5542,,测试
5543,,测试
5544,,软件工程师
5545,,软件工程师
5546,,软件工程师
5547,,软件工程师
5548,,Java
5549,,Java
5550,,Java
5551,,Java
5552,,Java
5553,,软件工程师
5554,,软件工程师
5555,,Java
5556,,Java
5557,,Java
5558,,Java
5559,,软件工程师
5560,,Java
5561,,Java
5562,,软件工程师
5563,,Java
5564,,Java
5565,,软件工程师
5566,,Java
5567,,软件工程师
5568,,Java
5569,,Java
5570,,Java
5571,,软件工程师
5572,,Java
5573,,Java
5574,,Java
5575,,Java
5576,,Java
5577,,Java
5578,,Java
5579,,Java
5580,,软件工程师
5581,,软件工程师
5582,,软件工程师
5583,,软件工程师
5584,,软件工程师
5585,,Java
5586,,Java
5587,,Java
5588,,软件工程师
5589,,软件工程师
5590,,软件工程师
5591,,软件工程师
5592,,软件工程师
5593,,软件工程师
5594,,软件工程师
5595,,软件工程师
5596,,软件工程师
5597,,软件工程师
5598,,软件工程师
5599,,C++
5600,,C++
5601,,C++
5602,,软件工程师
5603,,软件工程师
5604,,软件工程师
5605,,软件工程师
5606,,软件工程师
5607,,软件工程师
5608,,C++
5609,,软件工程师
5610,,软件工程师
5611,,软件工程师
5612,,软件工程师
5613,,前端
5614,,软件工程师
5615,,软件工程师
5616,,软件工程师
5617,,软件工程师
5618,,软件工程师
5619,,软件工程师
5620,,软件工程师
5621,,C++
5622,,软件工程师
5623,,软件工程师
5624,,软件工程师
5625,,软件工程师
5626,,软件工程师
5627,,软件工程师
5628,,软件工程师
5629,,软件工程师
5630,,软件工程师
5631,,软件工程师
5632,,软件工程师
5633,,软件工程师
5634,,软件工程师
5635,,软件工程师
5636,,软件工程师
5637,,软件工程师
5638,,软件工程师
5639,,软件工程师
5640,,软件工程师
5641,,软件工程师
5642,,软件工程师
5643,,软件工程师
5644,,软件工程师
5645,,软件工程师
5646,,软件工程师
5647,,软件工程师
5648,,软件工程师
5649,,软件工程师
5650,,软件工程师
5651,,C++
5652,,C++
5653,,软件工程师
5654,,软件工程师
5655,,软件工程师
5656,,软件工程师
5657,,软件工程师
5658,,前端
5659,,Java
5660,,软件工程师
5661,,软件工程师
5662,,软件工程师
5663,,软件工程师
5664,,软件工程师
5665,,软件工程师
5666,,软件工程师
5667,,软件工程师
5668,,软件工程师
5669,,软件工程师
5670,,软件工程师
5671,,软件工程师
5672,,软件工程师
5673,,软件工程师
5674,,软件工程师
5675,,软件工程师
5676,,测试
5677,,软件工程师
5678,,软件工程师
5679,,软件工程师
5680,,软件工程师
5681,,Java
5682,,软件工程师
5683,,软件工程师
5684,,软件工程师
5685,,C++
5686,,软件工程师
5687,,软件工程师
5688,,移动端
5689,,测试
5690,,软件工程师
5691,,软件工程师
5692,,软件工程师
5693,,软件工程师
5694,,软件工程师
5695,,软件工程师
5696,,软件工程师
5697,,软件工程师
5698,,软件工程师
5699,,软件工程师
5700,,软件工程师
5701,,软件工程师
5702,,软件工程师
5703,,软件工程师
5704,,软件工程师
5705,,软件工程师
5706,,软件工程师
5707,,软件工程师
5708,,软件工程师
5709,,软件工程师
5710,,软件工程师
5711,,软件工程师
5712,,软件工程师
5713,,软件工程师
5714,,软件工程师
5715,,软件工程师
5716,,软件工程师
5717,,软件工程师
5718,,软件工程师
5719,,软件工程师
5720,,软件工程师
5721,,软件工程师
5722,,软件工程师
5723,,软件工程师
5724,,软件工程师
5725,,软件工程师
5726,,软件工程师
5727,,软件工程师
5728,,软件工程师
5729,,软件工程师
5730,,软件工程师
5731,,软件工程师
5732,,软件工程师
5733,,软件工程师
5734,,软件工程师
5735,,软件工程师
5736,,软件工程师
5737,,软件工程师
5738,,软件工程师
5739,,软件工程师
5740,,软件工程师
5741,,软件工程师
5742,,C++
5743,,软件工程师
5744,,软件工程师
5745,,软件工程师
5746,,软件工程师
5747,,软件工程师
5748,,软件工程师
5749,,软件工程师
5750,,软件工程师
5751,,软件工程师
5752,,软件工程师
5753,,软件工程师
5754,,软件工程师
5755,,软件工程师
5756,,软件工程师
5757,,移动端
5758,,软件工程师
5759,,软件工程师
5760,,移动端
5761,,软件工程师
5762,,软件工程师
5763,,软件工程师
5764,,软件工程师
5765,,软件工程师
5766,,软件工程师
5767,,软件工程师
5768,,软件工程师
5769,,软件工程师
5770,,软件工程师
5771,,移动端
5772,,软件工程师
5773,,软件工程师
5774,,软件工程师
5775,,C++
5776,,软件工程师
5777,,软件工程师
5778,,C++
5779,,软件工程师
5780,,软件工程师
5781,,软件工程师
5782,,软件工程师
5783,,软件工程师
5784,,软件工程师
5785,,软件工程师
5786,,软件工程师
5787,,软件工程师
5788,,软件工程师
5789,,软件工程师
5790,,软件工程师
5791,,软件工程师
5792,,C++
5793,,软件工程师
5794,,软件工程师
5795,,算法
5796,,C++
5797,,软件工程师
5798,,软件工程师
5799,,软件工程师
5800,,软件工程师
5801,,C++
5802,,软件工程师
5803,,软件工程师
5804,,软件工程师
5805,,C++
5806,,软件工程师
5807,,软件工程师
5808,,软件工程师
5809,,前端
5810,,软件工程师
5811,,C++
5812,,软件工程师
5813,,软件工程师
5814,,前端
5815,,软件工程师
5816,,软件工程师
5817,,软件工程师
5818,,软件工程师
5819,,软件工程师
5820,,软件工程师
5821,,前端
5822,,软件工程师
5823,,软件工程师
5824,,软件工程师
5825,,软件工程师
5826,,软件工程师
5827,,前端
5828,,软件工程师
5829,,C++
5830,,软件工程师
5831,,软件工程师
5832,,软件工程师
5833,,软件工程师
5834,,软件工程师
5835,,软件工程师
5836,,软件工程师
5837,,前端
5838,,C++
5839,,软件工程师
5840,,前端
5841,,软件工程师
5842,,软件工程师
5843,,软件工程师
5844,,软件工程师
5845,,软件工程师
5846,,软件工程师
5847,,前端
5848,,软件工程师
5849,,软件工程师
5850,,前端
5851,,软件工程师
5852,,C++
5853,,软件工程师
5854,,软件工程师
5855,,软件工程师
5856,,软件工程师
5857,,软件工程师
5858,,软件工程师
5859,,软件工程师
5860,,前端
5861,,C++
5862,,软件工程师
5863,,软件工程师
5864,,软件工程师
5865,,软件工程师
5866,,软件工程师
5867,,软件工程师
5868,,软件工程师
5869,,软件工程师
5870,,软件工程师
5871,,软件工程师
5872,,C++
5873,,C++
5874,,软件工程师
5875,,软件工程师
5876,,软件工程师
5877,,软件工程师
5878,,软件工程师
5879,,软件工程师
5880,,软件工程师
5881,,C++
5882,,软件工程师
5883,,软件工程师
5884,,前端
5885,,软件工程师
5886,,软件工程师
5887,,软件工程师
5888,,软件工程师
5889,,软件工程师
5890,,软件工程师
5891,,软件工程师
5892,,软件工程师
5893,,软件工程师
5894,,软件工程师
5895,,软件工程师
5896,,C++
5897,,软件工程师
5898,,软件工程师
5899,,软件工程师
5900,,软件工程师
5901,,软件工程师
5902,,软件工程师
5903,,软件工程师
5904,,软件工程师
5905,,软件工程师
5906,,软件工程师
5907,,软件工程师
5908,,C++
5909,,软件工程师
5910,,软件工程师
5911,,软件工程师
5912,,软件工程师
5913,,软件工程师
5914,,软件工程师
5915,,软件工程师
5916,,软件工程师
5917,,软件工程师
5918,,软件工程师
5919,,软件工程师
5920,,软件工程师
5921,,软件工程师
5922,,软件工程师
5923,,软件工程师
5924,,软件工程师
5925,,软件工程师
5926,,软件工程师
5927,,软件工程师
5928,,软件工程师
5929,,软件工程师
5930,,软件工程师
5931,,软件工程师
5932,,软件工程师
5933,,软件工程师
5934,,软件工程师
5935,,数据
5936,,软件工程师
5937,,后端
5938,,软件工程师
5939,,软件工程师
5940,,C++
5941,,软件工程师
5942,,C++
5943,,软件工程师
5944,,软件工程师
5945,,软件工程师
5946,,软件工程师
5947,,软件工程师
5948,,软件工程师
5949,,软件工程师
5950,,软件工程师
5951,,移动端
5952,,软件工程师
5953,,软件工程师
5954,,算法
5955,,软件工程师
5956,,软件工程师
5957,,软件工程师
5958,,软件工程师
5959,,软件工程师
5960,,软件工程师
5961,,软件工程师
5962,,软件工程师
5963,,软件工程师
5964,,软件工程师
5965,,软件工程师
5966,,Python
5967,,软件工程师
5968,,软件工程师
5969,,Java
5970,,Java
5971,,Java
5972,,软件工程师
5973,,软件工程师
5974,,软件工程师
5975,,软件工程师
5976,,软件工程师
5977,,软件工程师
5978,,软件工程师
5979,,软件工程师
5980,,软件工程师
5981,,软件工程师
5982,,软件工程师
5983,,软件工程师
5984,,软件工程师
5985,,软件工程师
5986,,测试
5987,,软件工程师
5988,,软件工程师
5989,,软件工程师
5990,,前端
5991,,软件工程师
5992,,软件工程师
5993,,软件工程师
5994,,软件工程师
5995,,软件工程师
5996,,软件工程师
5997,,软件工程师
5998,,软件工程师
5999,,软件工程师
6000,,软件工程师
6001,,软件工程师
6002,,软件工程师
6003,,软件工程师
6004,,软件工程师
6005,,软件工程师
6006,,软件工程师
6007,,软件工程师
6008,,软件工程师
6009,,软件工程师
6010,,软件工程师
6011,,软件工程师
6012,,软件工程师
6013,,软件工程师
6014,,软件工程师
6015,,软件工程师
6016,,软件工程师
6017,,软件工程师
6018,,软件工程师
6019,,软件工程师
6020,,软件工程师
6021,,C++
6022,,软件工程师
6023,,软件工程师
6024,,软件工程师
6025,,Python
6026,,Python
6027,,软件工程师
6028,,软件工程师
6029,,软件工程师
6030,,软件工程师
6031,,软件工程师
6032,,软件工程师
6033,,软件工程师
6034,,软件工程师
6035,,软件工程师
6036,,软件工程师
6037,,软件工程师
6038,,软件工程师
6039,,Java
6040,,测试
6041,,软件工程师
6042,,软件工程师
6043,,软件工程师
6044,,软件工程师
6045,,软件工程师
6046,,软件工程师
6047,,软件工程师
6048,,软件工程师
6049,,软件工程师
6050,,软件工程师
6051,,软件工程师
6052,,软件工程师
6053,,软件工程师
6054,,移动端
6055,,软件工程师
6056,,软件工程师
6057,,软件工程师
6058,,软件工程师
6059,,软件工程师
6060,,软件工程师
6061,,软件工程师
6062,,C++
6063,,C++
6064,,软件工程师
6065,,软件工程师
6066,,软件工程师
6067,,软件工程师
6068,,C++
6069,,软件工程师
6070,,软件工程师
6071,,软件工程师
6072,,Java
6073,,C++
6074,,软件工程师
6075,,软件工程师
6076,,软件工程师
6077,,软件工程师
6078,,软件工程师
6079,,移动端
6080,,算法
6081,,软件工程师
6082,,软件工程师
6083,,软件工程师
6084,,数据
6085,,C++
6086,,C++
6087,,软件工程师
6088,,C++
6089,,软件工程师
6090,,软件工程师
6091,,软件工程师
6092,,软件工程师
6093,,软件工程师
6094,,软件工程师
6095,,软件工程师
6096,,软件工程师
6097,,软件工程师
6098,,软件工程师
6099,,软件工程师
6100,,C++
6101,,软件工程师
6102,,软件工程师
6103,,软件工程师
6104,,软件工程师
6105,,软件工程师
6106,,软件工程师
6107,,软件工程师
6108,,软件工程师
6109,,软件工程师
6110,,软件工程师
6111,,软件工程师
6112,,软件工程师
6113,,软件工程师
6114,,软件工程师
6115,,软件工程师
6116,,软件工程师
6117,,软件工程师
6118,,软件工程师
6119,,软件工程师
6120,,软件工程师
6121,,软件工程师
6122,,软件工程师
6123,,软件工程师
6124,,Java
6125,,软件工程师
6126,,软件工程师
6127,,后端
6128,,软件工程师
6129,,软件工程师
6130,,软件工程师
6131,,软件工程师
6132,,软件工程师
6133,,软件工程师
6134,,软件工程师
6135,,软件工程师
6136,,软件工程师
6137,,C++
6138,,软件工程师
6139,,软件工程师
6140,,软件工程师
6141,,C++
6142,,C++
6143,,软件工程师
6144,,软件工程师
6145,,软件工程师
6146,,软件工程师
6147,,软件工程师
6148,,软件工程师
6149,,软件工程师
6150,,软件工程师
6151,,软件工程师
6152,,软件工程师
6153,,软件工程师
6154,,软件工程师
6155,,软件工程师
6156,,软件工程师
6157,,软件工程师
6158,,软件工程师
6159,,软件工程师
6160,,软件工程师
6161,,C++
6162,,软件工程师
6163,,软件工程师
6164,,移动端
6165,,软件工程师
6166,,软件工程师
6167,,软件工程师
6168,,C++
6169,,网络/系统安全
6170,,软件工程师
6171,,C++
6172,,C++
6173,,软件工程师
6174,,软件工程师
6175,,软件工程师
6176,,暂无分类
6177,,软件工程师
6178,,软件工程师
6179,,软件工程师
6180,,软件工程师
6181,,软件工程师
6182,,软件工程师
6183,,移动端
6184,,软件工程师
6185,,前端
6186,,软件工程师
6187,,软件工程师
6188,,软件工程师
6189,,软件工程师
6190,,软件工程师
6191,,软件工程师
6192,,暂无分类
6193,,暂无分类
6194,,暂无分类
6195,,暂无分类
6196,,暂无分类
6197,,暂无分类
6198,,暂无分类
6199,,C++
6200,,算法
6201,,软件工程师
6202,,软件工程师
6203,,软件工程师
6204,,软件工程师
6205,,软件工程师
6206,,软件工程师
6207,,软件工程师
6208,,软件工程师
6209,,软件工程师
6210,,软件工程师
6211,,测试
6212,,软件工程师
6213,,软件工程师
6214,,软件工程师
6215,,软件工程师
6216,,软件工程师
6217,,软件工程师
6218,,软件工程师
6219,,软件工程师
6220,,软件工程师
6221,,软件工程师
6222,,软件工程师
6223,,软件工程师
6224,,软件工程师
6225,,软件工程师
6226,,软件工程师
6227,,软件工程师
6228,,软件工程师
6229,,软件工程师
6230,,暂无分类
6231,,移动端
6232,,软件工程师
6233,,软件工程师
6234,,软件工程师
6235,,软件工程师
6236,,C++
6237,,软件工程师
6238,,软件工程师
6239,,C++
6240,,数据
6241,,软件工程师
6242,,软件工程师
6243,,移动端
6244,,软件工程师
6245,,前端
6246,,软件工程师
6247,,软件工程师
6248,,软件工程师
6249,,软件工程师
6250,,移动端
6251,,软件工程师
6252,,软件工程师
6253,,软件工程师
6254,,软件工程师
6255,,软件工程师
6256,,C++
6257,,软件工程师
6258,,软件工程师
6259,,软件工程师
6260,,软件工程师
6261,,软件工程师
6262,,软件工程师
6263,,软件工程师
6264,,软件工程师
6265,,软件工程师
6266,,软件工程师
6267,,移动端
6268,,软件工程师
6269,,软件工程师
6270,,软件工程师
6271,,C++
6272,,C++
6273,,软件工程师
6274,,测试
6275,,软件工程师
6276,,算法
6277,,暂无分类
6278,,软件工程师
6279,,软件工程师
6280,,软件工程师
6281,,测试
6282,,软件工程师
6283,,软件工程师
6284,,软件工程师
6285,,测试
6286,,软件工程师
6287,,Java
6288,,软件工程师
6289,,软件工程师
6290,,软件工程师
6291,,移动端
6292,,C++
6293,,软件工程师
6294,,软件工程师
6295,,软件工程师
6296,,软件工程师
6297,,软件工程师
6298,,软件工程师
6299,,软件工程师
6300,,软件工程师
6301,,软件工程师
6302,,软件工程师
6303,,算法
6304,,软件工程师
6305,,软件工程师
6306,,软件工程师
6307,,软件工程师
6308,,软件工程师
6309,,前端
6310,,后端
6311,,软件工程师
6312,,暂无分类
6313,,算法
6314,,实施
6315,,算法
6316,,硬件
6317,,暂无分类
6318,,算法
6319,,算法
6320,,暂无分类
6321,,暂无分类
6322,,算法
6323,,C++
6324,,暂无分类
6325,,暂无分类
6326,,网络/系统安全
6327,,算法
6328,,暂无分类
6329,,暂无分类
6330,,数据
6331,,数据
6332,,暂无分类
6333,,暂无分类
6334,,暂无分类
6335,,暂无分类
6336,,暂无分类
6337,,暂无分类
6338,,暂无分类
6339,,暂无分类
6340,,暂无分类
6341,,暂无分类
6342,,Java
6343,,Python
6344,,数据
6345,,暂无分类
6346,,暂无分类
6347,,暂无分类
6348,,暂无分类
6349,,暂无分类
6350,,暂无分类
6351,,暂无分类
6352,,暂无分类
6353,,销售
6354,,暂无分类
6355,,暂无分类
6356,,网络/系统安全
6357,,暂无分类
6358,,暂无分类
6359,,暂无分类
6360,,暂无分类
6361,,暂无分类
6362,,暂无分类
6363,,暂无分类
6364,,暂无分类
6365,,暂无分类
6366,,暂无分类
6367,,暂无分类
6368,,暂无分类
6369,,暂无分类
6370,,暂无分类
6371,,暂无分类
6372,,暂无分类
6373,,暂无分类
6374,,暂无分类
6375,,暂无分类
6376,,暂无分类
6377,,暂无分类
6378,,暂无分类
6379,,暂无分类
6380,,暂无分类
6381,,暂无分类
6382,,暂无分类
6383,,暂无分类
6384,,暂无分类
6385,,暂无分类
6386,,暂无分类
6387,,暂无分类
6388,,暂无分类
6389,,暂无分类
6390,,暂无分类
6391,,数据
6392,,暂无分类
6393,,暂无分类
6394,,教师
6395,,暂无分类
6396,,暂无分类
6397,,暂无分类
6398,,暂无分类
6399,,暂无分类
6400,,暂无分类
6401,,暂无分类
6402,,暂无分类
6403,,暂无分类
6404,,暂无分类
6405,,暂无分类
6406,,暂无分类
6407,,暂无分类
6408,,暂无分类
6409,,暂无分类
6410,,暂无分类
6411,,暂无分类
6412,,软件工程师
6413,,算法
6414,,算法
6415,,硬件
6416,,暂无分类
6417,,电气
6418,,暂无分类
6419,,暂无分类
6420,,测试
6421,,暂无分类
6422,,前端
6423,,暂无分类
6424,,暂无分类
6425,,硬件
6426,,暂无分类
6427,,暂无分类
6428,,暂无分类
6429,,暂无分类
6430,,暂无分类
6431,,暂无分类
6432,,暂无分类
6433,,暂无分类
6434,,暂无分类
6435,,暂无分类
6436,,暂无分类
6437,,暂无分类
6438,,暂无分类
6439,,暂无分类
6440,,暂无分类
6441,,暂无分类
6442,,暂无分类
6443,,暂无分类
6444,,软件工程师
6445,,暂无分类
6446,,暂无分类
6447,,暂无分类
6448,,软件工程师
6449,,软件工程师
6450,,软件工程师
6451,,软件工程师
6452,,Python
6453,,软件工程师
6454,,软件工程师
6455,,软件工程师
6456,,软件工程师
6457,,软件工程师
6458,,软件工程师
6459,,软件工程师
6460,,软件工程师
6461,,软件工程师
6462,,软件工程师
6463,,软件工程师
6464,,软件工程师
6465,,软件工程师
6466,,软件工程师
6467,,软件工程师
6468,,软件工程师
6469,,软件工程师
6470,,软件工程师
6471,,软件工程师
6472,,软件工程师
6473,,软件工程师
6474,,软件工程师
6475,,软件工程师
6476,,软件工程师
6477,,软件工程师
6478,,软件工程师
6479,,软件工程师
6480,,软件工程师
6481,,软件工程师
6482,,软件工程师
6483,,软件工程师
6484,,软件工程师
6485,,软件工程师
6486,,软件工程师
6487,,软件工程师
6488,,软件工程师
6489,,软件工程师
6490,,软件工程师
6491,,软件工程师
6492,,C++
6493,,C++
6494,,软件工程师
6495,,软件工程师
6496,,软件工程师
6497,,软件工程师
6498,,C++
6499,,软件工程师
6500,,软件工程师
6501,,软件工程师
6502,,软件工程师
6503,,移动端
6504,,C++
6505,,软件工程师
6506,,软件工程师
6507,,C++
6508,,网络/系统安全
6509,,数据
6510,,Python
6511,,Python
6512,,软件工程师
6513,,软件工程师
6514,,软件工程师
6515,,软件工程师
6516,,软件工程师
6517,,软件工程师
6518,,软件工程师
6519,,软件工程师
6520,,软件工程师
6521,,软件工程师
6522,,暂无分类
6523,,暂无分类
6524,,暂无分类
6525,,软件工程师
6526,,软件工程师
6527,,软件工程师
6528,,软件工程师
6529,,测试
6530,,测试
6531,,软件工程师
6532,,测试
6533,,软件工程师
6534,,软件工程师
6535,,测试
6536,,测试
6537,,测试
6538,,软件工程师
6539,,测试
6540,,算法
6541,,测试
6542,,测试
6543,,软件工程师
6544,,软件工程师
6545,,软件工程师
6546,,软件工程师
6547,,软件工程师
6548,,软件工程师
6549,,软件工程师
6550,,软件工程师
6551,,软件工程师
6552,,软件工程师
6553,,软件工程师
6554,,软件工程师
6555,,软件工程师
6556,,软件工程师
6557,,软件工程师
6558,,软件工程师
6559,,软件工程师
6560,,软件工程师
6561,,软件工程师
6562,,软件工程师
6563,,软件工程师
6564,,软件工程师
6565,,软件工程师
6566,,软件工程师
6567,,软件工程师
6568,,软件工程师
6569,,软件工程师
6570,,软件工程师
6571,,软件工程师
6572,,软件工程师
6573,,软件工程师
6574,,软件工程师
6575,,网络/系统安全
6576,,软件工程师
6577,,测试
6578,,软件工程师
6579,,测试
6580,,软件工程师
6581,,软件工程师
6582,,软件工程师
6583,,软件工程师
6584,,软件工程师
6585,,软件工程师
6586,,软件工程师
6587,,软件工程师
6588,,软件工程师
6589,,Java
6590,,测试
6591,,软件工程师
6592,,暂无分类
6593,,软件工程师
6594,,测试
6595,,Java
6596,,Java
6597,,暂无分类
6598,,Java
6599,,Java
6600,,软件工程师
6601,,Java
6602,,暂无分类
6603,,Java
6604,,Java
6605,,后端
6606,,暂无分类
6607,,暂无分类
6608,,网络/系统安全
6609,,暂无分类
6610,,暂无分类
6611,,暂无分类
6612,,前端
6613,,前端
6614,,暂无分类
6615,,暂无分类
6616,,暂无分类
6617,,暂无分类
6618,,暂无分类
6619,,暂无分类
6620,,暂无分类
6621,,暂无分类
6622,,暂无分类
6623,,暂无分类
6624,,算法
6625,,暂无分类
6626,,算法
6627,,暂无分类
6628,,电气
6629,,暂无分类
6630,,硬件
6631,,硬件
6632,,暂无分类
6633,,暂无分类
6634,,暂无分类
6635,,暂无分类
6636,,暂无分类
6637,,暂无分类
6638,,暂无分类
6639,,暂无分类
6640,,暂无分类
6641,,暂无分类
6642,,暂无分类
6643,,暂无分类
6644,,暂无分类
6645,,暂无分类
6646,,暂无分类
6647,,电气
6648,,暂无分类
6649,,暂无分类
6650,,暂无分类
6651,,暂无分类
6652,,暂无分类
6653,,暂无分类
6654,,暂无分类
6655,,暂无分类
6656,,暂无分类
6657,,暂无分类
6658,,暂无分类
6659,,电气
6660,,运维/技术支持
6661,,暂无分类
6662,,暂无分类
6663,,测试
6664,,暂无分类
6665,,暂无分类
6666,,暂无分类
6667,,暂无分类
6668,,暂无分类
6669,,暂无分类
6670,,暂无分类
6671,,暂无分类
6672,,暂无分类
6673,,暂无分类
6674,,暂无分类
6675,,暂无分类
6676,,暂无分类
6677,,电气
6678,,暂无分类
6679,,暂无分类
6680,,暂无分类
6681,,暂无分类
6682,,算法
6683,,硬件
6684,,暂无分类
6685,,暂无分类
6686,,暂无分类
6687,,暂无分类
6688,,暂无分类
6689,,暂无分类
6690,,暂无分类
6691,,暂无分类
6692,,暂无分类
6693,,电气
6694,,电气
6695,,暂无分类
6696,,暂无分类
6697,,暂无分类
6698,,暂无分类
6699,,暂无分类
6700,,暂无分类
6701,,硬件
6702,,暂无分类
6703,,暂无分类
6704,,暂无分类
6705,,算法
6706,,暂无分类
6707,,暂无分类
6708,,暂无分类
6709,,暂无分类
6710,,暂无分类
6711,,暂无分类
6712,,暂无分类
6713,,电气
6714,,暂无分类
6715,,C++
6716,,C++
6717,,软件工程师
6718,,软件工程师
6719,,软件工程师
6720,,软件工程师
6721,,C++
6722,,C++
6723,,软件工程师
6724,,软件工程师
6725,,软件工程师
6726,,软件工程师
6727,,软件工程师
6728,,软件工程师
6729,,软件工程师
6730,,软件工程师
6731,,软件工程师
6732,,软件工程师
6733,,软件工程师
6734,,软件工程师
6735,,软件工程师
6736,,软件工程师
6737,,C++
6738,,软件工程师
6739,,软件工程师
6740,,软件工程师
6741,,软件工程师
6742,,后端
6743,,软件工程师
6744,,软件工程师
6745,,软件工程师
6746,,软件工程师
6747,,C++
6748,,软件工程师
6749,,C++
6750,,软件工程师
6751,,C++
6752,,软件工程师
6753,,软件工程师
6754,,C++
6755,,软件工程师
6756,,软件工程师
6757,,C++
6758,,C++
6759,,软件工程师
6760,,软件工程师
6761,,C++
6762,,软件工程师
6763,,C++
6764,,软件工程师
6765,,软件工程师
6766,,C++
6767,,软件工程师
6768,,软件工程师
6769,,软件工程师
6770,,软件工程师
6771,,软件工程师
6772,,C++
6773,,软件工程师
6774,,C++
6775,,软件工程师
6776,,软件工程师
6777,,软件工程师
6778,,C++
6779,,软件工程师
6780,,软件工程师
6781,,软件工程师
6782,,软件工程师
6783,,软件工程师
6784,,软件工程师
6785,,软件工程师
6786,,软件工程师
6787,,软件工程师
6788,,软件工程师
6789,,软件工程师
6790,,软件工程师
6791,,C++
6792,,软件工程师
6793,,软件工程师
6794,,软件工程师
6795,,软件工程师
6796,,软件工程师
6797,,软件工程师
6798,,软件工程师
6799,,C++
6800,,C++
6801,,软件工程师
6802,,软件工程师
6803,,软件工程师
6804,,软件工程师
6805,,软件工程师
6806,,软件工程师
6807,,软件工程师
6808,,软件工程师
6809,,软件工程师
6810,,软件工程师
6811,,软件工程师
6812,,软件工程师
6813,,软件工程师
6814,,软件工程师
6815,,软件工程师
6816,,软件工程师
6817,,C++
6818,,软件工程师
6819,,软件工程师
6820,,软件工程师
6821,,软件工程师
6822,,算法
6823,,软件工程师
6824,,算法
6825,,软件工程师
6826,,软件工程师
6827,,软件工程师
6828,,软件工程师
6829,,软件工程师
6830,,软件工程师
6831,,C++
6832,,C++
6833,,软件工程师
6834,,算法
6835,,软件工程师
6836,,软件工程师
6837,,软件工程师
6838,,C++
6839,,软件工程师
6840,,软件工程师
6841,,软件工程师
6842,,软件工程师
6843,,软件工程师
6844,,C++
6845,,C++
6846,,软件工程师
6847,,C++
6848,,软件工程师
6849,,软件工程师
6850,,C++
6851,,软件工程师
6852,,软件工程师
6853,,软件工程师
6854,,软件工程师
6855,,C++
6856,,C++
6857,,软件工程师
6858,,软件工程师
6859,,软件工程师
6860,,软件工程师
6861,,软件工程师
6862,,软件工程师
6863,,软件工程师
6864,,软件工程师
6865,,软件工程师
6866,,软件工程师
6867,,软件工程师
6868,,软件工程师
6869,,软件工程师
6870,,软件工程师
6871,,算法
6872,,软件工程师
6873,,软件工程师
6874,,软件工程师
6875,,软件工程师
6876,,软件工程师
6877,,软件工程师
6878,,软件工程师
6879,,软件工程师
6880,,软件工程师
6881,,软件工程师
6882,,软件工程师
6883,,软件工程师
6884,,软件工程师
6885,,软件工程师
6886,,软件工程师
6887,,软件工程师
6888,,软件工程师
6889,,软件工程师
6890,,算法
6891,,软件工程师
6892,,软件工程师
6893,,软件工程师
6894,,软件工程师
6895,,软件工程师
6896,,软件工程师
6897,,软件工程师
6898,,软件工程师
6899,,软件工程师
6900,,软件工程师
6901,,软件工程师
6902,,软件工程师
6903,,软件工程师
6904,,C++
6905,,软件工程师
6906,,测试
6907,,算法
6908,,软件工程师
6909,,软件工程师
6910,,软件工程师
6911,,软件工程师
6912,,软件工程师
6913,,软件工程师
6914,,软件工程师
6915,,软件工程师
6916,,软件工程师
6917,,软件工程师
6918,,软件工程师
6919,,软件工程师
6920,,软件工程师
6921,,C++
6922,,C++
6923,,C++
6924,,软件工程师
6925,,软件工程师
6926,,软件工程师
6927,,软件工程师
6928,,软件工程师
6929,,C++
6930,,软件工程师
6931,,软件工程师
6932,,软件工程师
6933,,软件工程师
6934,,软件工程师
6935,,软件工程师
6936,,软件工程师
6937,,软件工程师
6938,,软件工程师
6939,,软件工程师
6940,,软件工程师
6941,,软件工程师
6942,,软件工程师
6943,,软件工程师
6944,,网络/系统安全
6945,,软件工程师
6946,,数据
6947,,C++
6948,,软件工程师
6949,,软件工程师
6950,,测试
6951,,暂无分类
6952,,暂无分类
6953,,暂无分类
6954,,暂无分类
6955,,暂无分类
6956,,软件工程师
6957,,软件工程师
6958,,测试
6959,,软件工程师
6960,,软件工程师
6961,,软件工程师
6962,,软件工程师
6963,,软件工程师
6964,,软件工程师
6965,,软件工程师
6966,,软件工程师
6967,,软件工程师
6968,,算法
6969,,软件工程师
6970,,软件工程师
6971,,软件工程师
6972,,软件工程师
6973,,移动端
6974,,软件工程师
6975,,后端
6976,,软件工程师
6977,,软件工程师
6978,,暂无分类
6979,,算法
6980,,后端
6981,,软件工程师
6982,,软件工程师
6983,,Java
6984,,Java
6985,,Java
6986,,暂无分类
6987,,Java
6988,,Java
6989,,Java
6990,,Java
6991,,算法
6992,,移动端
6993,,算法
6994,,算法
6995,,算法
6996,,算法
6997,,算法
6998,,算法
6999,,算法
7000,,暂无分类
7001,,硬件
7002,,暂无分类
7003,,暂无分类
7004,,算法
7005,,暂无分类
7006,,算法
7007,,测试
7008,,暂无分类
7009,,算法
7010,,算法
7011,,算法
7012,,算法
7013,,暂无分类
7014,,算法
7015,,暂无分类
7016,,暂无分类
7017,,暂无分类
7018,,算法
7019,,算法
7020,,暂无分类
7021,,暂无分类
7022,,暂无分类
7023,,暂无分类
7024,,算法
7025,,暂无分类
7026,,暂无分类
7027,,暂无分类
7028,,暂无分类
7029,,暂无分类
7030,,硬件
7031,,暂无分类
7032,,暂无分类
7033,,暂无分类
7034,,暂无分类
7035,,暂无分类
7036,,算法
7037,,暂无分类
7038,,算法
7039,,算法
7040,,暂无分类
7041,,暂无分类
7042,,算法
7043,,暂无分类
7044,,暂无分类
7045,,暂无分类
7046,,算法
7047,,算法
7048,,暂无分类
7049,,暂无分类
7050,,暂无分类
7051,,移动端
7052,,暂无分类
7053,,暂无分类
7054,,暂无分类
7055,,前端
7056,,算法
7057,,暂无分类
7058,,算法
7059,,暂无分类
7060,,暂无分类
7061,,暂无分类
7062,,算法
7063,,硬件
7064,,暂无分类
7065,,暂无分类
7066,,算法
7067,,算法
7068,,暂无分类
7069,,暂无分类
7070,,算法
7071,,暂无分类
7072,,算法
7073,,算法
7074,,算法
7075,,算法
7076,,算法
7077,,算法
7078,,暂无分类
7079,,暂无分类
7080,,暂无分类
7081,,测试
7082,,暂无分类
7083,,算法
7084,,暂无分类
7085,,算法
7086,,暂无分类
7087,,暂无分类
7088,,算法
7089,,算法
7090,,C++
7091,,算法
7092,,暂无分类
7093,,暂无分类
7094,,暂无分类
7095,,暂无分类
7096,,暂无分类
7097,,算法
7098,,算法
7099,,暂无分类
7100,,暂无分类
7101,,暂无分类
7102,,暂无分类
7103,,算法
7104,,算法
7105,,算法
7106,,暂无分类
7107,,暂无分类
7108,,暂无分类
7109,,算法
7110,,算法
7111,,C++
7112,,算法
7113,,算法
7114,,算法
7115,,暂无分类
7116,,算法
7117,,算法
7118,,暂无分类
7119,,暂无分类
7120,,算法
7121,,暂无分类
7122,,算法
7123,,暂无分类
7124,,暂无分类
7125,,暂无分类
7126,,暂无分类
7127,,暂无分类
7128,,暂无分类
7129,,算法
7130,,算法
7131,,C++
7132,,暂无分类
7133,,暂无分类
7134,,算法
7135,,暂无分类
7136,,算法
7137,,暂无分类
7138,,暂无分类
7139,,暂无分类
7140,,算法
7141,,算法
7142,,算法
7143,,硬件
7144,,算法
7145,,算法
7146,,算法
7147,,暂无分类
7148,,算法
7149,,C++
7150,,暂无分类
7151,,算法
7152,,算法
7153,,算法
7154,,算法
7155,,算法
7156,,算法
7157,,暂无分类
7158,,暂无分类
7159,,暂无分类
7160,,算法
7161,,暂无分类
7162,,C++
7163,,暂无分类
7164,,算法
7165,,算法
7166,,算法
7167,,算法
7168,,算法
7169,,算法
7170,,算法
7171,,暂无分类
7172,,C++
7173,,暂无分类
7174,,暂无分类
7175,,暂无分类
7176,,暂无分类
7177,,软件工程师
7178,,软件工程师
7179,,软件工程师
7180,,软件工程师
7181,,软件工程师
7182,,软件工程师
7183,,软件工程师
7184,,暂无分类
7185,,暂无分类
7186,,暂无分类
7187,,暂无分类
7188,,暂无分类
7189,,暂无分类
7190,,暂无分类
7191,,暂无分类
7192,,暂无分类
7193,,暂无分类
7194,,测试
7195,,暂无分类
7196,,硬件
7197,,暂无分类
7198,,算法
7199,,暂无分类
7200,,暂无分类
7201,,算法
7202,,算法
7203,,C++
7204,,暂无分类
7205,,暂无分类
7206,,运维/技术支持
7207,,暂无分类
7208,,算法
7209,,算法
7210,,暂无分类
7211,,暂无分类
7212,,暂无分类
7213,,暂无分类
7214,,暂无分类
7215,,暂无分类
7216,,暂无分类
7217,,暂无分类
7218,,暂无分类
7219,,暂无分类
7220,,暂无分类
7221,,暂无分类
7222,,暂无分类
7223,,暂无分类
7224,,暂无分类
7225,,算法
7226,,暂无分类
7227,,暂无分类
7228,,暂无分类
7229,,暂无分类
7230,,暂无分类
7231,,算法
7232,,暂无分类
7233,,数据
7234,,暂无分类
7235,,运维/技术支持
7236,,算法
7237,,算法
7238,,软件工程师
7239,,软件工程师
7240,,Java
7241,,暂无分类
7242,,暂无分类
7243,,暂无分类
7244,,暂无分类
7245,,暂无分类
7246,,数据
7247,,暂无分类
7248,,前端
7249,,暂无分类
7250,,暂无分类
7251,,暂无分类
7252,,暂无分类
7253,,暂无分类
7254,,暂无分类
7255,,测试
7256,,算法
7257,,暂无分类
7258,,暂无分类
7259,,暂无分类
7260,,暂无分类
7261,,暂无分类
7262,,算法
7263,,暂无分类
7264,,暂无分类
7265,,暂无分类
7266,,暂无分类
7267,,暂无分类
7268,,暂无分类
7269,,算法
7270,,暂无分类
7271,,暂无分类
7272,,暂无分类
7273,,暂无分类
7274,,暂无分类
7275,,暂无分类
7276,,暂无分类
7277,,暂无分类
7278,,暂无分类
7279,,运维/技术支持
7280,,暂无分类
7281,,暂无分类
7282,,算法
7283,,暂无分类
7284,,暂无分类
7285,,运维/技术支持
7286,,暂无分类
7287,,暂无分类
7288,,暂无分类
7289,,暂无分类
7290,,暂无分类
7291,,暂无分类
7292,,暂无分类
7293,,暂无分类
7294,,暂无分类
7295,,暂无分类
7296,,暂无分类
7297,,暂无分类
7298,,暂无分类
7299,,暂无分类
7300,,暂无分类
7301,,算法
7302,,暂无分类
7303,,暂无分类
7304,,暂无分类
7305,,暂无分类
7306,,运维/技术支持
7307,,暂无分类
7308,,暂无分类
7309,,暂无分类
7310,,暂无分类
7311,,暂无分类
7312,,暂无分类
7313,,暂无分类
7314,,暂无分类
7315,,暂无分类
7316,,暂无分类
7317,,暂无分类
7318,,暂无分类
7319,,暂无分类
7320,,暂无分类
7321,,暂无分类
7322,,暂无分类
7323,,暂无分类
7324,,暂无分类
7325,,算法
7326,,算法
7327,,暂无分类
7328,,暂无分类
7329,,暂无分类
7330,,暂无分类
7331,,暂无分类
7332,,暂无分类
7333,,暂无分类
7334,,暂无分类
7335,,暂无分类
7336,,暂无分类
7337,,暂无分类
7338,,暂无分类
7339,,暂无分类
7340,,暂无分类
7341,,暂无分类
7342,,算法
7343,,暂无分类
7344,,暂无分类
7345,,算法
7346,,暂无分类
7347,,电气
7348,,暂无分类
7349,,算法
7350,,暂无分类
7351,,暂无分类
7352,,暂无分类
7353,,暂无分类
7354,,暂无分类
7355,,暂无分类
7356,,暂无分类
7357,,算法
7358,,暂无分类
7359,,暂无分类
7360,,暂无分类
7361,,暂无分类
7362,,暂无分类
7363,,算法
7364,,暂无分类
7365,,测试
7366,,算法
7367,,暂无分类
7368,,暂无分类
7369,,暂无分类
7370,,暂无分类
7371,,暂无分类
7372,,暂无分类
7373,,暂无分类
7374,,暂无分类
7375,,暂无分类
7376,,暂无分类
7377,,暂无分类
7378,,暂无分类
7379,,算法
7380,,软件工程师
7381,,软件工程师
7382,,软件工程师
7383,,软件工程师
7384,,软件工程师
7385,,软件工程师
7386,,软件工程师
7387,,算法
7388,,软件工程师
7389,,Java
7390,,软件工程师
7391,,算法
7392,,暂无分类
7393,,暂无分类
7394,,暂无分类
7395,,暂无分类
7396,,电气
7397,,暂无分类
7398,,暂无分类
7399,,暂无分类
7400,,暂无分类
7401,,算法
7402,,算法
7403,,算法
7404,,暂无分类
7405,,暂无分类
7406,,暂无分类
7407,,算法
7408,,暂无分类
7409,,算法
7410,,暂无分类
7411,,暂无分类
7412,,暂无分类
7413,,暂无分类
7414,,暂无分类
7415,,暂无分类
7416,,暂无分类
7417,,暂无分类
7418,,暂无分类
7419,,算法
7420,,暂无分类
7421,,暂无分类
7422,,暂无分类
7423,,暂无分类
7424,,暂无分类
7425,,暂无分类
7426,,暂无分类
7427,,暂无分类
7428,,暂无分类
7429,,算法
7430,,暂无分类
7431,,暂无分类
7432,,暂无分类
7433,,暂无分类
7434,,暂无分类
7435,,暂无分类
7436,,算法
7437,,暂无分类
7438,,暂无分类
7439,,算法
7440,,暂无分类
7441,,暂无分类
7442,,数据
7443,,暂无分类
7444,,算法
7445,,暂无分类
7446,,暂无分类
7447,,暂无分类
7448,,暂无分类
7449,,暂无分类
7450,,暂无分类
7451,,暂无分类
7452,,暂无分类
7453,,暂无分类
7454,,算法
7455,,算法
7456,,暂无分类
7457,,暂无分类
7458,,暂无分类
7459,,暂无分类
7460,,算法
7461,,算法
7462,,数据
7463,,暂无分类
7464,,暂无分类
7465,,暂无分类
7466,,算法
7467,,算法
7468,,暂无分类
7469,,算法
7470,,暂无分类
7471,,算法
7472,,暂无分类
7473,,网络/系统安全
7474,,暂无分类
7475,,暂无分类
7476,,算法
7477,,暂无分类
7478,,运维/技术支持
7479,,暂无分类
7480,,暂无分类
7481,,暂无分类
7482,,暂无分类
7483,,暂无分类
7484,,暂无分类
7485,,暂无分类
7486,,暂无分类
7487,,算法
7488,,暂无分类
7489,,暂无分类
7490,,暂无分类
7491,,C++
7492,,暂无分类
7493,,暂无分类
7494,,算法
7495,,暂无分类
7496,,算法
7497,,暂无分类
7498,,算法
7499,,暂无分类
7500,,暂无分类
7501,,暂无分类
7502,,暂无分类
7503,,数据
7504,,暂无分类
7505,,算法
7506,,暂无分类
7507,,暂无分类
7508,,暂无分类
7509,,暂无分类
7510,,暂无分类
7511,,算法
7512,,暂无分类
7513,,暂无分类
7514,,暂无分类
7515,,暂无分类
7516,,暂无分类
7517,,暂无分类
7518,,暂无分类
7519,,算法
7520,,暂无分类
7521,,暂无分类
7522,,暂无分类
7523,,暂无分类
7524,,暂无分类
7525,,暂无分类
7526,,暂无分类
7527,,暂无分类
7528,,暂无分类
7529,,暂无分类
7530,,暂无分类
7531,,算法
7532,,暂无分类
7533,,算法
7534,,算法
7535,,暂无分类
7536,,暂无分类
7537,,算法
7538,,算法
7539,,暂无分类
7540,,暂无分类
7541,,暂无分类
7542,,暂无分类
7543,,暂无分类
7544,,暂无分类
7545,,暂无分类
7546,,软件工程师
7547,,暂无分类
7548,,暂无分类
7549,,暂无分类
7550,,暂无分类
7551,,暂无分类
7552,,暂无分类
7553,,暂无分类
7554,,硬件
7555,,暂无分类
7556,,暂无分类
7557,,暂无分类
7558,,暂无分类
7559,,暂无分类
7560,,暂无分类
7561,,算法
7562,,暂无分类
7563,,测试
7564,,暂无分类
7565,,暂无分类
7566,,算法
7567,,暂无分类
7568,,算法
7569,,暂无分类
7570,,算法
7571,,暂无分类
7572,,暂无分类
7573,,网络/系统安全
7574,,暂无分类
7575,,暂无分类
7576,,暂无分类
7577,,暂无分类
7578,,算法
7579,,暂无分类
7580,,暂无分类
7581,,算法
7582,,算法
7583,,硬件
7584,,算法
7585,,暂无分类
7586,,暂无分类
7587,,暂无分类
7588,,软件工程师
7589,,软件工程师
7590,,软件工程师
7591,,软件工程师
7592,,暂无分类
7593,,算法
7594,,硬件
7595,,暂无分类
7596,,暂无分类
7597,,算法
7598,,暂无分类
7599,,暂无分类
7600,,算法
7601,,算法
7602,,网络/系统安全
7603,,暂无分类
7604,,算法
7605,,暂无分类
7606,,算法
7607,,暂无分类
7608,,算法
7609,,暂无分类
7610,,软件工程师
7611,,软件工程师
7612,,软件工程师
7613,,算法
7614,,软件工程师
7615,,Java
7616,,数据
7617,,实施
7618,,硬件
7619,,暂无分类
7620,,暂无分类
7621,,暂无分类
7622,,算法
7623,,算法
7624,,暂无分类
7625,,暂无分类
7626,,暂无分类
7627,,算法
7628,,算法
7629,,算法
7630,,算法
7631,,算法
7632,,算法
7633,,硬件
7634,,暂无分类
7635,,暂无分类
7636,,暂无分类
7637,,暂无分类
7638,,算法
7639,,算法
7640,,算法
7641,,算法
7642,,算法
7643,,暂无分类
7644,,暂无分类
7645,,算法
7646,,暂无分类
7647,,算法
7648,,算法
7649,,暂无分类
7650,,算法
7651,,算法
7652,,算法
7653,,暂无分类
7654,,算法
7655,,暂无分类
7656,,暂无分类
7657,,算法
7658,,暂无分类
7659,,暂无分类
7660,,暂无分类
7661,,算法
7662,,算法
7663,,算法
7664,,算法
7665,,算法
7666,,暂无分类
7667,,暂无分类
7668,,算法
7669,,暂无分类
7670,,暂无分类
7671,,算法
7672,,硬件
7673,,算法
7674,,暂无分类
7675,,算法
7676,,暂无分类
7677,,算法
7678,,暂无分类
7679,,暂无分类
7680,,暂无分类
7681,,算法
7682,,暂无分类
7683,,算法
7684,,算法
7685,,算法
7686,,暂无分类
7687,,算法
7688,,算法
7689,,算法
7690,,暂无分类
7691,,算法
7692,,算法
7693,,算法
7694,,数据
7695,,暂无分类
7696,,暂无分类
7697,,前端
7698,,算法
7699,,算法
7700,,暂无分类
7701,,暂无分类
7702,,算法
7703,,暂无分类
7704,,算法
7705,,暂无分类
7706,,算法
7707,,算法
7708,,暂无分类
7709,,算法
7710,,算法
7711,,暂无分类
7712,,算法
7713,,算法
7714,,算法
7715,,算法
7716,,算法
7717,,算法
7718,,算法
7719,,算法
7720,,暂无分类
7721,,暂无分类
7722,,暂无分类
7723,,数据
7724,,算法
7725,,暂无分类
7726,,算法
7727,,暂无分类
7728,,数据
7729,,暂无分类
7730,,暂无分类
7731,,暂无分类
7732,,暂无分类
7733,,暂无分类
7734,,暂无分类
7735,,暂无分类
7736,,暂无分类
7737,,暂无分类
7738,,暂无分类
7739,,暂无分类
7740,,暂无分类
7741,,暂无分类
7742,,暂无分类
7743,,暂无分类
7744,,算法
7745,,算法
7746,,暂无分类
7747,,暂无分类
7748,,暂无分类
7749,,暂无分类
7750,,算法
7751,,暂无分类
7752,,暂无分类
7753,,暂无分类
7754,,暂无分类
7755,,暂无分类
7756,,暂无分类
7757,,算法
7758,,暂无分类
7759,,暂无分类
7760,,算法
7761,,算法
7762,,暂无分类
7763,,暂无分类
7764,,暂无分类
7765,,数据
7766,,暂无分类
7767,,暂无分类
7768,,暂无分类
7769,,暂无分类
7770,,暂无分类
7771,,算法
7772,,算法
7773,,暂无分类
7774,,暂无分类
7775,,算法
7776,,暂无分类
7777,,暂无分类
7778,,暂无分类
7779,,暂无分类
7780,,暂无分类
7781,,暂无分类
7782,,暂无分类
7783,,暂无分类
7784,,运维/技术支持
7785,,暂无分类
7786,,暂无分类
7787,,算法
7788,,暂无分类
7789,,暂无分类
7790,,暂无分类
7791,,算法
7792,,暂无分类
7793,,暂无分类
7794,,暂无分类
7795,,算法
7796,,暂无分类
7797,,暂无分类
7798,,C++
7799,,暂无分类
7800,,算法
7801,,暂无分类
7802,,暂无分类
7803,,暂无分类
7804,,教师
7805,,数据
7806,,算法
7807,,暂无分类
7808,,暂无分类
7809,,暂无分类
7810,,暂无分类
7811,,算法
7812,,软件工程师
7813,,软件工程师
7814,,软件工程师
7815,,暂无分类
7816,,算法
7817,,暂无分类
7818,,算法
7819,,算法
7820,,算法
7821,,软件工程师
7822,,暂无分类
7823,,算法
7824,,算法
7825,,算法
7826,,算法
7827,,暂无分类
7828,,算法
7829,,算法
7830,,算法
7831,,算法
7832,,暂无分类
7833,,算法
7834,,暂无分类
7835,,暂无分类
7836,,暂无分类
7837,,算法
7838,,硬件
7839,,暂无分类
7840,,算法
7841,,暂无分类
7842,,算法
7843,,暂无分类
7844,,暂无分类
7845,,暂无分类
7846,,暂无分类
7847,,数据
7848,,暂无分类
7849,,暂无分类
7850,,暂无分类
7851,,算法
7852,,暂无分类
7853,,暂无分类
7854,,暂无分类
7855,,暂无分类
7856,,暂无分类
7857,,暂无分类
7858,,暂无分类
7859,,暂无分类
7860,,暂无分类
7861,,暂无分类
7862,,运维/技术支持
7863,,运维/技术支持
7864,,运维/技术支持
7865,,运维/技术支持
7866,,运维/技术支持
7867,,运维/技术支持
7868,,运维/技术支持
7869,,运维/技术支持
7870,,运维/技术支持
7871,,运维/技术支持
7872,,运维/技术支持
7873,,运维/技术支持
7874,,运维/技术支持
7875,,运维/技术支持
7876,,运维/技术支持
7877,,运维/技术支持
7878,,运维/技术支持
7879,,运维/技术支持
7880,,运维/技术支持
7881,,运维/技术支持
7882,,运维/技术支持
7883,,运维/技术支持
7884,,运维/技术支持
7885,,运维/技术支持
7886,,运维/技术支持
7887,,运维/技术支持
7888,,运维/技术支持
7889,,运维/技术支持
7890,,运维/技术支持
7891,,运维/技术支持
7892,,运维/技术支持
7893,,运维/技术支持
7894,,运维/技术支持
7895,,运维/技术支持
7896,,运维/技术支持
7897,,运维/技术支持
7898,,运维/技术支持
7899,,运维/技术支持
7900,,运维/技术支持
7901,,运维/技术支持
7902,,运维/技术支持
7903,,运维/技术支持
7904,,运维/技术支持
7905,,运维/技术支持
7906,,运维/技术支持
7907,,运维/技术支持
7908,,运维/技术支持
7909,,运维/技术支持
7910,,运维/技术支持
7911,,运维/技术支持
7912,,运维/技术支持
7913,,运维/技术支持
7914,,运维/技术支持
7915,,运维/技术支持
7916,,运维/技术支持
7917,,运维/技术支持
7918,,运维/技术支持
7919,,运维/技术支持
7920,,运维/技术支持
7921,,运维/技术支持
7922,,运维/技术支持
7923,,运维/技术支持
7924,,运维/技术支持
7925,,运维/技术支持
7926,,运维/技术支持
7927,,运维/技术支持
7928,,运维/技术支持
7929,,运维/技术支持
7930,,运维/技术支持
7931,,运维/技术支持
7932,,运维/技术支持
7933,,运维/技术支持
7934,,运维/技术支持
7935,,运维/技术支持
7936,,运维/技术支持
7937,,运维/技术支持
7938,,运维/技术支持
7939,,运维/技术支持
7940,,运维/技术支持
7941,,运维/技术支持
7942,,运维/技术支持
7943,,运维/技术支持
7944,,运维/技术支持
7945,,运维/技术支持
7946,,运维/技术支持
7947,,运维/技术支持
7948,,运维/技术支持
7949,,运维/技术支持
7950,,运维/技术支持
7951,,运维/技术支持
7952,,暂无分类
7953,,暂无分类
7954,,暂无分类
7955,,暂无分类
7956,,网络/系统安全
7957,,暂无分类
7958,,暂无分类
7959,,硬件
7960,,暂无分类
7961,,网络/系统安全
7962,,运维/技术支持
7963,,暂无分类
7964,,暂无分类
7965,,暂无分类
7966,,暂无分类
7967,,网络/系统安全
7968,,运维/技术支持
7969,,暂无分类
7970,,软件工程师
7971,,测试
7972,,运维/技术支持
7973,,暂无分类
7974,,网络/系统安全
7975,,暂无分类
7976,,暂无分类
7977,,暂无分类
7978,,暂无分类
7979,,暂无分类
7980,,网络/系统安全
7981,,暂无分类
7982,,暂无分类
7983,,暂无分类
7984,,实施
7985,,运维/技术支持
7986,,运维/技术支持
7987,,暂无分类
7988,,硬件
7989,,暂无分类
7990,,网络/系统安全
7991,,暂无分类
7992,,暂无分类
7993,,网络/系统安全
7994,,暂无分类
7995,,网络/系统安全
7996,,暂无分类
7997,,前端
7998,,暂无分类
7999,,暂无分类
8000,,运维/技术支持
8001,,暂无分类
8002,,暂无分类
8003,,实施
8004,,暂无分类
8005,,运维/技术支持
8006,,运维/技术支持
8007,,网络/系统安全
8008,,暂无分类
8009,,暂无分类
8010,,暂无分类
8011,,暂无分类
8012,,前端
8013,,运维/技术支持
8014,,运维/技术支持
8015,,暂无分类
8016,,暂无分类
8017,,暂无分类
8018,,暂无分类
8019,,网络/系统安全
8020,,运维/技术支持
8021,,暂无分类
8022,,软件工程师
8023,,暂无分类
8024,,暂无分类
8025,,电气
8026,,暂无分类
8027,,暂无分类
8028,,运维/技术支持
8029,,暂无分类
8030,,暂无分类
8031,,运维/技术支持
8032,,暂无分类
8033,,网络/系统安全
8034,,暂无分类
8035,,网络/系统安全
8036,,网络/系统安全
8037,,运维/技术支持
8038,,暂无分类
8039,,暂无分类
8040,,运维/技术支持
8041,,暂无分类
8042,,暂无分类
8043,,暂无分类
8044,,暂无分类
8045,,电气
8046,,测试
8047,,暂无分类
8048,,暂无分类
8049,,暂无分类
8050,,暂无分类
8051,,暂无分类
8052,,暂无分类
8053,,暂无分类
8054,,暂无分类
8055,,暂无分类
8056,,暂无分类
8057,,运维/技术支持
8058,,运维/技术支持
8059,,运维/技术支持
8060,,暂无分类
8061,,暂无分类
8062,,暂无分类
8063,,暂无分类
8064,,软件工程师
8065,,软件工程师
8066,,暂无分类
8067,,运维/技术支持
8068,,运维/技术支持
8069,,测试
8070,,前端
8071,,暂无分类
8072,,暂无分类
8073,,数据
8074,,暂无分类
8075,,暂无分类
8076,,运维/技术支持
8077,,暂无分类
8078,,暂无分类
8079,,运维/技术支持
8080,,测试
8081,,暂无分类
8082,,运维/技术支持
8083,,暂无分类
8084,,暂无分类
8085,,暂无分类
8086,,实施
8087,,暂无分类
8088,,暂无分类
8089,,暂无分类
8090,,暂无分类
8091,,暂无分类
8092,,运维/技术支持
8093,,暂无分类
8094,,暂无分类
8095,,暂无分类
8096,,实施
8097,,暂无分类
8098,,暂无分类
8099,,暂无分类
8100,,暂无分类
8101,,暂无分类
8102,,暂无分类
8103,,暂无分类
8104,,暂无分类
8105,,暂无分类
8106,,暂无分类
8107,,暂无分类
8108,,暂无分类
8109,,电气
8110,,暂无分类
8111,,暂无分类
8112,,暂无分类
8113,,暂无分类
8114,,网络/系统安全
8115,,暂无分类
8116,,暂无分类
8117,,暂无分类
8118,,暂无分类
8119,,暂无分类
8120,,暂无分类
8121,,实施
8122,,数据
8123,,暂无分类
8124,,暂无分类
8125,,Java
8126,,运维/技术支持
8127,,暂无分类
8128,,暂无分类
8129,,暂无分类
8130,,暂无分类
8131,,暂无分类
8132,,暂无分类
8133,,暂无分类
8134,,暂无分类
8135,,暂无分类
8136,,暂无分类
8137,,运维/技术支持
8138,,暂无分类
8139,,暂无分类
8140,,暂无分类
8141,,暂无分类
8142,,暂无分类
8143,,运维/技术支持
8144,,暂无分类
8145,,暂无分类
8146,,暂无分类
8147,,电气
8148,,暂无分类
8149,,电气
8150,,暂无分类
8151,,暂无分类
8152,,暂无分类
8153,,运维/技术支持
8154,,运维/技术支持
8155,,软件工程师
8156,,暂无分类
8157,,暂无分类
8158,,暂无分类
8159,,暂无分类
8160,,暂无分类
8161,,暂无分类
8162,,暂无分类
8163,,网络/系统安全
8164,,硬件
8165,,暂无分类
8166,,暂无分类
8167,,暂无分类
8168,,暂无分类
8169,,暂无分类
8170,,暂无分类
8171,,暂无分类
8172,,暂无分类
8173,,暂无分类
8174,,电气
8175,,暂无分类
8176,,暂无分类
8177,,暂无分类
8178,,暂无分类
8179,,暂无分类
8180,,软件工程师
8181,,暂无分类
8182,,电气
8183,,暂无分类
8184,,测试
8185,,暂无分类
8186,,暂无分类
8187,,暂无分类
8188,,实施
8189,,暂无分类
8190,,运维/技术支持
8191,,暂无分类
8192,,前端
8193,,暂无分类
8194,,Java
8195,,暂无分类
8196,,Java
8197,,暂无分类
8198,,运维/技术支持
8199,,暂无分类
8200,,前端
8201,,暂无分类
8202,,硬件
8203,,运维/技术支持
8204,,暂无分类
8205,,暂无分类
8206,,暂无分类
8207,,电气
8208,,暂无分类
8209,,暂无分类
8210,,暂无分类
8211,,测试
8212,,暂无分类
8213,,暂无分类
8214,,网络/系统安全
8215,,硬件
8216,,暂无分类
8217,,暂无分类
8218,,暂无分类
8219,,软件工程师
8220,,暂无分类
8221,,实施
8222,,暂无分类
8223,,暂无分类
8224,,移动端
8225,,暂无分类
8226,,暂无分类
8227,,移动端
8228,,移动端
8229,,暂无分类
8230,,暂无分类
8231,,暂无分类
8232,,暂无分类
8233,,暂无分类
8234,,暂无分类
8235,,暂无分类
8236,,数据
8237,,暂无分类
8238,,暂无分类
8239,,移动端
8240,,网络/系统安全
8241,,网络/系统安全
8242,,移动端
8243,,暂无分类
8244,,测试
8245,,暂无分类
8246,,暂无分类
8247,,暂无分类
8248,,暂无分类
8249,,实施
8250,,暂无分类
8251,,暂无分类
8252,,暂无分类
8253,,暂无分类
8254,,网络/系统安全
8255,,暂无分类
8256,,网络/系统安全
8257,,暂无分类
8258,,暂无分类
8259,,测试
8260,,暂无分类
8261,,暂无分类
8262,,暂无分类
8263,,暂无分类
8264,,暂无分类
8265,,暂无分类
8266,,暂无分类
8267,,暂无分类
8268,,运维/技术支持
8269,,暂无分类
8270,,软件工程师
8271,,暂无分类
8272,,暂无分类
8273,,暂无分类
8274,,运维/技术支持
8275,,暂无分类
8276,,暂无分类
8277,,暂无分类
8278,,暂无分类
8279,,暂无分类
8280,,暂无分类
8281,,暂无分类
8282,,暂无分类
8283,,暂无分类
8284,,暂无分类
8285,,暂无分类
8286,,暂无分类
8287,,暂无分类
8288,,暂无分类
8289,,暂无分类
8290,,网络/系统安全
8291,,暂无分类
8292,,暂无分类
8293,,暂无分类
8294,,暂无分类
8295,,暂无分类
8296,,硬件
8297,,暂无分类
8298,,运维/技术支持
8299,,暂无分类
8300,,实施
8301,,暂无分类
8302,,硬件
8303,,暂无分类
8304,,暂无分类
8305,,暂无分类
8306,,暂无分类
8307,,运维/技术支持
8308,,网络/系统安全
8309,,运维/技术支持
8310,,暂无分类
8311,,暂无分类
8312,,暂无分类
8313,,网络/系统安全
8314,,网络/系统安全
8315,,测试
8316,,网络/系统安全
8317,,网络/系统安全
8318,,暂无分类
8319,,网络/系统安全
8320,,网络/系统安全
8321,,网络/系统安全
8322,,网络/系统安全
8323,,网络/系统安全
8324,,网络/系统安全
8325,,运维/技术支持
8326,,暂无分类
8327,,暂无分类
8328,,网络/系统安全
8329,,网络/系统安全
8330,,网络/系统安全
8331,,网络/系统安全
8332,,运维/技术支持
8333,,暂无分类
8334,,暂无分类
8335,,数据
8336,,运维/技术支持
8337,,暂无分类
8338,,暂无分类
8339,,暂无分类
8340,,运维/技术支持
8341,,网络/系统安全
8342,,网络/系统安全
8343,,暂无分类
8344,,暂无分类
8345,,运维/技术支持
8346,,网络/系统安全
8347,,网络/系统安全
8348,,暂无分类
8349,,暂无分类
8350,,网络/系统安全
8351,,硬件
8352,,暂无分类
8353,,暂无分类
8354,,网络/系统安全
8355,,测试
8356,,暂无分类
8357,,测试
8358,,网络/系统安全
8359,,实施
8360,,暂无分类
8361,,暂无分类
8362,,暂无分类
8363,,网络/系统安全
8364,,运维/技术支持
8365,,网络/系统安全
8366,,运维/技术支持
8367,,网络/系统安全
8368,,暂无分类
8369,,网络/系统安全
8370,,网络/系统安全
8371,,暂无分类
8372,,运维/技术支持
8373,,暂无分类
8374,,暂无分类
8375,,暂无分类
8376,,运维/技术支持
8377,,运维/技术支持
8378,,暂无分类
8379,,运维/技术支持
8380,,硬件
8381,,运维/技术支持
8382,,暂无分类
8383,,暂无分类
8384,,硬件
8385,,暂无分类
8386,,暂无分类
8387,,暂无分类
8388,,网络/系统安全
8389,,暂无分类
8390,,运维/技术支持
8391,,暂无分类
8392,,软件工程师
8393,,暂无分类
8394,,暂无分类
8395,,暂无分类
8396,,运维/技术支持
8397,,运维/技术支持
8398,,运维/技术支持
8399,,暂无分类
8400,,暂无分类
8401,,运维/技术支持
8402,,软件工程师
8403,,电气
8404,,暂无分类
8405,,实施
8406,,实施
8407,,运维/技术支持
8408,,电气
8409,,运维/技术支持
8410,,暂无分类
8411,,实施
8412,,运维/技术支持
8413,,硬件
8414,,运维/技术支持
8415,,运维/技术支持
8416,,暂无分类
8417,,电气
8418,,运维/技术支持
8419,,硬件
8420,,暂无分类
8421,,网络/系统安全
8422,,暂无分类
8423,,实施
8424,,暂无分类
8425,,实施
8426,,运维/技术支持
8427,,暂无分类
8428,,暂无分类
8429,,实施
8430,,电气
8431,,暂无分类
8432,,暂无分类
8433,,测试
8434,,硬件
8435,,运维/技术支持
8436,,运维/技术支持
8437,,暂无分类
8438,,电气
8439,,暂无分类
8440,,暂无分类
8441,,运维/技术支持
8442,,暂无分类
8443,,暂无分类
8444,,暂无分类
8445,,暂无分类
8446,,运维/技术支持
8447,,测试
8448,,暂无分类
8449,,暂无分类
8450,,运维/技术支持
8451,,实施
8452,,暂无分类
8453,,软件工程师
8454,,暂无分类
8455,,暂无分类
8456,,暂无分类
8457,,暂无分类
8458,,暂无分类
8459,,暂无分类
8460,,运维/技术支持
8461,,运维/技术支持
8462,,暂无分类
8463,,运维/技术支持
8464,,暂无分类
8465,,暂无分类
8466,,暂无分类
8467,,暂无分类
8468,,实施
8469,,暂无分类
8470,,暂无分类
8471,,暂无分类
8472,,软件工程师
8473,,网络/系统安全
8474,,销售
8475,,运维/技术支持
8476,,暂无分类
8477,,运维/技术支持
8478,,暂无分类
8479,,暂无分类
8480,,网络/系统安全
8481,,测试
8482,,暂无分类
8483,,运维/技术支持
8484,,暂无分类
8485,,电气
8486,,暂无分类
8487,,暂无分类
8488,,暂无分类
8489,,实施
8490,,暂无分类
8491,,暂无分类
8492,,暂无分类
8493,,暂无分类
8494,,运维/技术支持
8495,,暂无分类
8496,,运维/技术支持
8497,,硬件
8498,,暂无分类
8499,,网络/系统安全
8500,,运维/技术支持
8501,,暂无分类
8502,,暂无分类
8503,,网络/系统安全
8504,,暂无分类
8505,,网络/系统安全
8506,,运维/技术支持
8507,,暂无分类
8508,,暂无分类
8509,,运维/技术支持
8510,,实施
8511,,运维/技术支持
8512,,暂无分类
8513,,暂无分类
8514,,网络/系统安全
8515,,运维/技术支持
8516,,暂无分类
8517,,网络/系统安全
8518,,运维/技术支持
8519,,暂无分类
8520,,暂无分类
8521,,网络/系统安全
8522,,暂无分类
8523,,实施
8524,,暂无分类
8525,,运维/技术支持
8526,,暂无分类
8527,,暂无分类
8528,,运维/技术支持
8529,,暂无分类
8530,,硬件
8531,,暂无分类
8532,,网络/系统安全
8533,,暂无分类
8534,,暂无分类
8535,,数据
8536,,实施
8537,,暂无分类
8538,,硬件
8539,,暂无分类
8540,,暂无分类
8541,,网络/系统安全
8542,,运维/技术支持
8543,,运维/技术支持
8544,,暂无分类
8545,,暂无分类
8546,,网络/系统安全
8547,,暂无分类
8548,,电气
8549,,暂无分类
8550,,运维/技术支持
8551,,暂无分类
8552,,运维/技术支持
8553,,运维/技术支持
8554,,暂无分类
8555,,暂无分类
8556,,网络/系统安全
8557,,暂无分类
8558,,测试
8559,,硬件
8560,,运维/技术支持
8561,,暂无分类
8562,,电气
8563,,网络/系统安全
8564,,软件工程师
8565,,运维/技术支持
8566,,暂无分类
8567,,暂无分类
8568,,暂无分类
8569,,软件工程师
8570,,暂无分类
8571,,暂无分类
8572,,运维/技术支持
8573,,暂无分类
8574,,暂无分类
8575,,暂无分类
8576,,电气
8577,,运维/技术支持
8578,,暂无分类
8579,,暂无分类
8580,,硬件
8581,,网络/系统安全
8582,,暂无分类
8583,,暂无分类
8584,,运维/技术支持
8585,,暂无分类
8586,,运维/技术支持
8587,,暂无分类
8588,,暂无分类
8589,,暂无分类
8590,,暂无分类
8591,,前端
8592,,暂无分类
8593,,数据
8594,,网络/系统安全
8595,,暂无分类
8596,,软件工程师
8597,,网络/系统安全
8598,,网络/系统安全
8599,,暂无分类
8600,,硬件
8601,,暂无分类
8602,,运维/技术支持
8603,,暂无分类
8604,,暂无分类
8605,,暂无分类
8606,,暂无分类
8607,,暂无分类
8608,,暂无分类
8609,,运维/技术支持
8610,,运维/技术支持
8611,,暂无分类
8612,,暂无分类
8613,,网络/系统安全
8614,,暂无分类
8615,,暂无分类
8616,,销售
8617,,暂无分类
8618,,暂无分类
8619,,暂无分类
8620,,运维/技术支持
8621,,运维/技术支持
8622,,暂无分类
8623,,Java
8624,,暂无分类
8625,,暂无分类
8626,,硬件
8627,,暂无分类
8628,,暂无分类
8629,,硬件
8630,,暂无分类
8631,,暂无分类
8632,,暂无分类
8633,,运维/技术支持
8634,,暂无分类
8635,,网络/系统安全
8636,,暂无分类
8637,,暂无分类
8638,,网络/系统安全
8639,,硬件
8640,,硬件
8641,,暂无分类
8642,,网络/系统安全
8643,,硬件
8644,,网络/系统安全
8645,,销售
8646,,暂无分类
8647,,暂无分类
8648,,暂无分类
8649,,暂无分类
8650,,暂无分类
8651,,暂无分类
8652,,暂无分类
8653,,暂无分类
8654,,暂无分类
8655,,硬件
8656,,电气
8657,,运维/技术支持
8658,,电气
8659,,暂无分类
8660,,暂无分类
8661,,电气
8662,,暂无分类
8663,,电气
8664,,暂无分类
8665,,暂无分类
8666,,暂无分类
8667,,暂无分类
8668,,暂无分类
8669,,运维/技术支持
8670,,暂无分类
8671,,测试
8672,,运维/技术支持
8673,,暂无分类
8674,,硬件
8675,,运维/技术支持
8676,,暂无分类
8677,,暂无分类
8678,,暂无分类
8679,,硬件
8680,,暂无分类
8681,,运维/技术支持
8682,,暂无分类
8683,,运维/技术支持
8684,,网络/系统安全
8685,,网络/系统安全
8686,,C++
8687,,暂无分类
8688,,网络/系统安全
8689,,暂无分类
8690,,暂无分类
8691,,销售
8692,,暂无分类
8693,,暂无分类
8694,,网络/系统安全
8695,,暂无分类
8696,,暂无分类
8697,,暂无分类
8698,,测试
8699,,网络/系统安全
8700,,暂无分类
8701,,网络/系统安全
8702,,暂无分类
8703,,硬件
8704,,硬件
8705,,运维/技术支持
8706,,暂无分类
8707,,数据
8708,,硬件
8709,,运维/技术支持
8710,,暂无分类
8711,,硬件
8712,,软件工程师
8713,,网络/系统安全
8714,,硬件
8715,,暂无分类
8716,,暂无分类
8717,,暂无分类
8718,,暂无分类
8719,,暂无分类
8720,,暂无分类
8721,,暂无分类
8722,,数据
8723,,暂无分类
8724,,实施
8725,,暂无分类
8726,,软件工程师
8727,,硬件
8728,,电气
8729,,运维/技术支持
8730,,暂无分类
8731,,暂无分类
8732,,销售
8733,,暂无分类
8734,,暂无分类
8735,,暂无分类
8736,,暂无分类
8737,,暂无分类
8738,,测试
8739,,运维/技术支持
8740,,硬件
8741,,运维/技术支持
8742,,暂无分类
8743,,硬件
8744,,测试
8745,,网络/系统安全
8746,,硬件
8747,,硬件
8748,,运维/技术支持
8749,,暂无分类
8750,,软件工程师
8751,,暂无分类
8752,,暂无分类
8753,,暂无分类
8754,,测试
8755,,暂无分类
8756,,暂无分类
8757,,暂无分类
8758,,运维/技术支持
8759,,C++
8760,,销售
8761,,软件工程师
